total_pnl,return_pct,max_drawdown_pct,total_trades,win_rate,profit_factor,final_balance,avg_trade_pnl,param_fibo_primary,param_fibo_secondary,param_sl_atr_multiplier,param_order_ttl_seconds,symbol
2.695376523500001,0.11046467511498577,0.41494607006410006,7,57.14285714285714,1.3243573892392941,2002.2092935022997,0.38505378907142873,0.786,0.382,1.5,300,BTCUSDT
2.695376523500001,0.11046467511498577,0.41494607006410006,7,57.14285714285714,1.3243573892392941,2002.2092935022997,0.38505378907142873,0.786,0.382,1.5,600,BTCUSDT
2.695376523500001,0.11046467511498577,0.41494607006410006,7,57.14285714285714,1.3243573892392941,2002.2092935022997,0.38505378907142873,0.786,0.5,1.5,300,BTCUSDT
2.695376523500001,0.11046467511498577,0.41494607006410006,7,57.14285714285714,1.3243573892392941,2002.2092935022997,0.38505378907142873,0.786,0.5,1.5,600,BTCUSDT
2.695376523500001,0.11046467511498577,0.41494607006410006,7,57.14285714285714,1.3243573892392941,2002.2092935022997,0.38505378907142873,0.786,0.618,1.5,300,BTCUSDT
2.695376523500001,0.11046467511498577,0.41494607006410006,7,57.14285714285714,1.3243573892392941,2002.2092935022997,0.38505378907142873,0.786,0.618,1.5,600,BTCUSDT
2.609833191000014,0.11083143159000884,0.3248696088649506,7,57.14285714285714,1.4012385420409388,2002.2166286318002,0.372833313000002,0.786,0.382,2.0,300,BTCUSDT
2.609833191000014,0.11083143159000884,0.3248696088649506,7,57.14285714285714,1.4012385420409388,2002.2166286318002,0.372833313000002,0.786,0.382,2.0,600,BTCUSDT
2.609833191000014,0.11083143159000884,0.3248696088649506,7,57.14285714285714,1.4012385420409388,2002.2166286318002,0.372833313000002,0.786,0.5,2.0,300,BTCUSDT
2.609833191000014,0.11083143159000884,0.3248696088649506,7,57.14285714285714,1.4012385420409388,2002.2166286318002,0.372833313000002,0.786,0.5,2.0,600,BTCUSDT
2.609833191000014,0.11083143159000884,0.3248696088649506,7,57.14285714285714,1.4012385420409388,2002.2166286318002,0.372833313000002,0.786,0.618,2.0,300,BTCUSDT
2.609833191000014,0.11083143159000884,0.3248696088649506,7,57.14285714285714,1.4012385420409388,2002.2166286318002,0.372833313000002,0.786,0.618,2.0,600,BTCUSDT
2.2233252510000208,0.09470252719000882,0.27137159566463576,7,57.14285714285714,1.4092711721657711,2001.8940505438002,0.317617893000003,0.786,0.382,2.5,300,BTCUSDT
2.2233252510000208,0.09470252719000882,0.27137159566463576,7,57.14285714285714,1.4092711721657711,2001.8940505438002,0.317617893000003,0.786,0.382,2.5,600,BTCUSDT
2.2233252510000208,0.09470252719000882,0.27137159566463576,7,57.14285714285714,1.4092711721657711,2001.8940505438002,0.317617893000003,0.786,0.5,2.5,300,BTCUSDT
2.2233252510000208,0.09470252719000882,0.27137159566463576,7,57.14285714285714,1.4092711721657711,2001.8940505438002,0.317617893000003,0.786,0.5,2.5,600,BTCUSDT
2.2233252510000208,0.09470252719000882,0.27137159566463576,7,57.14285714285714,1.4092711721657711,2001.8940505438002,0.317617893000003,0.786,0.618,2.5,300,BTCUSDT
2.2233252510000208,0.09470252719000882,0.27137159566463576,7,57.14285714285714,1.4092711721657711,2001.8940505438002,0.317617893000003,0.786,0.618,2.5,600,BTCUSDT
2.202896742000007,0.09143077877999986,0.3249356512781526,7,57.14285714285714,1.338675697770606,2001.8286155756,0.3146995345714296,0.5,0.382,2.0,300,BTCUSDT
2.202896742000007,0.09143077877999986,0.3249356512781526,7,57.14285714285714,1.338675697770606,2001.8286155756,0.3146995345714296,0.5,0.382,2.0,600,BTCUSDT
2.202896742000007,0.09143077877999986,0.3249356512781526,7,57.14285714285714,1.338675697770606,2001.8286155756,0.3146995345714296,0.5,0.5,2.0,300,BTCUSDT
2.202896742000007,0.09143077877999986,0.3249356512781526,7,57.14285714285714,1.338675697770606,2001.8286155756,0.3146995345714296,0.5,0.5,2.0,600,BTCUSDT
2.202896742000007,0.09143077877999986,0.3249356512781526,7,57.14285714285714,1.338675697770606,2001.8286155756,0.3146995345714296,0.5,0.618,2.0,300,BTCUSDT
2.202896742000007,0.09143077877999986,0.3249356512781526,7,57.14285714285714,1.338675697770606,2001.8286155756,0.3146995345714296,0.5,0.618,2.0,600,BTCUSDT
2.202896742000007,0.09143077877999986,0.3249356512781526,7,57.14285714285714,1.338675697770606,2001.8286155756,0.3146995345714296,0.618,0.382,2.0,300,BTCUSDT
2.202896742000007,0.09143077877999986,0.3249356512781526,7,57.14285714285714,1.338675697770606,2001.8286155756,0.3146995345714296,0.618,0.382,2.0,600,BTCUSDT
2.202896742000007,0.09143077877999986,0.3249356512781526,7,57.14285714285714,1.338675697770606,2001.8286155756,0.3146995345714296,0.618,0.5,2.0,300,BTCUSDT
2.202896742000007,0.09143077877999986,0.3249356512781526,7,57.14285714285714,1.338675697770606,2001.8286155756,0.3146995345714296,0.618,0.5,2.0,600,BTCUSDT
2.202896742000007,0.09143077877999986,0.3249356512781526,7,57.14285714285714,1.338675697770606,2001.8286155756,0.3146995345714296,0.618,0.618,2.0,300,BTCUSDT
2.202896742000007,0.09143077877999986,0.3249356512781526,7,57.14285714285714,1.338675697770606,2001.8286155756,0.3146995345714296,0.618,0.618,2.0,600,BTCUSDT
2.152794591499992,0.08459713803498516,0.4150585229678902,7,57.14285714285714,1.259063929354362,2001.6919427606997,0.30754208449999887,0.5,0.382,1.5,300,BTCUSDT
2.152794591499992,0.08459713803498516,0.4150585229678902,7,57.14285714285714,1.259063929354362,2001.6919427606997,0.30754208449999887,0.5,0.382,1.5,600,BTCUSDT
2.152794591499992,0.08459713803498516,0.4150585229678902,7,57.14285714285714,1.259063929354362,2001.6919427606997,0.30754208449999887,0.5,0.5,1.5,300,BTCUSDT
2.152794591499992,0.08459713803498516,0.4150585229678902,7,57.14285714285714,1.259063929354362,2001.6919427606997,0.30754208449999887,0.5,0.5,1.5,600,BTCUSDT
2.152794591499992,0.08459713803498516,0.4150585229678902,7,57.14285714285714,1.259063929354362,2001.6919427606997,0.30754208449999887,0.5,0.618,1.5,300,BTCUSDT
2.152794591499992,0.08459713803498516,0.4150585229678902,7,57.14285714285714,1.259063929354362,2001.6919427606997,0.30754208449999887,0.5,0.618,1.5,600,BTCUSDT
2.152794591499992,0.08459713803498516,0.4150585229678902,7,57.14285714285714,1.259063929354362,2001.6919427606997,0.30754208449999887,0.618,0.382,1.5,300,BTCUSDT
2.152794591499992,0.08459713803498516,0.4150585229678902,7,57.14285714285714,1.259063929354362,2001.6919427606997,0.30754208449999887,0.618,0.382,1.5,600,BTCUSDT
2.152794591499992,0.08459713803498516,0.4150585229678902,7,57.14285714285714,1.259063929354362,2001.6919427606997,0.30754208449999887,0.618,0.5,1.5,300,BTCUSDT
2.152794591499992,0.08459713803498516,0.4150585229678902,7,57.14285714285714,1.259063929354362,2001.6919427606997,0.30754208449999887,0.618,0.5,1.5,600,BTCUSDT
2.152794591499992,0.08459713803498516,0.4150585229678902,7,57.14285714285714,1.259063929354362,2001.6919427606997,0.30754208449999887,0.618,0.618,1.5,300,BTCUSDT
2.152794591499992,0.08459713803498516,0.4150585229678902,7,57.14285714285714,1.259063929354362,2001.6919427606997,0.30754208449999887,0.618,0.618,1.5,600,BTCUSDT
1.9520342850000165,0.0817687586500142,0.27140837730753575,7,57.14285714285714,1.3593317529994273,2001.6353751730003,0.27886204071428805,0.5,0.382,2.5,300,BTCUSDT
1.9520342850000165,0.0817687586500142,0.27140837730753575,7,57.14285714285714,1.3593317529994273,2001.6353751730003,0.27886204071428805,0.5,0.382,2.5,600,BTCUSDT
1.9520342850000165,0.0817687586500142,0.27140837730753575,7,57.14285714285714,1.3593317529994273,2001.6353751730003,0.27886204071428805,0.5,0.5,2.5,300,BTCUSDT
1.9520342850000165,0.0817687586500142,0.27140837730753575,7,57.14285714285714,1.3593317529994273,2001.6353751730003,0.27886204071428805,0.5,0.5,2.5,600,BTCUSDT
1.9520342850000165,0.0817687586500142,0.27140837730753575,7,57.14285714285714,1.3593317529994273,2001.6353751730003,0.27886204071428805,0.5,0.618,2.5,300,BTCUSDT
1.9520342850000165,0.0817687586500142,0.27140837730753575,7,57.14285714285714,1.3593317529994273,2001.6353751730003,0.27886204071428805,0.5,0.618,2.5,600,BTCUSDT
1.9520342850000165,0.0817687586500142,0.27140837730753575,7,57.14285714285714,1.3593317529994273,2001.6353751730003,0.27886204071428805,0.618,0.382,2.5,300,BTCUSDT
1.9520342850000165,0.0817687586500142,0.27140837730753575,7,57.14285714285714,1.3593317529994273,2001.6353751730003,0.27886204071428805,0.618,0.382,2.5,600,BTCUSDT
1.9520342850000165,0.0817687586500142,0.27140837730753575,7,57.14285714285714,1.3593317529994273,2001.6353751730003,0.27886204071428805,0.618,0.5,2.5,300,BTCUSDT
1.9520342850000165,0.0817687586500142,0.27140837730753575,7,57.14285714285714,1.3593317529994273,2001.6353751730003,0.27886204071428805,0.618,0.5,2.5,600,BTCUSDT
1.9520342850000165,0.0817687586500142,0.27140837730753575,7,57.14285714285714,1.3593317529994273,2001.6353751730003,0.27886204071428805,0.618,0.618,2.5,300,BTCUSDT
1.9520342850000165,0.0817687586500142,0.27140837730753575,7,57.14285714285714,1.3593317529994273,2001.6353751730003,0.27886204071428805,0.618,0.618,2.5,600,BTCUSDT
0.2553096930004053,-0.012882795429959517,0.7716667907767811,10,50.0,1.0165276092313438,1999.7423440914008,0.025530969300040528,0.786,0.382,2.5,900,BTCUSDT
0.2553096930004053,-0.012882795429959517,0.7716667907767811,10,50.0,1.0165276092313438,1999.7423440914008,0.025530969300040528,0.786,0.5,2.5,900,BTCUSDT
0.2553096930004053,-0.012882795429959517,0.7716667907767811,10,50.0,1.0165276092313438,1999.7423440914008,0.025530969300040528,0.786,0.618,2.5,900,BTCUSDT
0.11499440550046836,-0.025160386704965277,0.9317759445156526,10,50.0,1.006164022245453,1999.4967922659007,0.011499440550046836,0.786,0.382,2.0,900,BTCUSDT
0.11499440550046836,-0.025160386704965277,0.9317759445156526,10,50.0,1.006164022245453,1999.4967922659007,0.011499440550046836,0.786,0.5,2.0,900,BTCUSDT
0.11499440550046836,-0.025160386704965277,0.9317759445156526,10,50.0,1.006164022245453,1999.4967922659007,0.011499440550046836,0.786,0.618,2.0,900,BTCUSDT
-0.015981272999599172,-0.02581656396995413,0.771771382313956,10,50.0,0.9989654437634048,1999.483668720601,-0.0015981272999599171,0.5,0.382,2.5,900,BTCUSDT
-0.015981272999599172,-0.02581656396995413,0.771771382313956,10,50.0,0.9989654437634048,1999.483668720601,-0.0015981272999599171,0.5,0.5,2.5,900,BTCUSDT
-0.015981272999599172,-0.02581656396995413,0.771771382313956,10,50.0,0.9989654437634048,1999.483668720601,-0.0015981272999599171,0.5,0.618,2.5,900,BTCUSDT
-0.015981272999599172,-0.02581656396995413,0.771771382313956,10,50.0,0.9989654437634048,1999.483668720601,-0.0015981272999599171,0.618,0.382,2.5,900,BTCUSDT
-0.015981272999599172,-0.02581656396995413,0.771771382313956,10,50.0,0.9989654437634048,1999.483668720601,-0.0015981272999599171,0.618,0.5,2.5,900,BTCUSDT
-0.015981272999599172,-0.02581656396995413,0.771771382313956,10,50.0,0.9989654437634048,1999.483668720601,-0.0015981272999599171,0.618,0.618,2.5,900,BTCUSDT
-0.29194204349953856,-0.044561039514974254,0.9319653643021154,10,50.0,0.9843510887100776,1999.1087792097005,-0.029194204349953855,0.5,0.382,2.0,900,BTCUSDT
-0.29194204349953856,-0.044561039514974254,0.9319653643021154,10,50.0,0.9843510887100776,1999.1087792097005,-0.029194204349953855,0.5,0.5,2.0,900,BTCUSDT
-0.29194204349953856,-0.044561039514974254,0.9319653643021154,10,50.0,0.9843510887100776,1999.1087792097005,-0.029194204349953855,0.5,0.618,2.0,900,BTCUSDT
-0.29194204349953856,-0.044561039514974254,0.9319653643021154,10,50.0,0.9843510887100776,1999.1087792097005,-0.029194204349953855,0.618,0.382,2.0,900,BTCUSDT
-0.29194204349953856,-0.044561039514974254,0.9319653643021154,10,50.0,0.9843510887100776,1999.1087792097005,-0.029194204349953855,0.618,0.5,2.0,900,BTCUSDT
-0.29194204349953856,-0.044561039514974254,0.9319653643021154,10,50.0,0.9843510887100776,1999.1087792097005,-0.029194204349953855,0.618,0.618,2.0,900,BTCUSDT
-0.6117886739994525,-0.0690059238599929,1.1694234875654166,10,50.0,0.9738768447843749,1998.6198815228001,-0.06117886739994525,0.786,0.382,1.5,900,BTCUSDT
-0.6117886739994525,-0.0690059238599929,1.1694234875654166,10,50.0,0.9738768447843749,1998.6198815228001,-0.06117886739994525,0.786,0.5,1.5,900,BTCUSDT
-0.6117886739994525,-0.0690059238599929,1.1694234875654166,10,50.0,0.9738768447843749,1998.6198815228001,-0.06117886739994525,0.786,0.618,1.5,900,BTCUSDT
-1.1543706059994614,-0.09487346093999349,1.1697404084291732,10,50.0,0.9507087924336008,1998.1025307812001,-0.11543706059994614,0.5,0.382,1.5,900,BTCUSDT
-1.1543706059994614,-0.09487346093999349,1.1697404084291732,10,50.0,0.9507087924336008,1998.1025307812001,-0.11543706059994614,0.5,0.5,1.5,900,BTCUSDT
-1.1543706059994614,-0.09487346093999349,1.1697404084291732,10,50.0,0.9507087924336008,1998.1025307812001,-0.11543706059994614,0.5,0.618,1.5,900,BTCUSDT
-1.1543706059994614,-0.09487346093999349,1.1697404084291732,10,50.0,0.9507087924336008,1998.1025307812001,-0.11543706059994614,0.618,0.382,1.5,900,BTCUSDT
-1.1543706059994614,-0.09487346093999349,1.1697404084291732,10,50.0,0.9507087924336008,1998.1025307812001,-0.11543706059994614,0.618,0.5,1.5,900,BTCUSDT
-1.1543706059994614,-0.09487346093999349,1.1697404084291732,10,50.0,0.9507087924336008,1998.1025307812001,-0.11543706059994614,0.618,0.618,1.5,900,BTCUSDT
-2.405465517499627,-0.13195568537496455,0.48862024623967826,6,50.0,0.781441617730961,1997.3608862925007,-0.4009109195832712,0.786,0.382,2.5,300,ETHUSDT
-2.405465517499627,-0.13195568537496455,0.48862024623967826,6,50.0,0.781441617730961,1997.3608862925007,-0.4009109195832712,0.786,0.382,2.5,600,ETHUSDT
-2.405465517499627,-0.13195568537496455,0.48862024623967826,6,50.0,0.781441617730961,1997.3608862925007,-0.4009109195832712,0.786,0.5,2.5,300,ETHUSDT
-2.405465517499627,-0.13195568537496455,0.48862024623967826,6,50.0,0.781441617730961,1997.3608862925007,-0.4009109195832712,0.786,0.5,2.5,600,ETHUSDT
-2.405465517499627,-0.13195568537496455,0.48862024623967826,6,50.0,0.781441617730961,1997.3608862925007,-0.4009109195832712,0.786,0.618,2.5,300,ETHUSDT
-2.405465517499627,-0.13195568537496455,0.48862024623967826,6,50.0,0.781441617730961,1997.3608862925007,-0.4009109195832712,0.786,0.618,2.5,600,ETHUSDT
-2.4722168299996277,-0.13517675899995538,0.48863654029563236,6,50.0,0.7753766549334481,1997.296464820001,-0.4120361383332713,0.5,0.382,2.5,300,ETHUSDT
-2.4722168299996277,-0.13517675899995538,0.48863654029563236,6,50.0,0.7753766549334481,1997.296464820001,-0.4120361383332713,0.5,0.382,2.5,600,ETHUSDT
-2.4722168299996277,-0.13517675899995538,0.48863654029563236,6,50.0,0.7753766549334481,1997.296464820001,-0.4120361383332713,0.5,0.5,2.5,300,ETHUSDT
-2.4722168299996277,-0.13517675899995538,0.48863654029563236,6,50.0,0.7753766549334481,1997.296464820001,-0.4120361383332713,0.5,0.5,2.5,600,ETHUSDT
-2.4722168299996277,-0.13517675899995538,0.48863654029563236,6,50.0,0.7753766549334481,1997.296464820001,-0.4120361383332713,0.5,0.618,2.5,300,ETHUSDT
-2.4722168299996277,-0.13517675899995538,0.48863654029563236,6,50.0,0.7753766549334481,1997.296464820001,-0.4120361383332713,0.5,0.618,2.5,600,ETHUSDT
-2.4722168299996277,-0.13517675899995538,0.48863654029563236,6,50.0,0.7753766549334481,1997.296464820001,-0.4120361383332713,0.618,0.382,2.5,300,ETHUSDT
-2.4722168299996277,-0.13517675899995538,0.48863654029563236,6,50.0,0.7753766549334481,1997.296464820001,-0.4120361383332713,0.618,0.382,2.5,600,ETHUSDT
-2.4722168299996277,-0.13517675899995538,0.48863654029563236,6,50.0,0.7753766549334481,1997.296464820001,-0.4120361383332713,0.618,0.5,2.5,300,ETHUSDT
-2.4722168299996277,-0.13517675899995538,0.48863654029563236,6,50.0,0.7753766549334481,1997.296464820001,-0.4120361383332713,0.618,0.5,2.5,600,ETHUSDT
-2.4722168299996277,-0.13517675899995538,0.48863654029563236,6,50.0,0.7753766549334481,1997.296464820001,-0.4120361383332713,0.618,0.618,2.5,300,ETHUSDT
-2.4722168299996277,-0.13517675899995538,0.48863654029563236,6,50.0,0.7753766549334481,1997.296464820001,-0.4120361383332713,0.618,0.618,2.5,600,ETHUSDT
-3.0598628824995506,-0.1669490536249555,0.5957692908713712,6,50.0,0.7716136220074041,1996.661018927501,-0.5099771470832585,0.786,0.382,2.0,300,ETHUSDT
-3.0598628824995506,-0.1669490536249555,0.5957692908713712,6,50.0,0.7716136220074041,1996.661018927501,-0.5099771470832585,0.786,0.382,2.0,600,ETHUSDT
-3.0598628824995506,-0.1669490536249555,0.5957692908713712,6,50.0,0.7716136220074041,1996.661018927501,-0.5099771470832585,0.786,0.5,2.0,300,ETHUSDT
-3.0598628824995506,-0.1669490536249555,0.5957692908713712,6,50.0,0.7716136220074041,1996.661018927501,-0.5099771470832585,0.786,0.5,2.0,600,ETHUSDT
-3.0598628824995506,-0.1669490536249555,0.5957692908713712,6,50.0,0.7716136220074041,1996.661018927501,-0.5099771470832585,0.786,0.618,2.0,300,ETHUSDT
-3.0598628824995506,-0.1669490536249555,0.5957692908713712,6,50.0,0.7716136220074041,1996.661018927501,-0.5099771470832585,0.786,0.618,2.0,600,ETHUSDT
-3.153314719999551,-0.1714585566999631,0.5957971010418787,6,50.0,0.7646384314505177,1996.5708288660007,-0.5255524533332585,0.5,0.382,2.0,300,ETHUSDT
-3.153314719999551,-0.1714585566999631,0.5957971010418787,6,50.0,0.7646384314505177,1996.5708288660007,-0.5255524533332585,0.5,0.382,2.0,600,ETHUSDT
-3.153314719999551,-0.1714585566999631,0.5957971010418787,6,50.0,0.7646384314505177,1996.5708288660007,-0.5255524533332585,0.5,0.5,2.0,300,ETHUSDT
-3.153314719999551,-0.1714585566999631,0.5957971010418787,6,50.0,0.7646384314505177,1996.5708288660007,-0.5255524533332585,0.5,0.5,2.0,600,ETHUSDT
-3.153314719999551,-0.1714585566999631,0.5957971010418787,6,50.0,0.7646384314505177,1996.5708288660007,-0.5255524533332585,0.5,0.618,2.0,300,ETHUSDT
-3.153314719999551,-0.1714585566999631,0.5957971010418787,6,50.0,0.7646384314505177,1996.5708288660007,-0.5255524533332585,0.5,0.618,2.0,600,ETHUSDT
-3.153314719999551,-0.1714585566999631,0.5957971010418787,6,50.0,0.7646384314505177,1996.5708288660007,-0.5255524533332585,0.618,0.382,2.0,300,ETHUSDT
-3.153314719999551,-0.1714585566999631,0.5957971010418787,6,50.0,0.7646384314505177,1996.5708288660007,-0.5255524533332585,0.618,0.382,2.0,600,ETHUSDT
-3.153314719999551,-0.1714585566999631,0.5957971010418787,6,50.0,0.7646384314505177,1996.5708288660007,-0.5255524533332585,0.618,0.5,2.0,300,ETHUSDT
-3.153314719999551,-0.1714585566999631,0.5957971010418787,6,50.0,0.7646384314505177,1996.5708288660007,-0.5255524533332585,0.618,0.5,2.0,600,ETHUSDT
-3.153314719999551,-0.1714585566999631,0.5957971010418787,6,50.0,0.7646384314505177,1996.5708288660007,-0.5255524533332585,0.618,0.618,2.0,600,ETHUSDT
-3.153314719999551,-0.1714585566999631,0.5957971010418787,6,50.0,0.7646384314505177,1996.5708288660007,-0.5255524533332585,0.618,0.618,2.0,300,ETHUSDT
-3.249780930499663,-0.17697734622496455,0.48862024623967826,7,42.857142857142854,0.7257654494670952,1996.4604530755007,-0.464254418642809,0.786,0.382,2.5,900,ETHUSDT
-3.249780930499663,-0.17697734622496455,0.48862024623967826,7,42.857142857142854,0.7257654494670952,1996.4604530755007,-0.464254418642809,0.786,0.5,2.5,900,ETHUSDT
-3.249780930499663,-0.17697734622496455,0.48862024623967826,7,42.857142857142854,0.7257654494670952,1996.4604530755007,-0.464254418642809,0.786,0.618,2.5,900,ETHUSDT
-3.316532242999664,-0.18019841984995538,0.48863654029563236,7,42.857142857142854,0.7201326032622575,1996.396031603001,-0.4737903204285234,0.5,0.382,2.5,900,ETHUSDT
-3.316532242999664,-0.18019841984995538,0.48863654029563236,7,42.857142857142854,0.7201326032622575,1996.396031603001,-0.4737903204285234,0.5,0.5,2.5,900,ETHUSDT
-3.316532242999664,-0.18019841984995538,0.48863654029563236,7,42.857142857142854,0.7201326032622575,1996.396031603001,-0.4737903204285234,0.5,0.618,2.5,900,ETHUSDT
-3.316532242999664,-0.18019841984995538,0.48863654029563236,7,42.857142857142854,0.7201326032622575,1996.396031603001,-0.4737903204285234,0.618,0.382,2.5,900,ETHUSDT
-3.316532242999664,-0.18019841984995538,0.48863654029563236,7,42.857142857142854,0.7201326032622575,1996.396031603001,-0.4737903204285234,0.618,0.5,2.5,900,ETHUSDT
-3.316532242999664,-0.18019841984995538,0.48863654029563236,7,42.857142857142854,0.7201326032622575,1996.396031603001,-0.4737903204285234,0.618,0.618,2.5,900,ETHUSDT
-4.045111065499593,-0.21948571097495914,0.5957692908713712,7,42.857142857142854,0.7187573903331581,1995.6102857805008,-0.5778730093570846,0.786,0.382,2.0,900,ETHUSDT
-4.045111065499593,-0.21948571097495914,0.5957692908713712,7,42.857142857142854,0.7187573903331581,1995.6102857805008,-0.5778730093570846,0.786,0.5,2.0,900,ETHUSDT
-4.045111065499593,-0.21948571097495914,0.5957692908713712,7,42.857142857142854,0.7187573903331581,1995.6102857805008,-0.5778730093570846,0.786,0.618,2.0,900,ETHUSDT
-4.138562902999593,-0.22399521404996678,0.5957971010418787,7,42.857142857142854,0.7122600066442838,1995.5200957190007,-0.5912232718570847,0.5,0.382,2.0,900,ETHUSDT
-4.138562902999593,-0.22399521404996678,0.5957971010418787,7,42.857142857142854,0.7122600066442838,1995.5200957190007,-0.5912232718570847,0.5,0.5,2.0,900,ETHUSDT
-4.138562902999593,-0.22399521404996678,0.5957971010418787,7,42.857142857142854,0.7122600066442838,1995.5200957190007,-0.5912232718570847,0.5,0.618,2.0,900,ETHUSDT
-4.138562902999593,-0.22399521404996678,0.5957971010418787,7,42.857142857142854,0.7122600066442838,1995.5200957190007,-0.5912232718570847,0.618,0.382,2.0,900,ETHUSDT
-4.138562902999593,-0.22399521404996678,0.5957971010418787,7,42.857142857142854,0.7122600066442838,1995.5200957190007,-0.5912232718570847,0.618,0.5,2.0,900,ETHUSDT
-4.138562902999593,-0.22399521404996678,0.5957971010418787,7,42.857142857142854,0.7122600066442838,1995.5200957190007,-0.5912232718570847,0.618,0.618,2.0,900,ETHUSDT
-4.21627586049943,-0.22817247720496428,0.7656196653928579,6,50.0,0.7544018086192512,1995.4365504559007,-0.7027126434165717,0.786,0.382,1.5,300,ETHUSDT
-4.21627586049943,-0.22817247720496428,0.7656196653928579,6,50.0,0.7544018086192512,1995.4365504559007,-0.7027126434165717,0.786,0.382,1.5,600,ETHUSDT
-4.21627586049943,-0.22817247720496428,0.7656196653928579,6,50.0,0.7544018086192512,1995.4365504559007,-0.7027126434165717,0.786,0.5,1.5,300,ETHUSDT
-4.21627586049943,-0.22817247720496428,0.7656196653928579,6,50.0,0.7544018086192512,1995.4365504559007,-0.7027126434165717,0.786,0.5,1.5,600,ETHUSDT
-4.21627586049943,-0.22817247720496428,0.7656196653928579,6,50.0,0.7544018086192512,1995.4365504559007,-0.7027126434165717,0.786,0.618,1.5,300,ETHUSDT
-4.21627586049943,-0.22817247720496428,0.7656196653928579,6,50.0,0.7544018086192512,1995.4365504559007,-0.7027126434165717,0.786,0.618,1.5,600,ETHUSDT
-4.347108432999431,-0.2344857815099658,0.765669689816792,6,50.0,0.7467808074697001,1995.3102843698007,-0.7245180721665719,0.5,0.382,1.5,300,ETHUSDT
-4.347108432999431,-0.2344857815099658,0.765669689816792,6,50.0,0.7467808074697001,1995.3102843698007,-0.7245180721665719,0.5,0.382,1.5,600,ETHUSDT
-4.347108432999431,-0.2344857815099658,0.765669689816792,6,50.0,0.7467808074697001,1995.3102843698007,-0.7245180721665719,0.5,0.5,1.5,300,ETHUSDT
-4.347108432999431,-0.2344857815099658,0.765669689816792,6,50.0,0.7467808074697001,1995.3102843698007,-0.7245180721665719,0.5,0.5,1.5,600,ETHUSDT
-4.347108432999431,-0.2344857815099658,0.765669689816792,6,50.0,0.7467808074697001,1995.3102843698007,-0.7245180721665719,0.5,0.618,1.5,300,ETHUSDT
-4.347108432999431,-0.2344857815099658,0.765669689816792,6,50.0,0.7467808074697001,1995.3102843698007,-0.7245180721665719,0.5,0.618,1.5,600,ETHUSDT
-4.347108432999431,-0.2344857815099658,0.765669689816792,6,50.0,0.7467808074697001,1995.3102843698007,-0.7245180721665719,0.618,0.382,1.5,300,ETHUSDT
-4.347108432999431,-0.2344857815099658,0.765669689816792,6,50.0,0.7467808074697001,1995.3102843698007,-0.7245180721665719,0.618,0.382,1.5,600,ETHUSDT
-4.347108432999431,-0.2344857815099658,0.765669689816792,6,50.0,0.7467808074697001,1995.3102843698007,-0.7245180721665719,0.618,0.5,1.5,300,ETHUSDT
-4.347108432999431,-0.2344857815099658,0.765669689816792,6,50.0,0.7467808074697001,1995.3102843698007,-0.7245180721665719,0.618,0.5,1.5,600,ETHUSDT
-4.347108432999431,-0.2344857815099658,0.765669689816792,6,50.0,0.7467808074697001,1995.3102843698007,-0.7245180721665719,0.618,0.618,1.5,300,ETHUSDT
-4.347108432999431,-0.2344857815099658,0.765669689816792,6,50.0,0.7467808074697001,1995.3102843698007,-0.7245180721665719,0.618,0.618,1.5,600,ETHUSDT
-5.401392335499481,-0.2913667659549674,0.7656196653928579,7,42.857142857142854,0.7056861292908265,1994.1726646809007,-0.7716274764999259,0.786,0.382,1.5,900,ETHUSDT
-5.401392335499481,-0.2913667659549674,0.7656196653928579,7,42.857142857142854,0.7056861292908265,1994.1726646809007,-0.7716274764999259,0.786,0.5,1.5,900,ETHUSDT
-5.401392335499481,-0.2913667659549674,0.7656196653928579,7,42.857142857142854,0.7056861292908265,1994.1726646809007,-0.7716274764999259,0.786,0.618,1.5,900,ETHUSDT
-5.532224907999482,-0.29768007025996895,0.765669689816792,7,42.857142857142854,0.698557256134503,1994.0463985948006,-0.790317843999926,0.5,0.382,1.5,900,ETHUSDT
-5.532224907999482,-0.29768007025996895,0.765669689816792,7,42.857142857142854,0.698557256134503,1994.0463985948006,-0.790317843999926,0.5,0.5,1.5,900,ETHUSDT
-5.532224907999482,-0.29768007025996895,0.765669689816792,7,42.857142857142854,0.698557256134503,1994.0463985948006,-0.790317843999926,0.5,0.618,1.5,900,ETHUSDT
-5.532224907999482,-0.29768007025996895,0.765669689816792,7,42.857142857142854,0.698557256134503,1994.0463985948006,-0.790317843999926,0.618,0.382,1.5,900,ETHUSDT
-5.532224907999482,-0.29768007025996895,0.765669689816792,7,42.857142857142854,0.698557256134503,1994.0463985948006,-0.790317843999926,0.618,0.5,1.5,900,ETHUSDT
-5.532224907999482,-0.29768007025996895,0.765669689816792,7,42.857142857142854,0.698557256134503,1994.0463985948006,-0.790317843999926,0.618,0.618,1.5,900,ETHUSDT
-22.77625604600038,-1.1810299289400406,1.494025744050032,23,34.78260869565217,0.33779564497339926,1976.3794014211992,-0.9902720020000165,0.786,0.382,2.5,300,SOLUSDT
-22.77625604600038,-1.1810299289400406,1.494025744050032,23,34.78260869565217,0.33779564497339926,1976.3794014211992,-0.9902720020000165,0.786,0.382,2.5,600,SOLUSDT
-22.77625604600038,-1.1810299289400406,1.494025744050032,23,34.78260869565217,0.33779564497339926,1976.3794014211992,-0.9902720020000165,0.786,0.5,2.5,600,SOLUSDT
-22.77625604600038,-1.1810299289400406,1.494025744050032,23,34.78260869565217,0.33779564497339926,1976.3794014211992,-0.9902720020000165,0.786,0.5,2.5,300,SOLUSDT
-23.75950534250033,-1.2288453602250342,1.5431882088750286,22,31.818181818181817,0.3092083317247213,1975.4230927954993,-1.0799775155681968,0.786,0.618,2.5,300,SOLUSDT
-23.75950534250033,-1.2288453602250342,1.5431882088750286,22,31.818181818181817,0.3092083317247213,1975.4230927954993,-1.0799775155681968,0.786,0.618,2.5,600,SOLUSDT
-25.286656972000383,-1.3119692104800265,1.634000985550017,25,40.0,0.3565361453712215,1973.7606157903995,-1.0114662788800153,0.786,0.618,2.5,900,SOLUSDT
-25.7235618595002,-1.342875644355013,1.6558462299250096,28,39.285714285714285,0.40569142713065287,1973.1424871128997,-0.9186986378392928,0.5,0.382,2.5,900,SOLUSDT
-25.7235618595002,-1.342875644355013,1.6558462299250096,28,39.285714285714285,0.40569142713065287,1973.1424871128997,-0.9186986378392928,0.5,0.5,2.5,900,SOLUSDT
-25.81358166550048,-1.3381109782950376,1.660347220225026,25,40.0,0.34312761158385324,1973.2377804340992,-1.0325432666200192,0.786,0.382,2.5,900,SOLUSDT
-25.81358166550048,-1.3381109782950376,1.660347220225026,25,40.0,0.34312761158385324,1973.2377804340992,-1.0325432666200192,0.786,0.5,2.5,900,SOLUSDT
-25.825553045500204,-1.3479949510949951,1.6609457892250021,28,39.285714285714285,0.40333505686871224,1973.0401009781,-0.9223411801964359,0.618,0.382,2.5,900,SOLUSDT
-25.825553045500204,-1.3479949510949951,1.6609457892250021,28,39.285714285714285,0.40333505686871224,1973.0401009781,-0.9223411801964359,0.618,0.5,2.5,900,SOLUSDT
-26.782883630000345,-1.3856525855000201,1.6943571232500292,24,33.33333333333333,0.3170762702812928,1972.2869482899996,-1.1159534845833476,0.618,0.382,2.5,300,SOLUSDT
-26.782883630000345,-1.3856525855000201,1.6943571232500292,24,33.33333333333333,0.3170762702812928,1972.2869482899996,-1.1159534845833476,0.618,0.382,2.5,600,SOLUSDT
-26.782883630000345,-1.3856525855000201,1.6943571232500292,24,33.33333333333333,0.3170762702812928,1972.2869482899996,-1.1159534845833476,0.618,0.5,2.5,300,SOLUSDT
-26.782883630000345,-1.3856525855000201,1.6943571232500292,24,33.33333333333333,0.3170762702812928,1972.2869482899996,-1.1159534845833476,0.618,0.5,2.5,600,SOLUSDT
-26.797468292000346,-1.386361837880031,1.695086356350032,24,33.33333333333333,0.31670438307499627,1972.2727632423994,-1.1165611788333478,0.5,0.382,2.5,300,SOLUSDT
-26.797468292000346,-1.386361837880031,1.695086356350032,24,33.33333333333333,0.31670438307499627,1972.2727632423994,-1.1165611788333478,0.5,0.382,2.5,600,SOLUSDT
-26.797468292000346,-1.386361837880031,1.695086356350032,24,33.33333333333333,0.31670438307499627,1972.2727632423994,-1.1165611788333478,0.5,0.5,2.5,300,SOLUSDT
-26.797468292000346,-1.386361837880031,1.695086356350032,24,33.33333333333333,0.31670438307499627,1972.2727632423994,-1.1165611788333478,0.5,0.5,2.5,600,SOLUSDT
-28.39849268200014,-1.4733818777800025,1.789592771050002,27,37.03703703703704,0.34389071973534135,1970.5323624444,-1.0517960252592644,0.5,0.618,2.5,900,SOLUSDT
-28.39849268200014,-1.4733818777800025,1.789592771050002,27,37.03703703703704,0.34389071973534135,1970.5323624444,-1.0517960252592644,0.618,0.618,2.5,900,SOLUSDT
-28.582873998500254,-1.4731861500650212,1.7843566416750265,23,30.434782608695656,0.2711791909041947,1970.5362769986996,-1.2427336521087067,0.5,0.618,2.5,300,SOLUSDT
-28.582873998500254,-1.4731861500650212,1.7843566416750265,23,30.434782608695656,0.2711791909041947,1970.5362769986996,-1.2427336521087067,0.5,0.618,2.5,600,SOLUSDT
-28.582873998500254,-1.4731861500650212,1.7843566416750265,23,30.434782608695656,0.2711791909041947,1970.5362769986996,-1.2427336521087067,0.618,0.618,2.5,300,SOLUSDT
-28.582873998500254,-1.4731861500650212,1.7843566416750265,23,30.434782608695656,0.2711791909041947,1970.5362769986996,-1.2427336521087067,0.618,0.618,2.5,600,SOLUSDT
-31.06260258244315,-1.6042267317221446,1.9980644976721351,23,34.78260869565217,0.31319747567317974,1967.915465365557,-1.3505479383670935,0.786,0.382,2.0,300,SOLUSDT
-31.06260258244315,-1.6042267317221446,1.9980644976721351,23,34.78260869565217,0.31319747567317974,1967.915465365557,-1.3505479383670935,0.786,0.382,2.0,600,SOLUSDT
-31.06260258244315,-1.6042267317221446,1.9980644976721351,23,34.78260869565217,0.31319747567317974,1967.915465365557,-1.3505479383670935,0.786,0.5,2.0,300,SOLUSDT
-31.06260258244315,-1.6042267317221446,1.9980644976721351,23,34.78260869565217,0.31319747567317974,1967.915465365557,-1.3505479383670935,0.786,0.5,2.0,600,SOLUSDT
-32.134575239443095,-1.6563567816521414,2.051663130522127,22,31.818181818181817,0.28949587099009316,1966.8728643669572,-1.460662510883777,0.786,0.618,2.0,300,SOLUSDT
-32.134575239443095,-1.6563567816521414,2.051663130522127,22,31.818181818181817,0.28949587099009316,1966.8728643669572,-1.460662510883777,0.786,0.618,2.0,600,SOLUSDT
-33.224640138343354,-1.7261584888371433,2.25550494834215,23,34.78260869565217,0.3543091528584345,1965.4768302232571,-1.4445495712323198,0.786,0.382,1.5,300,SOLUSDT
-33.224640138343354,-1.7261584888371433,2.25550494834215,23,34.78260869565217,0.3543091528584345,1965.4768302232571,-1.4445495712323198,0.786,0.382,1.5,600,SOLUSDT
-33.224640138343354,-1.7261584888371433,2.25550494834215,23,34.78260869565217,0.3543091528584345,1965.4768302232571,-1.4445495712323198,0.786,0.5,1.5,300,SOLUSDT
-33.224640138343354,-1.7261584888371433,2.25550494834215,23,34.78260869565217,0.3543091528584345,1965.4768302232571,-1.4445495712323198,0.786,0.5,1.5,600,SOLUSDT
-34.38755721094317,-1.7771857830871793,2.1813603314971486,25,40.0,0.3319604602826364,1964.4562843382564,-1.3755022884377268,0.786,0.618,2.0,900,SOLUSDT
-34.403566983343296,-1.7834897228871456,2.3144512905921486,22,31.818181818181817,0.33139777533571924,1964.330205542257,-1.563798499242877,0.786,0.618,1.5,300,SOLUSDT
-34.403566983343296,-1.7834897228871456,2.3144512905921486,22,31.818181818181817,0.33139777533571924,1964.330205542257,-1.563798499242877,0.786,0.618,1.5,600,SOLUSDT
-34.81553728894292,-1.80988755430717,2.2027593353971384,28,39.285714285714285,0.38303104108308383,1963.8022489138566,-1.2434120460336757,0.5,0.382,2.0,900,SOLUSDT
-34.81553728894292,-1.80988755430717,2.2027593353971384,28,39.285714285714285,0.38303104108308383,1963.8022489138566,-1.2434120460336757,0.5,0.5,2.0,900,SOLUSDT
-34.94065546144293,-1.8161714772321602,2.2090152440221344,28,39.285714285714285,0.3808138118044355,1963.6765704553568,-1.2478805521943903,0.618,0.382,2.0,900,SOLUSDT
-34.94065546144293,-1.8161714772321602,2.2090152440221344,28,39.285714285714285,0.3808138118044355,1963.6765704553568,-1.2478805521943903,0.618,0.5,2.0,900,SOLUSDT
-34.98489515794328,-1.806806271517178,2.211227228847156,25,40.0,0.320356106861374,1963.8638745696564,-1.3993958063177312,0.786,0.382,2.0,900,SOLUSDT
-34.98489515794328,-1.806806271517178,2.211227228847156,25,40.0,0.320356106861374,1963.8638745696564,-1.3993958063177312,0.786,0.5,2.0,900,SOLUSDT
-36.14600751544311,-1.8638470116921553,2.2522347443221404,24,33.33333333333333,0.29625777521295965,1962.723059766157,-1.5060836464767962,0.618,0.382,2.0,300,SOLUSDT
-36.14600751544311,-1.8638470116921553,2.2522347443221404,24,33.33333333333333,0.29625777521295965,1962.723059766157,-1.5060836464767962,0.618,0.382,2.0,600,SOLUSDT
-36.14600751544311,-1.8638470116921553,2.2522347443221404,24,33.33333333333333,0.29625777521295965,1962.723059766157,-1.5060836464767962,0.618,0.5,2.0,300,SOLUSDT
-36.14600751544311,-1.8638470116921553,2.2522347443221404,24,33.33333333333333,0.29625777521295965,1962.723059766157,-1.5060836464767962,0.618,0.5,2.0,600,SOLUSDT
-36.16666911994311,-1.864851785897156,2.25326782454714,24,33.33333333333333,0.2958555055151988,1962.7029642820569,-1.5069445466642961,0.5,0.382,2.0,300,SOLUSDT
-36.16666911994311,-1.864851785897156,2.25326782454714,24,33.33333333333333,0.2958555055151988,1962.7029642820569,-1.5069445466642961,0.5,0.382,2.0,600,SOLUSDT
-36.16666911994311,-1.864851785897156,2.25326782454714,24,33.33333333333333,0.2958555055151988,1962.7029642820569,-1.5069445466642961,0.5,0.5,2.0,300,SOLUSDT
-36.16666911994311,-1.864851785897156,2.25326782454714,24,33.33333333333333,0.2958555055151988,1962.7029642820569,-1.5069445466642961,0.5,0.5,2.0,600,SOLUSDT
-38.20387695694286,-1.975252559627154,2.3721763187971305,27,37.03703703703704,0.3229859991216969,1960.494948807457,-1.4149584058126985,0.5,0.618,2.0,900,SOLUSDT
-38.20387695694286,-1.975252559627154,2.3721763187971305,27,37.03703703703704,0.3229859991216969,1960.494948807457,-1.4149584058126985,0.618,0.618,2.0,900,SOLUSDT
-38.269291224943004,-1.9671023373471486,2.3583989297971355,23,30.434782608695656,0.25491864803718156,1960.657953253057,-1.6638822271714349,0.5,0.618,2.0,300,SOLUSDT
-38.269291224943004,-1.9671023373471486,2.3583989297971355,23,30.434782608695656,0.25491864803718156,1960.657953253057,-1.6638822271714349,0.5,0.618,2.0,600,SOLUSDT
-38.269291224943004,-1.9671023373471486,2.3583989297971355,23,30.434782608695656,0.25491864803718156,1960.657953253057,-1.6638822271714349,0.618,0.618,2.0,300,SOLUSDT
-38.269291224943004,-1.9671023373471486,2.3583989297971355,23,30.434782608695656,0.25491864803718156,1960.657953253057,-1.6638822271714349,0.618,0.618,2.0,600,SOLUSDT
-38.35362496334304,-2.0063645444871216,2.5327394375921246,28,39.285714285714285,0.42330618294695854,1959.8727091102576,-1.369772320119394,0.5,0.382,1.5,900,SOLUSDT
-38.35362496334304,-2.0063645444871216,2.5327394375921246,28,39.285714285714285,0.42330618294695854,1959.8727091102576,-1.369772320119394,0.5,0.5,1.5,900,SOLUSDT
-38.51759329784305,-2.0146041987921306,2.5409378543171326,28,39.285714285714285,0.42084071782367444,1959.7079160241574,-1.3756283320658231,0.618,0.382,1.5,900,SOLUSDT
-38.51759329784305,-2.0146041987921306,2.5409378543171326,28,39.285714285714285,0.42084071782367444,1959.7079160241574,-1.3756283320658231,0.618,0.5,1.5,900,SOLUSDT
-40.1382949248433,-2.079179233422144,2.6011876876671525,24,33.33333333333333,0.3285604516552713,1958.4164153315571,-1.6724289552018041,0.618,0.382,1.5,300,SOLUSDT
-40.1382949248433,-2.079179233422144,2.6011876876671525,24,33.33333333333333,0.3285604516552713,1958.4164153315571,-1.6724289552018041,0.618,0.382,1.5,600,SOLUSDT
-40.1382949248433,-2.079179233422144,2.6011876876671525,24,33.33333333333333,0.3285604516552713,1958.4164153315571,-1.6724289552018041,0.618,0.5,1.5,600,SOLUSDT
-40.1382949248433,-2.079179233422144,2.6011876876671525,24,33.33333333333333,0.3285604516552713,1958.4164153315571,-1.6724289552018041,0.618,0.5,1.5,300,SOLUSDT
-40.168679637343295,-2.080656842547137,2.6027069232921463,24,33.33333333333333,0.3280521715283805,1958.3868631490573,-1.673694984889304,0.5,0.382,1.5,600,SOLUSDT
-40.168679637343295,-2.080656842547137,2.6027069232921463,24,33.33333333333333,0.3280521715283805,1958.3868631490573,-1.673694984889304,0.5,0.382,1.5,300,SOLUSDT
-40.168679637343295,-2.080656842547137,2.6027069232921463,24,33.33333333333333,0.3280521715283805,1958.3868631490573,-1.673694984889304,0.5,0.5,1.5,300,SOLUSDT
-40.168679637343295,-2.080656842547137,2.6027069232921463,24,33.33333333333333,0.3280521715283805,1958.3868631490573,-1.673694984889304,0.5,0.5,1.5,600,SOLUSDT
-42.72707242984317,-2.2050715308721354,2.730626562917143,23,30.434782608695656,0.28525498484416734,1955.8985693825573,-1.857698801297529,0.5,0.618,1.5,300,SOLUSDT
-42.72707242984317,-2.2050715308721354,2.730626562917143,23,30.434782608695656,0.28525498484416734,1955.8985693825573,-1.857698801297529,0.5,0.618,1.5,600,SOLUSDT
-42.72707242984317,-2.2050715308721354,2.730626562917143,23,30.434782608695656,0.28525498484416734,1955.8985693825573,-1.857698801297529,0.618,0.618,1.5,300,SOLUSDT
-42.72707242984317,-2.2050715308721354,2.730626562917143,23,30.434782608695656,0.28525498484416734,1955.8985693825573,-1.857698801297529,0.618,0.618,1.5,600,SOLUSDT
-42.95430413684297,-2.2309946603021333,2.76277339626713,27,37.03703703703704,0.35412932584054624,1955.3801067939573,-1.5909001532164064,0.5,0.618,1.5,900,SOLUSDT
-42.95430413684297,-2.2309946603021333,2.76277339626713,27,37.03703703703704,0.35412932584054624,1955.3801067939573,-1.5909001532164064,0.618,0.618,1.5,900,SOLUSDT
-44.90026004721757,-2.318765222660886,2.860071191785869,25,40.0,0.3288900681217787,1953.6246955467823,-1.7960104018887029,0.786,0.618,1.5,900,SOLUSDT
-45.588752652217686,-2.3528864391108755,2.8944958220358674,25,40.0,0.3185993877392066,1952.9422712177825,-1.8235501060887074,0.786,0.382,1.5,900,SOLUSDT
-45.588752652217686,-2.3528864391108755,2.8944958220358674,25,40.0,0.3185993877392066,1952.9422712177825,-1.8235501060887074,0.786,0.5,1.5,900,SOLUSDT
-64.85735125021947,-3.296836621511011,3.383010212935994,26,30.76923076923077,0.17586988913690918,1934.0632675697798,-2.494513509623826,0.786,0.618,2.5,300,BNBUSDT
-64.85735125021947,-3.296836621511011,3.383010212935994,26,30.76923076923077,0.17586988913690918,1934.0632675697798,-2.494513509623826,0.786,0.618,2.5,600,BNBUSDT
-65.60711924421945,-3.3342688713710116,3.383010212935994,26,30.76923076923077,0.17421016101236705,1933.3146225725798,-2.5233507401622863,0.786,0.382,2.5,300,BNBUSDT
-65.60711924421945,-3.3342688713710116,3.383010212935994,26,30.76923076923077,0.17421016101236705,1933.3146225725798,-2.5233507401622863,0.786,0.382,2.5,600,BNBUSDT
-65.60711924421945,-3.3342688713710116,3.383010212935994,26,30.76923076923077,0.17421016101236705,1933.3146225725798,-2.5233507401622863,0.786,0.5,2.5,300,BNBUSDT
-65.60711924421945,-3.3342688713710116,3.383010212935994,26,30.76923076923077,0.17421016101236705,1933.3146225725798,-2.5233507401622863,0.786,0.5,2.5,600,BNBUSDT
-66.37140447971986,-3.383362624366021,3.421725851560996,29,31.03448275862069,0.2088682328381409,1932.3327475126796,-2.28866911999034,0.786,0.618,2.5,900,BNBUSDT
-67.12117247371984,-3.4207948742260212,3.421725851560996,29,31.03448275862069,0.20701809949365202,1931.5841025154796,-2.31452318874896,0.786,0.382,2.5,900,BNBUSDT
-67.12117247371984,-3.4207948742260212,3.421725851560996,29,31.03448275862069,0.20701809949365202,1931.5841025154796,-2.31452318874896,0.786,0.5,2.5,900,BNBUSDT
-67.49022409421946,-3.430388743870992,3.5032226552359815,27,33.33333333333333,0.17102011881869852,1931.3922251225802,-2.4996379294155355,0.5,0.618,2.5,300,BNBUSDT
-67.49022409421946,-3.430388743870992,3.5032226552359815,27,33.33333333333333,0.17102011881869852,1931.3922251225802,-2.4996379294155355,0.5,0.618,2.5,600,BNBUSDT
-67.49022409421946,-3.430388743870992,3.5032226552359815,27,33.33333333333333,0.17102011881869852,1931.3922251225802,-2.4996379294155355,0.618,0.618,2.5,300,BNBUSDT
-67.49022409421946,-3.430388743870992,3.5032226552359815,27,33.33333333333333,0.17102011881869852,1931.3922251225802,-2.4996379294155355,0.618,0.618,2.5,600,BNBUSDT
-69.00427732371985,-3.516914746726002,3.5419382938609827,30,33.33333333333333,0.20327477629905694,1929.66170506548,-2.3001425774573283,0.5,0.618,2.5,900,BNBUSDT
-69.00427732371985,-3.516914746726002,3.5419382938609827,30,33.33333333333333,0.20327477629905694,1929.66170506548,-2.3001425774573283,0.618,0.618,2.5,900,BNBUSDT
-70.0184538562195,-3.5568052856509893,3.5032226552359815,27,29.629629629629626,0.16504598280950158,1928.8638942869802,-2.59327606874887,0.618,0.382,2.5,300,BNBUSDT
-70.0184538562195,-3.5568052856509893,3.5032226552359815,27,29.629629629629626,0.16504598280950158,1928.8638942869802,-2.59327606874887,0.618,0.382,2.5,600,BNBUSDT
-70.0184538562195,-3.5568052856509893,3.5032226552359815,27,29.629629629629626,0.16504598280950158,1928.8638942869802,-2.59327606874887,0.618,0.5,2.5,300,BNBUSDT
-70.0184538562195,-3.5568052856509893,3.5032226552359815,27,29.629629629629626,0.16504598280950158,1928.8638942869802,-2.59327606874887,0.618,0.5,2.5,600,BNBUSDT
-70.08127839071946,-3.5599466379559885,3.504063919535997,27,29.629629629629626,0.16492242817457595,1928.8010672408802,-2.59560290335998,0.5,0.382,2.5,300,BNBUSDT
-70.08127839071946,-3.5599466379559885,3.504063919535997,27,29.629629629629626,0.16492242817457595,1928.8010672408802,-2.59560290335998,0.5,0.382,2.5,600,BNBUSDT
-70.08127839071946,-3.5599466379559885,3.504063919535997,27,29.629629629629626,0.16492242817457595,1928.8010672408802,-2.59560290335998,0.5,0.5,2.5,300,BNBUSDT
-70.08127839071946,-3.5599466379559885,3.504063919535997,27,29.629629629629626,0.16492242817457595,1928.8010672408802,-2.59560290335998,0.5,0.5,2.5,600,BNBUSDT
-71.53250708571989,-3.6433312885059994,3.5766253542859996,30,30.0,0.19676350946707682,1927.13337422988,-2.3844169028573297,0.618,0.382,2.5,900,BNBUSDT
-71.53250708571989,-3.6433312885059994,3.5766253542859996,30,30.0,0.19676350946707682,1927.13337422988,-2.3844169028573297,0.618,0.5,2.5,900,BNBUSDT
-71.59533162021985,-3.6464726408109978,3.579766581010995,30,30.0,0.19662479953609374,1927.07054718378,-2.3865110540073284,0.5,0.382,2.5,900,BNBUSDT
-71.59533162021985,-3.6464726408109978,3.579766581010995,30,30.0,0.19662479953609374,1927.07054718378,-2.3865110540073284,0.5,0.5,2.5,900,BNBUSDT
-74.74510318706214,-3.80269479843314,3.913899488328116,26,30.76923076923077,0.18477536116870424,1923.9461040313372,-2.8748116610408516,0.786,0.618,2.0,300,BNBUSDT
-74.74510318706214,-3.80269479843314,3.913899488328116,26,30.76923076923077,0.18477536116870424,1923.9461040313372,-2.8748116610408516,0.786,0.618,2.0,600,BNBUSDT
-75.55880424906212,-3.8432950052131334,3.913899488328116,26,30.76923076923077,0.1831499388748273,1923.1340998957373,-2.9061078557331586,0.786,0.382,2.0,600,BNBUSDT
-75.55880424906212,-3.8432950052131334,3.913899488328116,26,30.76923076923077,0.1831499388748273,1923.1340998957373,-2.9061078557331586,0.786,0.382,2.0,300,BNBUSDT
-75.55880424906212,-3.8432950052131334,3.913899488328116,26,30.76923076923077,0.1831499388748273,1923.1340998957373,-2.9061078557331586,0.786,0.5,2.0,300,BNBUSDT
-75.55880424906212,-3.8432950052131334,3.913899488328116,26,30.76923076923077,0.1831499388748273,1923.1340998957373,-2.9061078557331586,0.786,0.5,2.0,600,BNBUSDT
-77.10067248056265,-3.933828215448159,3.987264618553138,29,31.03448275862069,0.2158404782083234,1921.3234356910368,-2.6586438786400914,0.786,0.618,2.0,900,BNBUSDT
-77.91437354256261,-3.9744284222281525,3.987264618553138,29,31.03448275862069,0.21406888225930482,1920.511431555437,-2.686702535950435,0.786,0.382,2.0,900,BNBUSDT
-77.91437354256261,-3.9744284222281525,3.987264618553138,29,31.03448275862069,0.21406888225930482,1920.511431555437,-2.686702535950435,0.786,0.5,2.0,900,BNBUSDT
-78.14538465806214,-3.9751855684231487,4.066759003278127,27,33.33333333333333,0.17906295295078428,1920.496288631537,-2.8942735058541533,0.5,0.618,2.0,300,BNBUSDT
-78.14538465806214,-3.9751855684231487,4.066759003278127,27,33.33333333333333,0.17906295295078428,1920.496288631537,-2.8942735058541533,0.5,0.618,2.0,600,BNBUSDT
-78.14538465806214,-3.9751855684231487,4.066759003278127,27,33.33333333333333,0.17906295295078428,1920.496288631537,-2.8942735058541533,0.618,0.618,2.0,300,BNBUSDT
-78.14538465806214,-3.9751855684231487,4.066759003278127,27,33.33333333333333,0.17906295295078428,1920.496288631537,-2.8942735058541533,0.618,0.618,2.0,600,BNBUSDT
-80.50095395156264,-4.106318985438167,4.14012413350315,30,33.33333333333333,0.2094313724187128,1917.8736202912366,-2.6833651317187543,0.5,0.618,2.0,900,BNBUSDT
-80.50095395156264,-4.106318985438167,4.14012413350315,30,33.33333333333333,0.2094313724187128,1917.8736202912366,-2.6833651317187543,0.618,0.618,2.0,900,BNBUSDT
-81.25024035206218,-4.130420147283144,4.066759003278127,27,29.629629629629626,0.17253410556294863,1917.3915970543371,-3.0092681611874883,0.618,0.382,2.0,300,BNBUSDT
-81.25024035206218,-4.130420147283144,4.066759003278127,27,29.629629629629626,0.17253410556294863,1917.3915970543371,-3.0092681611874883,0.618,0.382,2.0,600,BNBUSDT
-81.25024035206218,-4.130420147283144,4.066759003278127,27,29.629629629629626,0.17253410556294863,1917.3915970543371,-3.0092681611874883,0.618,0.5,2.0,300,BNBUSDT
-81.25024035206218,-4.130420147283144,4.066759003278127,27,29.629629629629626,0.17253410556294863,1917.3915970543371,-3.0092681611874883,0.618,0.5,2.0,600,BNBUSDT
-81.35765043306213,-4.135805278173143,4.067882521653132,27,29.629629629629626,0.17234557982833265,1917.2838944365371,-3.013246312335635,0.5,0.382,2.0,300,BNBUSDT
-81.35765043306213,-4.135805278173143,4.067882521653132,27,29.629629629629626,0.17234557982833265,1917.2838944365371,-3.013246312335635,0.5,0.382,2.0,600,BNBUSDT
-81.35765043306213,-4.135805278173143,4.067882521653132,27,29.629629629629626,0.17234557982833265,1917.2838944365371,-3.013246312335635,0.5,0.5,2.0,300,BNBUSDT
-81.35765043306213,-4.135805278173143,4.067882521653132,27,29.629629629629626,0.17234557982833265,1917.2838944365371,-3.013246312335635,0.5,0.5,2.0,600,BNBUSDT
-83.27597955794795,-4.2470999372373734,4.400501873097357,26,30.76923076923077,0.20753989072332138,1915.0580012552525,-3.2029222906903057,0.786,0.618,1.5,300,BNBUSDT
-83.27597955794795,-4.2470999372373734,4.400501873097357,26,30.76923076923077,0.20753989072332138,1915.0580012552525,-3.2029222906903057,0.786,0.618,1.5,600,BNBUSDT
-83.60580964556269,-4.261553564298163,4.1802904822781555,30,30.0,0.2024464017201087,1914.7689287140367,-2.7868603215187564,0.618,0.382,2.0,900,BNBUSDT
-83.60580964556269,-4.261553564298163,4.1802904822781555,30,30.0,0.2024464017201087,1914.7689287140367,-2.7868603215187564,0.618,0.5,2.0,900,BNBUSDT
-83.71321972656264,-4.266938695188162,4.18566098632815,30,30.0,0.2022391807210818,1914.6612260962368,-2.790440657552088,0.5,0.382,2.0,900,BNBUSDT
-83.71321972656264,-4.266938695188162,4.18566098632815,30,30.0,0.2022391807210818,1914.6612260962368,-2.790440657552088,0.5,0.5,2.0,900,BNBUSDT
-84.19911870194792,-4.2931434425973745,4.400501873097357,26,30.76923076923077,0.2057326003212312,1914.1371311480525,-3.2384276423826126,0.786,0.382,1.5,300,BNBUSDT
-84.19911870194792,-4.2931434425973745,4.400501873097357,26,30.76923076923077,0.2057326003212312,1914.1371311480525,-3.2384276423826126,0.786,0.382,1.5,600,BNBUSDT
-84.19911870194792,-4.2931434425973745,4.400501873097357,26,30.76923076923077,0.2057326003212312,1914.1371311480525,-3.2384276423826126,0.786,0.5,1.5,300,BNBUSDT
-84.19911870194792,-4.2931434425973745,4.400501873097357,26,30.76923076923077,0.2057326003212312,1914.1371311480525,-3.2384276423826126,0.786,0.5,1.5,600,BNBUSDT
-98.04321403963958,-5.002979582081945,5.083146211706946,29,31.03448275862069,0.21531778016952793,1899.940408358361,-3.3808004841255026,0.786,0.618,1.5,900,BNBUSDT
-98.96635318363955,-5.049023087441946,5.083146211706946,29,31.03448275862069,0.2137386190664871,1899.019538251161,-3.412632868401364,0.786,0.382,1.5,900,BNBUSDT
-98.96635318363955,-5.049023087441946,5.083146211706946,29,31.03448275862069,0.2137386190664871,1899.019538251161,-3.412632868401364,0.786,0.5,1.5,900,BNBUSDT
-102.79537511924813,-5.226481970742372,5.350891210362363,27,33.33333333333333,0.1759428937333603,1895.4703605851525,-3.807236115527709,0.5,0.618,1.5,300,BNBUSDT
-102.79537511924813,-5.226481970742372,5.350891210362363,27,33.33333333333333,0.1759428937333603,1895.4703605851525,-3.807236115527709,0.5,0.618,1.5,600,BNBUSDT
-102.79537511924813,-5.226481970742372,5.350891210362363,27,33.33333333333333,0.1759428937333603,1895.4703605851525,-3.807236115527709,0.618,0.618,1.5,300,BNBUSDT
-102.79537511924813,-5.226481970742372,5.350891210362363,27,33.33333333333333,0.1759428937333603,1895.4703605851525,-3.807236115527709,0.618,0.618,1.5,600,BNBUSDT
-106.8436293972482,-5.428888364562374,5.350891210362363,27,29.629629629629626,0.16952114291578058,1891.4222327087525,-3.9571714591573404,0.618,0.382,1.5,300,BNBUSDT
-106.8436293972482,-5.428888364562374,5.350891210362363,27,29.629629629629626,0.16952114291578058,1891.4222327087525,-3.9571714591573404,0.618,0.382,1.5,600,BNBUSDT
-106.8436293972482,-5.428888364562374,5.350891210362363,27,29.629629629629626,0.16952114291578058,1891.4222327087525,-3.9571714591573404,0.618,0.5,1.5,300,BNBUSDT
-106.8436293972482,-5.428888364562374,5.350891210362363,27,29.629629629629626,0.16952114291578058,1891.4222327087525,-3.9571714591573404,0.618,0.5,1.5,600,BNBUSDT
-106.97727389924813,-5.435585268942373,5.350891210362363,27,29.629629629629626,0.16934522745636682,1891.2882946211525,-3.9621212555277086,0.5,0.382,1.5,300,BNBUSDT
-106.97727389924813,-5.435585268942373,5.350891210362363,27,29.629629629629626,0.16934522745636682,1891.2882946211525,-3.9621212555277086,0.5,0.382,1.5,600,BNBUSDT
-106.97727389924813,-5.435585268942373,5.350891210362363,27,29.629629629629626,0.16934522745636682,1891.2882946211525,-3.9621212555277086,0.5,0.5,1.5,600,BNBUSDT
-106.97727389924813,-5.435585268942373,5.350891210362363,27,29.629629629629626,0.16934522745636682,1891.2882946211525,-3.9621212555277086,0.5,0.5,1.5,300,BNBUSDT
-117.56260960093977,-5.982361615586944,6.033535548971951,30,33.33333333333333,0.18700321728886618,1880.352767688261,-3.918753653364659,0.5,0.618,1.5,900,BNBUSDT
-117.56260960093977,-5.982361615586944,6.033535548971951,30,33.33333333333333,0.18700321728886618,1880.352767688261,-3.918753653364659,0.618,0.618,1.5,900,BNBUSDT
-121.61086387893982,-6.184768009406946,6.080543193946949,30,30.0,0.18114906517292273,1876.304639811861,-4.053695462631327,0.618,0.382,1.5,900,BNBUSDT
-121.61086387893982,-6.184768009406946,6.080543193946949,30,30.0,0.18114906517292273,1876.304639811861,-4.053695462631327,0.618,0.5,1.5,900,BNBUSDT
-121.74450838093978,-6.191464913786945,6.087225419046956,30,30.0,0.18098619969668178,1876.170701724261,-4.058150279364659,0.5,0.382,1.5,900,BNBUSDT
-121.74450838093978,-6.191464913786945,6.087225419046956,30,30.0,0.18098619969668178,1876.170701724261,-4.058150279364659,0.5,0.5,1.5,900,BNBUSDT
-22.52480100799975,-1.1711054579199867,2.0548001012233157,24,33.33333333333333,0.5189217988973339,1976.5778908416003,-0.9385333753333228,0.5,0.382,2.5,900,XRPUSDT
-22.52480100799975,-1.1711054579199867,2.0548001012233157,24,33.33333333333333,0.5189217988973339,1976.5778908416003,-0.9385333753333228,0.5,0.5,2.5,900,XRPUSDT
-22.52480100799975,-1.1711054579199867,2.0548001012233157,24,33.33333333333333,0.5189217988973339,1976.5778908416003,-0.9385333753333228,0.5,0.618,2.5,900,XRPUSDT
-22.52480100799975,-1.1711054579199867,2.0548001012233157,24,33.33333333333333,0.5189217988973339,1976.5778908416003,-0.9385333753333228,0.618,0.382,2.5,900,XRPUSDT
-22.52480100799975,-1.1711054579199867,2.0548001012233157,24,33.33333333333333,0.5189217988973339,1976.5778908416003,-0.9385333753333228,0.618,0.5,2.5,900,XRPUSDT
-22.52480100799975,-1.1711054579199867,2.0548001012233157,24,33.33333333333333,0.5189217988973339,1976.5778908416003,-0.9385333753333228,0.618,0.618,2.5,900,XRPUSDT
-24.646246447999598,-1.277735471519975,2.160738562391982,24,33.33333333333333,0.49642898881212616,1974.4452905696005,-1.0269269353333166,0.786,0.382,2.5,900,XRPUSDT
-24.646246447999598,-1.277735471519975,2.160738562391982,24,33.33333333333333,0.49642898881212616,1974.4452905696005,-1.0269269353333166,0.786,0.5,2.5,900,XRPUSDT
-24.646246447999598,-1.277735471519975,2.160738562391982,24,33.33333333333333,0.49642898881212616,1974.4452905696005,-1.0269269353333166,0.786,0.618,2.5,900,XRPUSDT
-26.165166134499657,-1.3502674327050044,2.236588740385089,22,31.818181818181817,0.46957174390758744,1972.9946513459,-1.189325733386348,0.5,0.382,2.5,300,XRPUSDT
-26.165166134499657,-1.3502674327050044,2.236588740385089,22,31.818181818181817,0.46957174390758744,1972.9946513459,-1.189325733386348,0.5,0.382,2.5,600,XRPUSDT
-26.165166134499657,-1.3502674327050044,2.236588740385089,22,31.818181818181817,0.46957174390758744,1972.9946513459,-1.189325733386348,0.5,0.5,2.5,300,XRPUSDT
-26.165166134499657,-1.3502674327050044,2.236588740385089,22,31.818181818181817,0.46957174390758744,1972.9946513459,-1.189325733386348,0.5,0.5,2.5,600,XRPUSDT
-26.165166134499657,-1.3502674327050044,2.236588740385089,22,31.818181818181817,0.46957174390758744,1972.9946513459,-1.189325733386348,0.5,0.618,2.5,600,XRPUSDT
-26.165166134499657,-1.3502674327050044,2.236588740385089,22,31.818181818181817,0.46957174390758744,1972.9946513459,-1.189325733386348,0.5,0.618,2.5,300,XRPUSDT
-26.165166134499657,-1.3502674327050044,2.236588740385089,22,31.818181818181817,0.46957174390758744,1972.9946513459,-1.189325733386348,0.618,0.382,2.5,300,XRPUSDT
-26.165166134499657,-1.3502674327050044,2.236588740385089,22,31.818181818181817,0.46957174390758744,1972.9946513459,-1.189325733386348,0.618,0.382,2.5,600,XRPUSDT
-26.165166134499657,-1.3502674327050044,2.236588740385089,22,31.818181818181817,0.46957174390758744,1972.9946513459,-1.189325733386348,0.618,0.5,2.5,300,XRPUSDT
-26.165166134499657,-1.3502674327050044,2.236588740385089,22,31.818181818181817,0.46957174390758744,1972.9946513459,-1.189325733386348,0.618,0.5,2.5,600,XRPUSDT
-26.165166134499657,-1.3502674327050044,2.236588740385089,22,31.818181818181817,0.46957174390758744,1972.9946513459,-1.189325733386348,0.618,0.618,2.5,300,XRPUSDT
-26.165166134499657,-1.3502674327050044,2.236588740385089,22,31.818181818181817,0.46957174390758744,1972.9946513459,-1.189325733386348,0.618,0.618,2.5,600,XRPUSDT
-28.123913601499513,-1.4485162695349914,2.334402565129037,22,31.818181818181817,0.4516379557541566,1971.0296746093002,-1.2783597091590688,0.786,0.382,2.5,300,XRPUSDT
-28.123913601499513,-1.4485162695349914,2.334402565129037,22,31.818181818181817,0.4516379557541566,1971.0296746093002,-1.2783597091590688,0.786,0.382,2.5,600,XRPUSDT
-28.123913601499513,-1.4485162695349914,2.334402565129037,22,31.818181818181817,0.4516379557541566,1971.0296746093002,-1.2783597091590688,0.786,0.5,2.5,300,XRPUSDT
-28.123913601499513,-1.4485162695349914,2.334402565129037,22,31.818181818181817,0.4516379557541566,1971.0296746093002,-1.2783597091590688,0.786,0.5,2.5,600,XRPUSDT
-28.123913601499513,-1.4485162695349914,2.334402565129037,22,31.818181818181817,0.4516379557541566,1971.0296746093002,-1.2783597091590688,0.786,0.618,2.5,300,XRPUSDT
-28.123913601499513,-1.4485162695349914,2.334402565129037,22,31.818181818181817,0.4516379557541566,1971.0296746093002,-1.2783597091590688,0.786,0.618,2.5,600,XRPUSDT
-31.657773227999567,-1.6340398005199746,2.7171315862367282,22,31.818181818181817,0.4713147761802739,1967.3192039896005,-1.4389896921817984,0.5,0.382,2.0,300,XRPUSDT
-31.657773227999567,-1.6340398005199746,2.7171315862367282,22,31.818181818181817,0.4713147761802739,1967.3192039896005,-1.4389896921817984,0.5,0.382,2.0,600,XRPUSDT
-31.657773227999567,-1.6340398005199746,2.7171315862367282,22,31.818181818181817,0.4713147761802739,1967.3192039896005,-1.4389896921817984,0.5,0.5,2.0,600,XRPUSDT
-31.657773227999567,-1.6340398005199746,2.7171315862367282,22,31.818181818181817,0.4713147761802739,1967.3192039896005,-1.4389896921817984,0.5,0.5,2.0,300,XRPUSDT
-31.657773227999567,-1.6340398005199746,2.7171315862367282,22,31.818181818181817,0.4713147761802739,1967.3192039896005,-1.4389896921817984,0.5,0.618,2.0,300,XRPUSDT
-31.657773227999567,-1.6340398005199746,2.7171315862367282,22,31.818181818181817,0.4713147761802739,1967.3192039896005,-1.4389896921817984,0.5,0.618,2.0,600,XRPUSDT
-31.657773227999567,-1.6340398005199746,2.7171315862367282,22,31.818181818181817,0.4713147761802739,1967.3192039896005,-1.4389896921817984,0.618,0.382,2.0,300,XRPUSDT
-31.657773227999567,-1.6340398005199746,2.7171315862367282,22,31.818181818181817,0.4713147761802739,1967.3192039896005,-1.4389896921817984,0.618,0.382,2.0,600,XRPUSDT
-31.657773227999567,-1.6340398005199746,2.7171315862367282,22,31.818181818181817,0.4713147761802739,1967.3192039896005,-1.4389896921817984,0.618,0.5,2.0,300,XRPUSDT
-31.657773227999567,-1.6340398005199746,2.7171315862367282,22,31.818181818181817,0.4713147761802739,1967.3192039896005,-1.4389896921817984,0.618,0.5,2.0,600,XRPUSDT
-31.657773227999567,-1.6340398005199746,2.7171315862367282,22,31.818181818181817,0.4713147761802739,1967.3192039896005,-1.4389896921817984,0.618,0.618,2.0,300,XRPUSDT
-31.657773227999567,-1.6340398005199746,2.7171315862367282,22,31.818181818181817,0.4713147761802739,1967.3192039896005,-1.4389896921817984,0.618,0.618,2.0,600,XRPUSDT
-31.76477753545564,-1.6429566832327622,2.7224737221865594,24,33.33333333333333,0.4826962968268571,1967.1408663353448,-1.3235323973106516,0.5,0.382,2.0,900,XRPUSDT
-31.76477753545564,-1.6429566832327622,2.7224737221865594,24,33.33333333333333,0.4826962968268571,1967.1408663353448,-1.3235323973106516,0.5,0.5,2.0,900,XRPUSDT
-31.76477753545564,-1.6429566832327622,2.7224737221865594,24,33.33333333333333,0.4826962968268571,1967.1408663353448,-1.3235323973106516,0.5,0.618,2.0,900,XRPUSDT
-31.76477753545564,-1.6429566832327622,2.7224737221865594,24,33.33333333333333,0.4826962968268571,1967.1408663353448,-1.3235323973106516,0.618,0.382,2.0,900,XRPUSDT
-31.76477753545564,-1.6429566832327622,2.7224737221865594,24,33.33333333333333,0.4826962968268571,1967.1408663353448,-1.3235323973106516,0.618,0.5,2.0,900,XRPUSDT
-31.76477753545564,-1.6429566832327622,2.7224737221865594,24,33.33333333333333,0.4826962968268571,1967.1408663353448,-1.3235323973106516,0.618,0.618,2.0,900,XRPUSDT
-34.18810925899939,-1.760989867709975,2.8434573332812123,22,31.818181818181817,0.4522060652141903,1964.7802026458005,-1.554004966318154,0.786,0.382,2.0,300,XRPUSDT
-34.18810925899939,-1.760989867709975,2.8434573332812123,22,31.818181818181817,0.4522060652141903,1964.7802026458005,-1.554004966318154,0.786,0.382,2.0,600,XRPUSDT
-34.18810925899939,-1.760989867709975,2.8434573332812123,22,31.818181818181817,0.4522060652141903,1964.7802026458005,-1.554004966318154,0.786,0.5,2.0,300,XRPUSDT
-34.18810925899939,-1.760989867709975,2.8434573332812123,22,31.818181818181817,0.4522060652141903,1964.7802026458005,-1.554004966318154,0.786,0.5,2.0,600,XRPUSDT
-34.18810925899939,-1.760989867709975,2.8434573332812123,22,31.818181818181817,0.4522060652141903,1964.7802026458005,-1.554004966318154,0.786,0.618,2.0,300,XRPUSDT
-34.18810925899939,-1.760989867709975,2.8434573332812123,22,31.818181818181817,0.4522060652141903,1964.7802026458005,-1.554004966318154,0.786,0.618,2.0,600,XRPUSDT
-34.53569886695545,-1.7823001926677648,2.8608105687218677,24,33.33333333333333,0.4618547761115705,1964.3539961466447,-1.4389874527898103,0.786,0.382,2.0,900,XRPUSDT
-34.53569886695545,-1.7823001926677648,2.8608105687218677,24,33.33333333333333,0.4618547761115705,1964.3539961466447,-1.4389874527898103,0.786,0.5,2.0,900,XRPUSDT
-34.53569886695545,-1.7823001926677648,2.8608105687218677,24,33.33333333333333,0.4618547761115705,1964.3539961466447,-1.4389874527898103,0.786,0.618,2.0,900,XRPUSDT
-37.622343286169276,-1.9513978115284774,3.3399845131739334,24,33.33333333333333,0.5027436179278251,1960.9720437694305,-1.56759763692372,0.5,0.382,1.5,900,XRPUSDT
-37.622343286169276,-1.9513978115284774,3.3399845131739334,24,33.33333333333333,0.5027436179278251,1960.9720437694305,-1.56759763692372,0.5,0.5,1.5,900,XRPUSDT
-37.622343286169276,-1.9513978115284774,3.3399845131739334,24,33.33333333333333,0.5027436179278251,1960.9720437694305,-1.56759763692372,0.5,0.618,1.5,900,XRPUSDT
-37.622343286169276,-1.9513978115284774,3.3399845131739334,24,33.33333333333333,0.5027436179278251,1960.9720437694305,-1.56759763692372,0.618,0.382,1.5,900,XRPUSDT
-37.622343286169276,-1.9513978115284774,3.3399845131739334,24,33.33333333333333,0.5027436179278251,1960.9720437694305,-1.56759763692372,0.618,0.5,1.5,900,XRPUSDT
-37.622343286169276,-1.9513978115284774,3.3399845131739334,24,33.33333333333333,0.5027436179278251,1960.9720437694305,-1.56759763692372,0.618,0.618,1.5,900,XRPUSDT
-41.49867137416902,-2.1464461106484465,3.533436403505789,24,33.33333333333333,0.47824157051070015,1957.071077787031,-1.7291113072570425,0.786,0.382,1.5,900,XRPUSDT
-41.49867137416902,-2.1464461106484465,3.533436403505789,24,33.33333333333333,0.47824157051070015,1957.071077787031,-1.7291113072570425,0.786,0.5,1.5,900,XRPUSDT
-41.49867137416902,-2.1464461106484465,3.533436403505789,24,33.33333333333333,0.47824157051070015,1957.071077787031,-1.7291113072570425,0.786,0.618,1.5,900,XRPUSDT
-48.79269017600958,-2.5051719772404906,3.897451443847841,22,31.818181818181817,0.4255741390943421,1949.8965604551902,-2.2178495534549807,0.5,0.382,1.5,600,XRPUSDT
-48.79269017600958,-2.5051719772404906,3.897451443847841,22,31.818181818181817,0.4255741390943421,1949.8965604551902,-2.2178495534549807,0.5,0.382,1.5,300,XRPUSDT
-48.79269017600958,-2.5051719772404906,3.897451443847841,22,31.818181818181817,0.4255741390943421,1949.8965604551902,-2.2178495534549807,0.5,0.5,1.5,300,XRPUSDT
-48.79269017600958,-2.5051719772404906,3.897451443847841,22,31.818181818181817,0.4255741390943421,1949.8965604551902,-2.2178495534549807,0.5,0.5,1.5,600,XRPUSDT
-48.79269017600958,-2.5051719772404906,3.897451443847841,22,31.818181818181817,0.4255741390943421,1949.8965604551902,-2.2178495534549807,0.5,0.618,1.5,300,XRPUSDT
-48.79269017600958,-2.5051719772404906,3.897451443847841,22,31.818181818181817,0.4255741390943421,1949.8965604551902,-2.2178495534549807,0.5,0.618,1.5,600,XRPUSDT
-48.79269017600958,-2.5051719772404906,3.897451443847841,22,31.818181818181817,0.4255741390943421,1949.8965604551902,-2.2178495534549807,0.618,0.382,1.5,300,XRPUSDT
-48.79269017600958,-2.5051719772404906,3.897451443847841,22,31.818181818181817,0.4255741390943421,1949.8965604551902,-2.2178495534549807,0.618,0.382,1.5,600,XRPUSDT
-48.79269017600958,-2.5051719772404906,3.897451443847841,22,31.818181818181817,0.4255741390943421,1949.8965604551902,-2.2178495534549807,0.618,0.5,1.5,300,XRPUSDT
-48.79269017600958,-2.5051719772404906,3.897451443847841,22,31.818181818181817,0.4255741390943421,1949.8965604551902,-2.2178495534549807,0.618,0.5,1.5,600,XRPUSDT
-48.79269017600958,-2.5051719772404906,3.897451443847841,22,31.818181818181817,0.4255741390943421,1949.8965604551902,-2.2178495534549807,0.618,0.618,1.5,300,XRPUSDT
-48.79269017600958,-2.5051719772404906,3.897451443847841,22,31.818181818181817,0.4255741390943421,1949.8965604551902,-2.2178495534549807,0.618,0.618,1.5,600,XRPUSDT
-52.276119967509345,-2.6799806260754737,4.07129536590648,22,31.818181818181817,0.40880901596859176,1946.4003874784905,-2.3761872712504246,0.786,0.382,1.5,300,XRPUSDT
-52.276119967509345,-2.6799806260754737,4.07129536590648,22,31.818181818181817,0.40880901596859176,1946.4003874784905,-2.3761872712504246,0.786,0.382,1.5,600,XRPUSDT
-52.276119967509345,-2.6799806260754737,4.07129536590648,22,31.818181818181817,0.40880901596859176,1946.4003874784905,-2.3761872712504246,0.786,0.5,1.5,300,XRPUSDT
-52.276119967509345,-2.6799806260754737,4.07129536590648,22,31.818181818181817,0.40880901596859176,1946.4003874784905,-2.3761872712504246,0.786,0.5,1.5,600,XRPUSDT
-52.276119967509345,-2.6799806260754737,4.07129536590648,22,31.818181818181817,0.40880901596859176,1946.4003874784905,-2.3761872712504246,0.786,0.618,1.5,300,XRPUSDT
-52.276119967509345,-2.6799806260754737,4.07129536590648,22,31.818181818181817,0.40880901596859176,1946.4003874784905,-2.3761872712504246,0.786,0.618,1.5,600,XRPUSDT
3.0146437455003197,0.12750941559500006,0.21779482884999196,8,50.0,1.3130459062171098,2002.5501883119,0.37683046818753996,0.5,0.382,1.5,900,DOGEUSDT
3.0146437455003197,0.12750941559500006,0.21779482884999196,8,50.0,1.3130459062171098,2002.5501883119,0.37683046818753996,0.5,0.5,1.5,900,DOGEUSDT
3.0146437455003197,0.12750941559500006,0.21779482884999196,8,50.0,1.3130459062171098,2002.5501883119,0.37683046818753996,0.5,0.618,1.5,900,DOGEUSDT
3.0146437455003197,0.12750941559500006,0.21779482884999196,8,50.0,1.3130459062171098,2002.5501883119,0.37683046818753996,0.618,0.382,1.5,900,DOGEUSDT
3.0146437455003197,0.12750941559500006,0.21779482884999196,8,50.0,1.3130459062171098,2002.5501883119,0.37683046818753996,0.618,0.5,1.5,900,DOGEUSDT
3.0146437455003197,0.12750941559500006,0.21779482884999196,8,50.0,1.3130459062171098,2002.5501883119,0.37683046818753996,0.618,0.618,1.5,900,DOGEUSDT
3.0146437455003197,0.12750941559500006,0.21779482884999196,8,50.0,1.3130459062171098,2002.5501883119,0.37683046818753996,0.786,0.382,1.5,900,DOGEUSDT
3.0146437455003197,0.12750941559500006,0.21779482884999196,8,50.0,1.3130459062171098,2002.5501883119,0.37683046818753996,0.786,0.5,1.5,900,DOGEUSDT
3.0146437455003197,0.12750941559500006,0.21779482884999196,8,50.0,1.3130459062171098,2002.5501883119,0.37683046818753996,0.786,0.618,1.5,900,DOGEUSDT
2.394352780000235,0.09847202689999221,0.21779482884999196,7,42.857142857142854,1.2668328718164326,2001.9694405379998,0.3420503971428907,0.5,0.382,1.5,300,DOGEUSDT
2.394352780000235,0.09847202689999221,0.21779482884999196,7,42.857142857142854,1.2668328718164326,2001.9694405379998,0.3420503971428907,0.5,0.382,1.5,600,DOGEUSDT
2.394352780000235,0.09847202689999221,0.21779482884999196,7,42.857142857142854,1.2668328718164326,2001.9694405379998,0.3420503971428907,0.5,0.5,1.5,300,DOGEUSDT
2.394352780000235,0.09847202689999221,0.21779482884999196,7,42.857142857142854,1.2668328718164326,2001.9694405379998,0.3420503971428907,0.5,0.5,1.5,600,DOGEUSDT
2.394352780000235,0.09847202689999221,0.21779482884999196,7,42.857142857142854,1.2668328718164326,2001.9694405379998,0.3420503971428907,0.5,0.618,1.5,300,DOGEUSDT
2.394352780000235,0.09847202689999221,0.21779482884999196,7,42.857142857142854,1.2668328718164326,2001.9694405379998,0.3420503971428907,0.5,0.618,1.5,600,DOGEUSDT
2.394352780000235,0.09847202689999221,0.21779482884999196,7,42.857142857142854,1.2668328718164326,2001.9694405379998,0.3420503971428907,0.618,0.382,1.5,300,DOGEUSDT
2.394352780000235,0.09847202689999221,0.21779482884999196,7,42.857142857142854,1.2668328718164326,2001.9694405379998,0.3420503971428907,0.618,0.382,1.5,600,DOGEUSDT
2.394352780000235,0.09847202689999221,0.21779482884999196,7,42.857142857142854,1.2668328718164326,2001.9694405379998,0.3420503971428907,0.618,0.5,1.5,300,DOGEUSDT
2.394352780000235,0.09847202689999221,0.21779482884999196,7,42.857142857142854,1.2668328718164326,2001.9694405379998,0.3420503971428907,0.618,0.5,1.5,600,DOGEUSDT
2.394352780000235,0.09847202689999221,0.21779482884999196,7,42.857142857142854,1.2668328718164326,2001.9694405379998,0.3420503971428907,0.618,0.618,1.5,300,DOGEUSDT
2.394352780000235,0.09847202689999221,0.21779482884999196,7,42.857142857142854,1.2668328718164326,2001.9694405379998,0.3420503971428907,0.618,0.618,1.5,600,DOGEUSDT
2.394352780000235,0.09847202689999221,0.21779482884999196,7,42.857142857142854,1.2668328718164326,2001.9694405379998,0.3420503971428907,0.786,0.382,1.5,300,DOGEUSDT
2.394352780000235,0.09847202689999221,0.21779482884999196,7,42.857142857142854,1.2668328718164326,2001.9694405379998,0.3420503971428907,0.786,0.382,1.5,600,DOGEUSDT
2.394352780000235,0.09847202689999221,0.21779482884999196,7,42.857142857142854,1.2668328718164326,2001.9694405379998,0.3420503971428907,0.786,0.5,1.5,300,DOGEUSDT
2.394352780000235,0.09847202689999221,0.21779482884999196,7,42.857142857142854,1.2668328718164326,2001.9694405379998,0.3420503971428907,0.786,0.5,1.5,600,DOGEUSDT
2.394352780000235,0.09847202689999221,0.21779482884999196,7,42.857142857142854,1.2668328718164326,2001.9694405379998,0.3420503971428907,0.786,0.618,1.5,300,DOGEUSDT
2.394352780000235,0.09847202689999221,0.21779482884999196,7,42.857142857142854,1.2668328718164326,2001.9694405379998,0.3420503971428907,0.786,0.618,1.5,600,DOGEUSDT
2.2976102265002494,0.09645146680503558,0.1755065732249818,8,50.0,1.295292555330296,2001.9290293361007,0.28720127831253117,0.5,0.382,2.0,900,DOGEUSDT
2.2976102265002494,0.09645146680503558,0.1755065732249818,8,50.0,1.295292555330296,2001.9290293361007,0.28720127831253117,0.5,0.5,2.0,900,DOGEUSDT
2.2976102265002494,0.09645146680503558,0.1755065732249818,8,50.0,1.295292555330296,2001.9290293361007,0.28720127831253117,0.5,0.618,2.0,900,DOGEUSDT
2.2976102265002494,0.09645146680503558,0.1755065732249818,8,50.0,1.295292555330296,2001.9290293361007,0.28720127831253117,0.618,0.382,2.0,900,DOGEUSDT
2.2976102265002494,0.09645146680503558,0.1755065732249818,8,50.0,1.295292555330296,2001.9290293361007,0.28720127831253117,0.618,0.5,2.0,900,DOGEUSDT
2.2976102265002494,0.09645146680503558,0.1755065732249818,8,50.0,1.295292555330296,2001.9290293361007,0.28720127831253117,0.618,0.618,2.0,900,DOGEUSDT
2.2976102265002494,0.09645146680503558,0.1755065732249818,8,50.0,1.295292555330296,2001.9290293361007,0.28720127831253117,0.786,0.382,2.0,900,DOGEUSDT
2.2976102265002494,0.09645146680503558,0.1755065732249818,8,50.0,1.295292555330296,2001.9290293361007,0.28720127831253117,0.786,0.5,2.0,900,DOGEUSDT
2.2976102265002494,0.09645146680503558,0.1755065732249818,8,50.0,1.295292555330296,2001.9290293361007,0.28720127831253117,0.786,0.618,2.0,900,DOGEUSDT
1.8485065210002063,0.07713512179002464,0.14710200162498951,8,50.0,1.2830699461307042,2001.5427024358005,0.2310633151250258,0.5,0.382,2.5,900,DOGEUSDT
1.8485065210002063,0.07713512179002464,0.14710200162498951,8,50.0,1.2830699461307042,2001.5427024358005,0.2310633151250258,0.5,0.5,2.5,900,DOGEUSDT
1.8485065210002063,0.07713512179002464,0.14710200162498951,8,50.0,1.2830699461307042,2001.5427024358005,0.2310633151250258,0.5,0.618,2.5,900,DOGEUSDT
1.8485065210002063,0.07713512179002464,0.14710200162498951,8,50.0,1.2830699461307042,2001.5427024358005,0.2310633151250258,0.618,0.382,2.5,900,DOGEUSDT
1.8485065210002063,0.07713512179002464,0.14710200162498951,8,50.0,1.2830699461307042,2001.5427024358005,0.2310633151250258,0.618,0.5,2.5,900,DOGEUSDT
1.8485065210002063,0.07713512179002464,0.14710200162498951,8,50.0,1.2830699461307042,2001.5427024358005,0.2310633151250258,0.618,0.618,2.5,900,DOGEUSDT
1.8485065210002063,0.07713512179002464,0.14710200162498951,8,50.0,1.2830699461307042,2001.5427024358005,0.2310633151250258,0.786,0.382,2.5,900,DOGEUSDT
1.8485065210002063,0.07713512179002464,0.14710200162498951,8,50.0,1.2830699461307042,2001.5427024358005,0.2310633151250258,0.786,0.5,2.5,900,DOGEUSDT
1.8485065210002063,0.07713512179002464,0.14710200162498951,8,50.0,1.2830699461307042,2001.5427024358005,0.2310633151250258,0.786,0.618,2.5,900,DOGEUSDT
1.815404900500181,0.07389816498503024,0.1755065732249818,7,42.857142857142854,1.2502739772673328,2001.4779632997006,0.25934355721431157,0.5,0.382,2.0,300,DOGEUSDT
1.815404900500181,0.07389816498503024,0.1755065732249818,7,42.857142857142854,1.2502739772673328,2001.4779632997006,0.25934355721431157,0.5,0.382,2.0,600,DOGEUSDT
1.815404900500181,0.07389816498503024,0.1755065732249818,7,42.857142857142854,1.2502739772673328,2001.4779632997006,0.25934355721431157,0.5,0.5,2.0,300,DOGEUSDT
1.815404900500181,0.07389816498503024,0.1755065732249818,7,42.857142857142854,1.2502739772673328,2001.4779632997006,0.25934355721431157,0.5,0.5,2.0,600,DOGEUSDT
1.815404900500181,0.07389816498503024,0.1755065732249818,7,42.857142857142854,1.2502739772673328,2001.4779632997006,0.25934355721431157,0.5,0.618,2.0,300,DOGEUSDT
1.815404900500181,0.07389816498503024,0.1755065732249818,7,42.857142857142854,1.2502739772673328,2001.4779632997006,0.25934355721431157,0.5,0.618,2.0,600,DOGEUSDT
1.815404900500181,0.07389816498503024,0.1755065732249818,7,42.857142857142854,1.2502739772673328,2001.4779632997006,0.25934355721431157,0.618,0.382,2.0,300,DOGEUSDT
1.815404900500181,0.07389816498503024,0.1755065732249818,7,42.857142857142854,1.2502739772673328,2001.4779632997006,0.25934355721431157,0.618,0.382,2.0,600,DOGEUSDT
1.815404900500181,0.07389816498503024,0.1755065732249818,7,42.857142857142854,1.2502739772673328,2001.4779632997006,0.25934355721431157,0.618,0.5,2.0,300,DOGEUSDT
1.815404900500181,0.07389816498503024,0.1755065732249818,7,42.857142857142854,1.2502739772673328,2001.4779632997006,0.25934355721431157,0.618,0.5,2.0,600,DOGEUSDT
1.815404900500181,0.07389816498503024,0.1755065732249818,7,42.857142857142854,1.2502739772673328,2001.4779632997006,0.25934355721431157,0.618,0.618,2.0,300,DOGEUSDT
1.815404900500181,0.07389816498503024,0.1755065732249818,7,42.857142857142854,1.2502739772673328,2001.4779632997006,0.25934355721431157,0.618,0.618,2.0,600,DOGEUSDT
1.815404900500181,0.07389816498503024,0.1755065732249818,7,42.857142857142854,1.2502739772673328,2001.4779632997006,0.25934355721431157,0.786,0.382,2.0,300,DOGEUSDT
1.815404900500181,0.07389816498503024,0.1755065732249818,7,42.857142857142854,1.2502739772673328,2001.4779632997006,0.25934355721431157,0.786,0.382,2.0,600,DOGEUSDT
1.815404900500181,0.07389816498503024,0.1755065732249818,7,42.857142857142854,1.2502739772673328,2001.4779632997006,0.25934355721431157,0.786,0.5,2.0,300,DOGEUSDT
1.815404900500181,0.07389816498503024,0.1755065732249818,7,42.857142857142854,1.2502739772673328,2001.4779632997006,0.25934355721431157,0.786,0.5,2.0,600,DOGEUSDT
1.815404900500181,0.07389816498503024,0.1755065732249818,7,42.857142857142854,1.2502739772673328,2001.4779632997006,0.25934355721431157,0.786,0.618,2.0,300,DOGEUSDT
1.815404900500181,0.07389816498503024,0.1755065732249818,7,42.857142857142854,1.2502739772673328,2001.4779632997006,0.25934355721431157,0.786,0.618,2.0,600,DOGEUSDT
1.4545090175001487,0.05871945995502301,0.14710200162498951,7,42.857142857142854,1.2388451924929798,2001.1743891991005,0.20778700250002125,0.5,0.382,2.5,300,DOGEUSDT
1.4545090175001487,0.05871945995502301,0.14710200162498951,7,42.857142857142854,1.2388451924929798,2001.1743891991005,0.20778700250002125,0.5,0.382,2.5,600,DOGEUSDT
1.4545090175001487,0.05871945995502301,0.14710200162498951,7,42.857142857142854,1.2388451924929798,2001.1743891991005,0.20778700250002125,0.5,0.5,2.5,300,DOGEUSDT
1.4545090175001487,0.05871945995502301,0.14710200162498951,7,42.857142857142854,1.2388451924929798,2001.1743891991005,0.20778700250002125,0.5,0.5,2.5,600,DOGEUSDT
1.4545090175001487,0.05871945995502301,0.14710200162498951,7,42.857142857142854,1.2388451924929798,2001.1743891991005,0.20778700250002125,0.5,0.618,2.5,300,DOGEUSDT
1.4545090175001487,0.05871945995502301,0.14710200162498951,7,42.857142857142854,1.2388451924929798,2001.1743891991005,0.20778700250002125,0.5,0.618,2.5,600,DOGEUSDT
1.4545090175001487,0.05871945995502301,0.14710200162498951,7,42.857142857142854,1.2388451924929798,2001.1743891991005,0.20778700250002125,0.618,0.382,2.5,300,DOGEUSDT
1.4545090175001487,0.05871945995502301,0.14710200162498951,7,42.857142857142854,1.2388451924929798,2001.1743891991005,0.20778700250002125,0.618,0.382,2.5,600,DOGEUSDT
1.4545090175001487,0.05871945995502301,0.14710200162498951,7,42.857142857142854,1.2388451924929798,2001.1743891991005,0.20778700250002125,0.618,0.5,2.5,300,DOGEUSDT
1.4545090175001487,0.05871945995502301,0.14710200162498951,7,42.857142857142854,1.2388451924929798,2001.1743891991005,0.20778700250002125,0.618,0.5,2.5,600,DOGEUSDT
1.4545090175001487,0.05871945995502301,0.14710200162498951,7,42.857142857142854,1.2388451924929798,2001.1743891991005,0.20778700250002125,0.618,0.618,2.5,300,DOGEUSDT
1.4545090175001487,0.05871945995502301,0.14710200162498951,7,42.857142857142854,1.2388451924929798,2001.1743891991005,0.20778700250002125,0.618,0.618,2.5,600,DOGEUSDT
1.4545090175001487,0.05871945995502301,0.14710200162498951,7,42.857142857142854,1.2388451924929798,2001.1743891991005,0.20778700250002125,0.786,0.382,2.5,300,DOGEUSDT
1.4545090175001487,0.05871945995502301,0.14710200162498951,7,42.857142857142854,1.2388451924929798,2001.1743891991005,0.20778700250002125,0.786,0.382,2.5,600,DOGEUSDT
1.4545090175001487,0.05871945995502301,0.14710200162498951,7,42.857142857142854,1.2388451924929798,2001.1743891991005,0.20778700250002125,0.786,0.5,2.5,300,DOGEUSDT
1.4545090175001487,0.05871945995502301,0.14710200162498951,7,42.857142857142854,1.2388451924929798,2001.1743891991005,0.20778700250002125,0.786,0.5,2.5,600,DOGEUSDT
1.4545090175001487,0.05871945995502301,0.14710200162498951,7,42.857142857142854,1.2388451924929798,2001.1743891991005,0.20778700250002125,0.786,0.618,2.5,300,DOGEUSDT
1.4545090175001487,0.05871945995502301,0.14710200162498951,7,42.857142857142854,1.2388451924929798,2001.1743891991005,0.20778700250002125,0.786,0.618,2.5,600,DOGEUSDT
-4.810741513000241,-0.27284712196999406,0.7151929018250144,20,50.0,0.7394779838616505,1994.5430575606001,-0.24053707565001203,0.5,0.382,2.5,300,ADAUSDT
-4.810741513000241,-0.27284712196999406,0.7151929018250144,20,50.0,0.7394779838616505,1994.5430575606001,-0.24053707565001203,0.5,0.382,2.5,600,ADAUSDT
-4.810741513000241,-0.27284712196999406,0.7151929018250144,20,50.0,0.7394779838616505,1994.5430575606001,-0.24053707565001203,0.5,0.5,2.5,300,ADAUSDT
-4.810741513000241,-0.27284712196999406,0.7151929018250144,20,50.0,0.7394779838616505,1994.5430575606001,-0.24053707565001203,0.5,0.5,2.5,600,ADAUSDT
-4.810741513000241,-0.27284712196999406,0.7151929018250144,20,50.0,0.7394779838616505,1994.5430575606001,-0.24053707565001203,0.5,0.618,2.5,600,ADAUSDT
-4.810741513000241,-0.27284712196999406,0.7151929018250144,20,50.0,0.7394779838616505,1994.5430575606001,-0.24053707565001203,0.5,0.618,2.5,300,ADAUSDT
-4.810741513000241,-0.27284712196999406,0.7151929018250144,20,50.0,0.7394779838616505,1994.5430575606001,-0.24053707565001203,0.618,0.382,2.5,300,ADAUSDT
-4.810741513000241,-0.27284712196999406,0.7151929018250144,20,50.0,0.7394779838616505,1994.5430575606001,-0.24053707565001203,0.618,0.382,2.5,600,ADAUSDT
-4.810741513000241,-0.27284712196999406,0.7151929018250144,20,50.0,0.7394779838616505,1994.5430575606001,-0.24053707565001203,0.618,0.5,2.5,300,ADAUSDT
-4.810741513000241,-0.27284712196999406,0.7151929018250144,20,50.0,0.7394779838616505,1994.5430575606001,-0.24053707565001203,0.618,0.5,2.5,600,ADAUSDT
-4.810741513000241,-0.27284712196999406,0.7151929018250144,20,50.0,0.7394779838616505,1994.5430575606001,-0.24053707565001203,0.618,0.618,2.5,300,ADAUSDT
-4.810741513000241,-0.27284712196999406,0.7151929018250144,20,50.0,0.7394779838616505,1994.5430575606001,-0.24053707565001203,0.618,0.618,2.5,600,ADAUSDT
-4.810741513000241,-0.27284712196999406,0.7151929018250144,20,50.0,0.7394779838616505,1994.5430575606001,-0.24053707565001203,0.786,0.382,2.5,300,ADAUSDT
-4.810741513000241,-0.27284712196999406,0.7151929018250144,20,50.0,0.7394779838616505,1994.5430575606001,-0.24053707565001203,0.786,0.382,2.5,600,ADAUSDT
-4.810741513000241,-0.27284712196999406,0.7151929018250144,20,50.0,0.7394779838616505,1994.5430575606001,-0.24053707565001203,0.786,0.5,2.5,300,ADAUSDT
-4.810741513000241,-0.27284712196999406,0.7151929018250144,20,50.0,0.7394779838616505,1994.5430575606001,-0.24053707565001203,0.786,0.5,2.5,600,ADAUSDT
-4.810741513000241,-0.27284712196999406,0.7151929018250144,20,50.0,0.7394779838616505,1994.5430575606001,-0.24053707565001203,0.786,0.618,2.5,300,ADAUSDT
-4.810741513000241,-0.27284712196999406,0.7151929018250144,20,50.0,0.7394779838616505,1994.5430575606001,-0.24053707565001203,0.786,0.618,2.5,600,ADAUSDT
-5.566036976000291,-0.3178193848400042,0.8682023015250139,20,50.0,0.7517671369456325,1993.6436123032,-0.2783018488000145,0.5,0.382,2.0,300,ADAUSDT
-5.566036976000291,-0.3178193848400042,0.8682023015250139,20,50.0,0.7517671369456325,1993.6436123032,-0.2783018488000145,0.5,0.382,2.0,600,ADAUSDT
-5.566036976000291,-0.3178193848400042,0.8682023015250139,20,50.0,0.7517671369456325,1993.6436123032,-0.2783018488000145,0.5,0.5,2.0,300,ADAUSDT
-5.566036976000291,-0.3178193848400042,0.8682023015250139,20,50.0,0.7517671369456325,1993.6436123032,-0.2783018488000145,0.5,0.5,2.0,600,ADAUSDT
-5.566036976000291,-0.3178193848400042,0.8682023015250139,20,50.0,0.7517671369456325,1993.6436123032,-0.2783018488000145,0.5,0.618,2.0,300,ADAUSDT
-5.566036976000291,-0.3178193848400042,0.8682023015250139,20,50.0,0.7517671369456325,1993.6436123032,-0.2783018488000145,0.5,0.618,2.0,600,ADAUSDT
-5.566036976000291,-0.3178193848400042,0.8682023015250139,20,50.0,0.7517671369456325,1993.6436123032,-0.2783018488000145,0.618,0.382,2.0,300,ADAUSDT
-5.566036976000291,-0.3178193848400042,0.8682023015250139,20,50.0,0.7517671369456325,1993.6436123032,-0.2783018488000145,0.618,0.382,2.0,600,ADAUSDT
-5.566036976000291,-0.3178193848400042,0.8682023015250139,20,50.0,0.7517671369456325,1993.6436123032,-0.2783018488000145,0.618,0.5,2.0,300,ADAUSDT
-5.566036976000291,-0.3178193848400042,0.8682023015250139,20,50.0,0.7517671369456325,1993.6436123032,-0.2783018488000145,0.618,0.5,2.0,600,ADAUSDT
-5.566036976000291,-0.3178193848400042,0.8682023015250139,20,50.0,0.7517671369456325,1993.6436123032,-0.2783018488000145,0.618,0.618,2.0,300,ADAUSDT
-5.566036976000291,-0.3178193848400042,0.8682023015250139,20,50.0,0.7517671369456325,1993.6436123032,-0.2783018488000145,0.618,0.618,2.0,600,ADAUSDT
-5.566036976000291,-0.3178193848400042,0.8682023015250139,20,50.0,0.7517671369456325,1993.6436123032,-0.2783018488000145,0.786,0.382,2.0,300,ADAUSDT
-5.566036976000291,-0.3178193848400042,0.8682023015250139,20,50.0,0.7517671369456325,1993.6436123032,-0.2783018488000145,0.786,0.382,2.0,600,ADAUSDT
-5.566036976000291,-0.3178193848400042,0.8682023015250139,20,50.0,0.7517671369456325,1993.6436123032,-0.2783018488000145,0.786,0.5,2.0,300,ADAUSDT
-5.566036976000291,-0.3178193848400042,0.8682023015250139,20,50.0,0.7517671369456325,1993.6436123032,-0.2783018488000145,0.786,0.5,2.0,600,ADAUSDT
-5.566036976000291,-0.3178193848400042,0.8682023015250139,20,50.0,0.7517671369456325,1993.6436123032,-0.2783018488000145,0.786,0.618,2.0,300,ADAUSDT
-5.566036976000291,-0.3178193848400042,0.8682023015250139,20,50.0,0.7517671369456325,1993.6436123032,-0.2783018488000145,0.786,0.618,2.0,600,ADAUSDT
-12.288937411500434,-0.6549690190349906,1.240428266524998,25,48.0,0.6102071498941681,1986.9006196193002,-0.4915574964600174,0.5,0.382,2.5,900,ADAUSDT
-12.288937411500434,-0.6549690190349906,1.240428266524998,25,48.0,0.6102071498941681,1986.9006196193002,-0.4915574964600174,0.5,0.5,2.5,900,ADAUSDT
-12.288937411500434,-0.6549690190349906,1.240428266524998,25,48.0,0.6102071498941681,1986.9006196193002,-0.4915574964600174,0.5,0.618,2.5,900,ADAUSDT
-12.288937411500434,-0.6549690190349906,1.240428266524998,25,48.0,0.6102071498941681,1986.9006196193002,-0.4915574964600174,0.618,0.382,2.5,900,ADAUSDT
-12.288937411500434,-0.6549690190349906,1.240428266524998,25,48.0,0.6102071498941681,1986.9006196193002,-0.4915574964600174,0.618,0.5,2.5,900,ADAUSDT
-12.288937411500434,-0.6549690190349906,1.240428266524998,25,48.0,0.6102071498941681,1986.9006196193002,-0.4915574964600174,0.618,0.618,2.5,900,ADAUSDT
-12.288937411500434,-0.6549690190349906,1.240428266524998,25,48.0,0.6102071498941681,1986.9006196193002,-0.4915574964600174,0.786,0.382,2.5,900,ADAUSDT
-12.288937411500434,-0.6549690190349906,1.240428266524998,25,48.0,0.6102071498941681,1986.9006196193002,-0.4915574964600174,0.786,0.5,2.5,900,ADAUSDT
-12.288937411500434,-0.6549690190349906,1.240428266524998,25,48.0,0.6102071498941681,1986.9006196193002,-0.4915574964600174,0.786,0.618,2.5,900,ADAUSDT
-14.660466037634786,-0.7839746761217157,1.512668357381733,20,50.0,0.6005909099721694,1984.3205064775657,-0.7330233018817393,0.5,0.382,1.5,300,ADAUSDT
-14.660466037634786,-0.7839746761217157,1.512668357381733,20,50.0,0.6005909099721694,1984.3205064775657,-0.7330233018817393,0.5,0.382,1.5,600,ADAUSDT
-14.660466037634786,-0.7839746761217157,1.512668357381733,20,50.0,0.6005909099721694,1984.3205064775657,-0.7330233018817393,0.5,0.5,1.5,300,ADAUSDT
-14.660466037634786,-0.7839746761217157,1.512668357381733,20,50.0,0.6005909099721694,1984.3205064775657,-0.7330233018817393,0.5,0.5,1.5,600,ADAUSDT
-14.660466037634786,-0.7839746761217157,1.512668357381733,20,50.0,0.6005909099721694,1984.3205064775657,-0.7330233018817393,0.5,0.618,1.5,300,ADAUSDT
-14.660466037634786,-0.7839746761217157,1.512668357381733,20,50.0,0.6005909099721694,1984.3205064775657,-0.7330233018817393,0.5,0.618,1.5,600,ADAUSDT
-14.660466037634786,-0.7839746761217157,1.512668357381733,20,50.0,0.6005909099721694,1984.3205064775657,-0.7330233018817393,0.618,0.382,1.5,300,ADAUSDT
-14.660466037634786,-0.7839746761217157,1.512668357381733,20,50.0,0.6005909099721694,1984.3205064775657,-0.7330233018817393,0.618,0.382,1.5,600,ADAUSDT
-14.660466037634786,-0.7839746761217157,1.512668357381733,20,50.0,0.6005909099721694,1984.3205064775657,-0.7330233018817393,0.618,0.5,1.5,300,ADAUSDT
-14.660466037634786,-0.7839746761217157,1.512668357381733,20,50.0,0.6005909099721694,1984.3205064775657,-0.7330233018817393,0.618,0.5,1.5,600,ADAUSDT
-14.660466037634786,-0.7839746761217157,1.512668357381733,20,50.0,0.6005909099721694,1984.3205064775657,-0.7330233018817393,0.618,0.618,1.5,300,ADAUSDT
-14.660466037634786,-0.7839746761217157,1.512668357381733,20,50.0,0.6005909099721694,1984.3205064775657,-0.7330233018817393,0.618,0.618,1.5,600,ADAUSDT
-14.660466037634786,-0.7839746761217157,1.512668357381733,20,50.0,0.6005909099721694,1984.3205064775657,-0.7330233018817393,0.786,0.382,1.5,300,ADAUSDT
-14.660466037634786,-0.7839746761217157,1.512668357381733,20,50.0,0.6005909099721694,1984.3205064775657,-0.7330233018817393,0.786,0.382,1.5,600,ADAUSDT
-14.660466037634786,-0.7839746761217157,1.512668357381733,20,50.0,0.6005909099721694,1984.3205064775657,-0.7330233018817393,0.786,0.5,1.5,300,ADAUSDT
-14.660466037634786,-0.7839746761217157,1.512668357381733,20,50.0,0.6005909099721694,1984.3205064775657,-0.7330233018817393,0.786,0.5,1.5,600,ADAUSDT
-14.660466037634786,-0.7839746761217157,1.512668357381733,20,50.0,0.6005909099721694,1984.3205064775657,-0.7330233018817393,0.786,0.618,1.5,300,ADAUSDT
-14.660466037634786,-0.7839746761217157,1.512668357381733,20,50.0,0.6005909099721694,1984.3205064775657,-0.7330233018817393,0.786,0.618,1.5,600,ADAUSDT
-14.941581971500527,-0.7967212378350269,1.5183739360249886,25,48.0,0.6131182650523266,1984.0655752432995,-0.5976632788600211,0.5,0.382,2.0,900,ADAUSDT
-14.941581971500527,-0.7967212378350269,1.5183739360249886,25,48.0,0.6131182650523266,1984.0655752432995,-0.5976632788600211,0.5,0.5,2.0,900,ADAUSDT
-14.941581971500527,-0.7967212378350269,1.5183739360249886,25,48.0,0.6131182650523266,1984.0655752432995,-0.5976632788600211,0.5,0.618,2.0,900,ADAUSDT
-14.941581971500527,-0.7967212378350269,1.5183739360249886,25,48.0,0.6131182650523266,1984.0655752432995,-0.5976632788600211,0.618,0.382,2.0,900,ADAUSDT
-14.941581971500527,-0.7967212378350269,1.5183739360249886,25,48.0,0.6131182650523266,1984.0655752432995,-0.5976632788600211,0.618,0.5,2.0,900,ADAUSDT
-14.941581971500527,-0.7967212378350269,1.5183739360249886,25,48.0,0.6131182650523266,1984.0655752432995,-0.5976632788600211,0.618,0.618,2.0,900,ADAUSDT
-14.941581971500527,-0.7967212378350269,1.5183739360249886,25,48.0,0.6131182650523266,1984.0655752432995,-0.5976632788600211,0.786,0.382,2.0,900,ADAUSDT
-14.941581971500527,-0.7967212378350269,1.5183739360249886,25,48.0,0.6131182650523266,1984.0655752432995,-0.5976632788600211,0.786,0.5,2.0,900,ADAUSDT
-14.941581971500527,-0.7967212378350269,1.5183739360249886,25,48.0,0.6131182650523266,1984.0655752432995,-0.5976632788600211,0.786,0.618,2.0,900,ADAUSDT
-29.31464246633063,-1.529901185776521,2.471967868941488,25,48.0,0.5126287551793185,1969.4019762844696,-1.172585698653225,0.5,0.382,1.5,900,ADAUSDT
-29.31464246633063,-1.529901185776521,2.471967868941488,25,48.0,0.5126287551793185,1969.4019762844696,-1.172585698653225,0.5,0.5,1.5,900,ADAUSDT
-29.31464246633063,-1.529901185776521,2.471967868941488,25,48.0,0.5126287551793185,1969.4019762844696,-1.172585698653225,0.5,0.618,1.5,900,ADAUSDT
-29.31464246633063,-1.529901185776521,2.471967868941488,25,48.0,0.5126287551793185,1969.4019762844696,-1.172585698653225,0.618,0.382,1.5,900,ADAUSDT
-29.31464246633063,-1.529901185776521,2.471967868941488,25,48.0,0.5126287551793185,1969.4019762844696,-1.172585698653225,0.618,0.5,1.5,900,ADAUSDT
-29.31464246633063,-1.529901185776521,2.471967868941488,25,48.0,0.5126287551793185,1969.4019762844696,-1.172585698653225,0.618,0.618,1.5,900,ADAUSDT
-29.31464246633063,-1.529901185776521,2.471967868941488,25,48.0,0.5126287551793185,1969.4019762844696,-1.172585698653225,0.786,0.382,1.5,900,ADAUSDT
-29.31464246633063,-1.529901185776521,2.471967868941488,25,48.0,0.5126287551793185,1969.4019762844696,-1.172585698653225,0.786,0.5,1.5,900,ADAUSDT
-29.31464246633063,-1.529901185776521,2.471967868941488,25,48.0,0.5126287551793185,1969.4019762844696,-1.172585698653225,0.786,0.618,1.5,900,ADAUSDT
-14.039705677500184,-0.7477466359749769,0.7659817149673693,27,37.03703703703704,0.49020651423577627,1985.0450672805005,-0.5199890991666735,0.5,0.618,2.5,900,AVAXUSDT
-14.039705677500184,-0.7477466359749769,0.7659817149673693,27,37.03703703703704,0.49020651423577627,1985.0450672805005,-0.5199890991666735,0.618,0.618,2.5,900,AVAXUSDT
-15.05540705250019,-0.8001355737249697,0.7879243074925715,28,35.714285714285715,0.4727702880789951,1983.9972885255006,-0.5376931090178639,0.618,0.5,2.5,900,AVAXUSDT
-15.409190677500188,-0.8183834059749756,0.8056072231301056,28,35.714285714285715,0.46698469678090443,1983.6323318805005,-0.5503282384821496,0.5,0.5,2.5,900,AVAXUSDT
-16.34371423050023,-0.8643318285449823,0.8523168500920396,28,35.714285714285715,0.4523617148927879,1982.7133634291004,-0.5837040796607225,0.618,0.382,2.5,900,AVAXUSDT
-16.755959286000106,-0.8840363613399744,0.8729218018853692,27,33.33333333333333,0.4297584311794821,1982.3192727732005,-0.6205910846666706,0.786,0.618,2.5,900,AVAXUSDT
-16.921286990000215,-0.902141729099992,0.9443205234512462,27,37.03703703703704,0.49624212246840577,1981.9571654180002,-0.626714332962971,0.5,0.618,2.0,900,AVAXUSDT
-16.921286990000215,-0.902141729099992,0.9443205234512462,27,37.03703703703704,0.49624212246840577,1981.9571654180002,-0.626714332962971,0.618,0.618,2.0,900,AVAXUSDT
-17.39505228600011,-0.917000187339977,0.904865133359624,28,32.142857142857146,0.4206102761435742,1981.6599962532005,-0.6212518673571468,0.786,0.5,2.5,900,AVAXUSDT
-18.073936865000217,-0.9615943438499925,0.9481405713281925,28,35.714285714285715,0.47977845417054144,1980.7681131230001,-0.6454977451785792,0.618,0.5,2.0,900,AVAXUSDT
-18.096459661500084,-0.9465810509350036,0.9336576843499984,25,36.0,0.4053348808459796,1981.0683789813,-0.7238583864600033,0.5,0.618,2.5,300,AVAXUSDT
-18.096459661500084,-0.9465810509350036,0.9336576843499984,25,36.0,0.4053348808459796,1981.0683789813,-0.7238583864600033,0.5,0.618,2.5,600,AVAXUSDT
-18.096459661500084,-0.9465810509350036,0.9336576843499984,25,36.0,0.4053348808459796,1981.0683789813,-0.7238583864600033,0.618,0.618,2.5,300,AVAXUSDT
-18.096459661500084,-0.9465810509350036,0.9336576843499984,25,36.0,0.4053348808459796,1981.0683789813,-0.7238583864600033,0.618,0.618,2.5,600,AVAXUSDT
-18.281990925000137,-0.961255125249977,0.9491963573644235,28,32.142857142857146,0.40854118764267083,1980.7748974950005,-0.6529282473214335,0.786,0.382,2.5,900,AVAXUSDT
-18.54184424000022,-0.9857285735999994,0.9715254474828745,28,35.714285714285715,0.4734027777625704,1980.285428528,-0.6622087228571507,0.5,0.5,2.0,900,AVAXUSDT
-19.112161036500094,-0.9989699886849963,0.9556080518249928,26,34.61538461538461,0.3922430570494303,1980.0206002263,-0.7350831167884652,0.618,0.5,2.5,300,AVAXUSDT
-19.112161036500094,-0.9989699886849963,0.9556080518249928,26,34.61538461538461,0.3922430570494303,1980.0206002263,-0.7350831167884652,0.618,0.5,2.5,600,AVAXUSDT
-19.346539543500267,-1.0179856335149906,1.0024049348190605,29,34.48275862068966,0.4110072338173594,1979.6402873297002,-0.6671220532241471,0.5,0.382,2.5,900,AVAXUSDT
-19.46467305500026,-1.03083966895,1.0176461942455055,28,35.714285714285715,0.46131234465463145,1979.383206621,-0.6951668948214379,0.618,0.382,2.0,900,AVAXUSDT
-19.465944661500096,-1.0172178209350022,0.973297233074993,26,34.61538461538461,0.3878793606085397,1979.6556435813,-0.7486901792884653,0.5,0.5,2.5,300,AVAXUSDT
-19.465944661500096,-1.0172178209350022,0.973297233074993,26,34.61538461538461,0.3878793606085397,1979.6556435813,-0.7486901792884653,0.5,0.5,2.5,600,AVAXUSDT
-20.37880041500012,-1.0757252673500033,1.0633320633840366,27,33.33333333333333,0.43331997217173834,1978.485494653,-0.7547703857407453,0.786,0.618,2.0,900,AVAXUSDT
-20.400468214500133,-1.0631662435050089,1.0200234107250026,26,34.61538461538461,0.37680624380950156,1978.7366751298998,-0.7846333928653897,0.618,0.382,2.5,600,AVAXUSDT
-20.400468214500133,-1.0631662435050089,1.0200234107250026,26,34.61538461538461,0.37680624380950156,1978.7366751298998,-0.7846333928653897,0.618,0.382,2.5,300,AVAXUSDT
-20.812713270000007,-1.0828707763000012,1.0406356634999951,25,32.0,0.3551509461003214,1978.342584474,-0.8325085308000003,0.786,0.618,2.5,300,AVAXUSDT
-20.812713270000007,-1.0828707763000012,1.0406356634999951,25,32.0,0.3551509461003214,1978.342584474,-0.8325085308000003,0.786,0.618,2.5,600,AVAXUSDT
-21.074955290000126,-1.1116322921000006,1.0981241961995343,28,32.142857142857146,0.4250909725658418,1977.767354158,-0.7526769746428617,0.786,0.5,2.0,900,AVAXUSDT
-21.45180627000001,-1.1158346023000036,1.0725903134999952,26,30.76923076923077,0.34825504782045535,1977.683307954,-0.8250694719230773,0.786,0.5,2.5,300,AVAXUSDT
-21.45180627000001,-1.1158346023000036,1.0725903134999952,26,30.76923076923077,0.34825504782045535,1977.683307954,-0.8250694719230773,0.786,0.5,2.5,600,AVAXUSDT
-21.695625513500097,-1.1359259148149705,1.1385920075249942,25,36.0,0.41226865253421324,1977.2814817037006,-0.8678250205400039,0.5,0.618,2.0,300,AVAXUSDT
-21.695625513500097,-1.1359259148149705,1.1385920075249942,25,36.0,0.41226865253421324,1977.2814817037006,-0.8678250205400039,0.5,0.618,2.0,600,AVAXUSDT
-21.695625513500097,-1.1359259148149705,1.1385920075249942,25,36.0,0.41226865253421324,1977.2814817037006,-0.8678250205400039,0.618,0.618,2.0,300,AVAXUSDT
-21.695625513500097,-1.1359259148149705,1.1385920075249942,25,36.0,0.41226865253421324,1977.2814817037006,-0.8678250205400039,0.618,0.618,2.0,600,AVAXUSDT
-21.74480673492304,-1.1595773264661375,1.2463297747925328,27,37.03703703703704,0.4986300942439997,1976.8084534706773,-0.805363212404557,0.5,0.618,1.5,900,AVAXUSDT
-21.74480673492304,-1.1595773264661375,1.2463297747925328,27,37.03703703703704,0.4986300942439997,1976.8084534706773,-0.805363212404557,0.618,0.618,1.5,900,AVAXUSDT
-21.994598621000154,-1.1574863114900154,1.1440857401950992,28,32.142857142857146,0.41468762828621625,1976.8502737701997,-0.7855213793214341,0.786,0.382,2.0,900,AVAXUSDT
-22.338744909000038,-1.1600895402100035,1.116937245449992,26,30.76923076923077,0.33911692787327596,1976.7982091958,-0.8591824965000014,0.786,0.382,2.5,300,AVAXUSDT
-22.338744909000038,-1.1600895402100035,1.116937245449992,26,30.76923076923077,0.33911692787327596,1976.7982091958,-0.8591824965000014,0.786,0.382,2.5,600,AVAXUSDT
-22.848275388500102,-1.195378529564971,1.1424137694249794,26,34.61538461538461,0.3997853091290337,1976.0924294087006,-0.8787798226346193,0.618,0.5,2.0,300,AVAXUSDT
-22.848275388500102,-1.195378529564971,1.1424137694249794,26,34.61538461538461,0.3997853091290337,1976.0924294087006,-0.8787798226346193,0.618,0.5,2.0,600,AVAXUSDT
-23.080054609923046,-1.228448177216137,1.2463297747925328,28,35.714285714285715,0.4837373667835398,1975.4310364556773,-0.8242876646401088,0.618,0.5,1.5,900,AVAXUSDT
-23.3161827635001,-1.2195127593149777,1.165809138174984,26,34.61538461538461,0.3949309240058983,1975.6097448137004,-0.8967762601346193,0.5,0.5,2.0,300,AVAXUSDT
-23.3161827635001,-1.2195127593149777,1.165809138174984,26,34.61538461538461,0.3949309240058983,1975.6097448137004,-0.8967762601346193,0.5,0.5,2.0,600,AVAXUSDT
-23.320079264000306,-1.2280590921600036,1.2103300490863123,29,34.48275862068966,0.4168363530156648,1975.4388181568,-0.8041406642758726,0.5,0.382,2.0,900,AVAXUSDT
-23.403293527500168,-1.2168200484750173,1.170164676375009,27,33.33333333333333,0.3451458920788993,1975.6635990304997,-0.8667886491666729,0.5,0.382,2.5,300,AVAXUSDT
-23.403293527500168,-1.2168200484750173,1.170164676375009,27,33.33333333333333,0.3451458920788993,1975.6635990304997,-0.8667886491666729,0.5,0.382,2.5,600,AVAXUSDT
-23.741972359923047,-1.2625892827161351,1.2482392037249115,28,35.714285714285715,0.4766796456363905,1974.7482143456773,-0.847927584282966,0.5,0.5,1.5,900,AVAXUSDT
-24.239011578500143,-1.2646238546649784,1.2119505789249843,26,34.61538461538461,0.38569432889568345,1974.7075229067004,-0.9322696760961594,0.618,0.382,2.0,300,AVAXUSDT
-24.239011578500143,-1.2646238546649784,1.2119505789249843,26,34.61538461538461,0.38569432889568345,1974.7075229067004,-0.9322696760961594,0.618,0.382,2.0,600,AVAXUSDT
-24.61733687892309,-1.3049302938261462,1.291980348039492,28,35.714285714285715,0.4676563210504085,1973.901394123477,-0.8791906028186818,0.618,0.382,1.5,900,AVAXUSDT
-25.153138938500003,-1.3095094530649818,1.2576569469249876,25,32.0,0.35973984588049684,1973.8098109387004,-1.00612555754,0.786,0.618,2.0,300,AVAXUSDT
-25.153138938500003,-1.3095094530649818,1.2576569469249876,25,32.0,0.35973984588049684,1973.8098109387004,-1.00612555754,0.786,0.618,2.0,600,AVAXUSDT
-25.849293813500008,-1.3454164778149789,1.29246469067499,26,30.76923076923077,0.35347615557587847,1973.0916704437004,-0.9942036082115387,0.786,0.5,2.0,300,AVAXUSDT
-25.849293813500008,-1.3454164778149789,1.29246469067499,26,30.76923076923077,0.35347615557587847,1973.0916704437004,-0.9942036082115387,0.786,0.5,2.0,600,AVAXUSDT
-26.493732057422925,-1.3981756164911303,1.3857420558908486,27,33.33333333333333,0.4323402940355149,1972.0364876701774,-0.9812493354601083,0.786,0.618,1.5,900,AVAXUSDT
-26.768937144500033,-1.3912704972049936,1.3384468572249943,26,30.76923076923077,0.34552849773915423,1972.1745900559001,-1.0295745055576935,0.786,0.382,2.0,300,AVAXUSDT
-26.768937144500033,-1.3912704972049936,1.3384468572249943,26,30.76923076923077,0.34552849773915423,1972.1745900559001,-1.0295745055576935,0.786,0.382,2.0,600,AVAXUSDT
-27.24694880742293,-1.4370258399911335,1.4233795907083937,28,32.142857142857146,0.42547375841963914,1971.2594832001773,-0.9731053145508188,0.786,0.5,1.5,900,AVAXUSDT
-27.460637677000108,-1.4389774981299865,1.4709795539749961,25,36.0,0.41767929217358074,1971.2204500374003,-1.0984255070800044,0.5,0.618,1.5,300,AVAXUSDT
-27.460637677000108,-1.4389774981299865,1.4709795539749961,25,36.0,0.41767929217358074,1971.2204500374003,-1.0984255070800044,0.5,0.618,1.5,600,AVAXUSDT
-27.460637677000108,-1.4389774981299865,1.4709795539749961,25,36.0,0.41767929217358074,1971.2204500374003,-1.0984255070800044,0.618,0.618,1.5,300,AVAXUSDT
-27.460637677000108,-1.4389774981299865,1.4709795539749961,25,36.0,0.41767929217358074,1971.2204500374003,-1.0984255070800044,0.618,0.618,1.5,600,AVAXUSDT
-28.094417787500188,-1.4618432778749821,1.4047208893749938,27,33.33333333333333,0.35136262746324987,1970.7631344425004,-1.0405339921296366,0.5,0.382,2.0,300,AVAXUSDT
-28.094417787500188,-1.4618432778749821,1.4047208893749938,27,33.33333333333333,0.35136262746324987,1970.7631344425004,-1.0405339921296366,0.5,0.382,2.0,600,AVAXUSDT
-28.259141208422964,-1.4875071276811356,1.4739578960032342,28,32.142857142857146,0.416582643207052,1970.2498574463773,-1.009255043157963,0.786,0.382,1.5,900,AVAXUSDT
-28.795885552000115,-1.507848348879986,1.4709795539749961,26,34.61538461538461,0.4061784307865976,1969.8430330224003,-1.1075340596923122,0.618,0.5,1.5,300,AVAXUSDT
-28.795885552000115,-1.507848348879986,1.4709795539749961,26,34.61538461538461,0.4061784307865976,1969.8430330224003,-1.1075340596923122,0.618,0.5,1.5,600,AVAXUSDT
-29.457803302000123,-1.5419894543799841,1.4728901651000001,26,34.61538461538461,0.4007087947131171,1969.1602109124003,-1.1329924346923124,0.5,0.5,1.5,300,AVAXUSDT
-29.457803302000123,-1.5419894543799841,1.4728901651000001,26,34.61538461538461,0.4007087947131171,1969.1602109124003,-1.1329924346923124,0.5,0.5,1.5,600,AVAXUSDT
-29.83150105692316,-1.5716186226461446,1.5525272434634794,29,34.48275862068966,0.42026890844923637,1968.567627547077,-1.0286724502387297,0.5,0.382,1.5,900,AVAXUSDT
-30.333167821000167,-1.5843304654899952,1.5166583910500095,26,34.61538461538461,0.3936976440180656,1968.3133906902,-1.1666603008076988,0.618,0.382,1.5,300,AVAXUSDT
-30.333167821000167,-1.5843304654899952,1.5166583910500095,26,34.61538461538461,0.3936976440180656,1968.3133906902,-1.1666603008076988,0.618,0.382,1.5,600,AVAXUSDT
-32.209562999499994,-1.6775757881549793,1.6104781499749947,25,32.0,0.361659903617064,1966.4484842369004,-1.2883825199799999,0.786,0.618,1.5,300,AVAXUSDT
-32.209562999499994,-1.6775757881549793,1.6104781499749947,25,32.0,0.361659903617064,1966.4484842369004,-1.2883825199799999,0.786,0.618,1.5,600,AVAXUSDT
-32.96277974950001,-1.7164260116549825,1.6481389874749994,26,30.76923076923077,0.3563406266871924,1965.6714797669003,-1.2677992211346156,0.786,0.5,1.5,300,AVAXUSDT
-32.96277974950001,-1.7164260116549825,1.6481389874749994,26,30.76923076923077,0.3563406266871924,1965.6714797669003,-1.2677992211346156,0.786,0.5,1.5,600,AVAXUSDT
-33.97497215050003,-1.7669072993449844,1.698748607524999,26,30.76923076923077,0.3494340854714148,1964.6618540131003,-1.306729698096155,0.786,0.382,1.5,300,AVAXUSDT
-33.97497215050003,-1.7669072993449844,1.698748607524999,26,30.76923076923077,0.3494340854714148,1964.6618540131003,-1.306729698096155,0.786,0.382,1.5,600,AVAXUSDT
-35.54733199900023,-1.8510187943099936,1.7773665999500052,27,33.33333333333333,0.3565387385493549,1962.9796241138001,-1.3165678518148232,0.5,0.382,1.5,600,AVAXUSDT
-35.54733199900023,-1.8510187943099936,1.7773665999500052,27,33.33333333333333,0.3565387385493549,1962.9796241138001,-1.3165678518148232,0.5,0.382,1.5,300,AVAXUSDT
-31.97607394500009,-1.6421602516500229,1.7828835093400421,33,30.303030303030305,0.3177181981945555,1967.1567949669995,-0.9689719377272754,0.5,0.382,2.5,300,DOTUSDT
-31.97607394500009,-1.6421602516500229,1.7828835093400421,33,30.303030303030305,0.3177181981945555,1967.1567949669995,-0.9689719377272754,0.5,0.382,2.5,600,DOTUSDT
-31.97607394500009,-1.6421602516500229,1.7828835093400421,33,30.303030303030305,0.3177181981945555,1967.1567949669995,-0.9689719377272754,0.5,0.5,2.5,300,DOTUSDT
-31.97607394500009,-1.6421602516500229,1.7828835093400421,33,30.303030303030305,0.3177181981945555,1967.1567949669995,-0.9689719377272754,0.5,0.5,2.5,600,DOTUSDT
-31.97607394500009,-1.6421602516500229,1.7828835093400421,33,30.303030303030305,0.3177181981945555,1967.1567949669995,-0.9689719377272754,0.5,0.618,2.5,300,DOTUSDT
-31.97607394500009,-1.6421602516500229,1.7828835093400421,33,30.303030303030305,0.3177181981945555,1967.1567949669995,-0.9689719377272754,0.5,0.618,2.5,600,DOTUSDT
-31.97607394500009,-1.6421602516500229,1.7828835093400421,33,30.303030303030305,0.3177181981945555,1967.1567949669995,-0.9689719377272754,0.618,0.382,2.5,300,DOTUSDT
-31.97607394500009,-1.6421602516500229,1.7828835093400421,33,30.303030303030305,0.3177181981945555,1967.1567949669995,-0.9689719377272754,0.618,0.382,2.5,600,DOTUSDT
-31.97607394500009,-1.6421602516500229,1.7828835093400421,33,30.303030303030305,0.3177181981945555,1967.1567949669995,-0.9689719377272754,0.618,0.5,2.5,300,DOTUSDT
-31.97607394500009,-1.6421602516500229,1.7828835093400421,33,30.303030303030305,0.3177181981945555,1967.1567949669995,-0.9689719377272754,0.618,0.5,2.5,600,DOTUSDT
-31.97607394500009,-1.6421602516500229,1.7828835093400421,33,30.303030303030305,0.3177181981945555,1967.1567949669995,-0.9689719377272754,0.618,0.618,2.5,300,DOTUSDT
-31.97607394500009,-1.6421602516500229,1.7828835093400421,33,30.303030303030305,0.3177181981945555,1967.1567949669995,-0.9689719377272754,0.618,0.618,2.5,600,DOTUSDT
-32.221899917000094,-1.65429824933002,1.7828835093400421,33,30.303030303030305,0.31255632383426646,1966.9140350133996,-0.9764212096060635,0.786,0.382,2.5,300,DOTUSDT
-32.221899917000094,-1.65429824933002,1.7828835093400421,33,30.303030303030305,0.31255632383426646,1966.9140350133996,-0.9764212096060635,0.786,0.382,2.5,600,DOTUSDT
-32.221899917000094,-1.65429824933002,1.7828835093400421,33,30.303030303030305,0.31255632383426646,1966.9140350133996,-0.9764212096060635,0.786,0.5,2.5,300,DOTUSDT
-32.221899917000094,-1.65429824933002,1.7828835093400421,33,30.303030303030305,0.31255632383426646,1966.9140350133996,-0.9764212096060635,0.786,0.5,2.5,600,DOTUSDT
-32.221899917000094,-1.65429824933002,1.7828835093400421,33,30.303030303030305,0.31255632383426646,1966.9140350133996,-0.9764212096060635,0.786,0.618,2.5,300,DOTUSDT
-32.221899917000094,-1.65429824933002,1.7828835093400421,33,30.303030303030305,0.31255632383426646,1966.9140350133996,-0.9764212096060635,0.786,0.618,2.5,600,DOTUSDT
-33.43543829100001,-1.7191610167900309,1.8558046789159854,36,27.77777777777778,0.30812358818910585,1965.6167796641994,-0.9287621747500003,0.5,0.382,2.5,900,DOTUSDT
-33.43543829100001,-1.7191610167900309,1.8558046789159854,36,27.77777777777778,0.30812358818910585,1965.6167796641994,-0.9287621747500003,0.5,0.5,2.5,900,DOTUSDT
-33.43543829100001,-1.7191610167900309,1.8558046789159854,36,27.77777777777778,0.30812358818910585,1965.6167796641994,-0.9287621747500003,0.5,0.618,2.5,900,DOTUSDT
-33.43543829100001,-1.7191610167900309,1.8558046789159854,36,27.77777777777778,0.30812358818910585,1965.6167796641994,-0.9287621747500003,0.618,0.382,2.5,900,DOTUSDT
-33.43543829100001,-1.7191610167900309,1.8558046789159854,36,27.77777777777778,0.30812358818910585,1965.6167796641994,-0.9287621747500003,0.618,0.5,2.5,900,DOTUSDT
-33.43543829100001,-1.7191610167900309,1.8558046789159854,36,27.77777777777778,0.30812358818910585,1965.6167796641994,-0.9287621747500003,0.618,0.618,2.5,900,DOTUSDT
-33.802762377000064,-1.7373864931300202,1.8618756676984836,36,27.77777777777778,0.3023586194758267,1965.2522701373996,-0.9389656215833351,0.786,0.382,2.5,900,DOTUSDT
-33.802762377000064,-1.7373864931300202,1.8618756676984836,36,27.77777777777778,0.3023586194758267,1965.2522701373996,-0.9389656215833351,0.786,0.5,2.5,900,DOTUSDT
-33.802762377000064,-1.7373864931300202,1.8618756676984836,36,27.77777777777778,0.3023586194758267,1965.2522701373996,-0.9389656215833351,0.786,0.618,2.5,900,DOTUSDT
-39.18120553650011,-2.0122846208849863,2.18239448228377,33,30.303030303030305,0.3179003055701081,1959.7543075823003,-1.1873092586818215,0.5,0.382,2.0,300,DOTUSDT
-39.18120553650011,-2.0122846208849863,2.18239448228377,33,30.303030303030305,0.3179003055701081,1959.7543075823003,-1.1873092586818215,0.5,0.382,2.0,600,DOTUSDT
-39.18120553650011,-2.0122846208849863,2.18239448228377,33,30.303030303030305,0.3179003055701081,1959.7543075823003,-1.1873092586818215,0.5,0.5,2.0,300,DOTUSDT
-39.18120553650011,-2.0122846208849863,2.18239448228377,33,30.303030303030305,0.3179003055701081,1959.7543075823003,-1.1873092586818215,0.5,0.5,2.0,600,DOTUSDT
-39.18120553650011,-2.0122846208849863,2.18239448228377,33,30.303030303030305,0.3179003055701081,1959.7543075823003,-1.1873092586818215,0.5,0.618,2.0,300,DOTUSDT
-39.18120553650011,-2.0122846208849863,2.18239448228377,33,30.303030303030305,0.3179003055701081,1959.7543075823003,-1.1873092586818215,0.5,0.618,2.0,600,DOTUSDT
-39.18120553650011,-2.0122846208849863,2.18239448228377,33,30.303030303030305,0.3179003055701081,1959.7543075823003,-1.1873092586818215,0.618,0.382,2.0,600,DOTUSDT
-39.18120553650011,-2.0122846208849863,2.18239448228377,33,30.303030303030305,0.3179003055701081,1959.7543075823003,-1.1873092586818215,0.618,0.382,2.0,300,DOTUSDT
-39.18120553650011,-2.0122846208849863,2.18239448228377,33,30.303030303030305,0.3179003055701081,1959.7543075823003,-1.1873092586818215,0.618,0.5,2.0,300,DOTUSDT
-39.18120553650011,-2.0122846208849863,2.18239448228377,33,30.303030303030305,0.3179003055701081,1959.7543075823003,-1.1873092586818215,0.618,0.5,2.0,600,DOTUSDT
-39.18120553650011,-2.0122846208849863,2.18239448228377,33,30.303030303030305,0.3179003055701081,1959.7543075823003,-1.1873092586818215,0.618,0.618,2.0,300,DOTUSDT
-39.18120553650011,-2.0122846208849863,2.18239448228377,33,30.303030303030305,0.3179003055701081,1959.7543075823003,-1.1873092586818215,0.618,0.618,2.0,600,DOTUSDT
-39.53381557650012,-2.0296961228850026,2.18239448228377,33,30.303030303030305,0.3118639146159703,1959.4060775423,-1.1979944114090946,0.786,0.382,2.0,300,DOTUSDT
-39.53381557650012,-2.0296961228850026,2.18239448228377,33,30.303030303030305,0.3118639146159703,1959.4060775423,-1.1979944114090946,0.786,0.382,2.0,600,DOTUSDT
-39.53381557650012,-2.0296961228850026,2.18239448228377,33,30.303030303030305,0.3118639146159703,1959.4060775423,-1.1979944114090946,0.786,0.5,2.0,600,DOTUSDT
-39.53381557650012,-2.0296961228850026,2.18239448228377,33,30.303030303030305,0.3118639146159703,1959.4060775423,-1.1979944114090946,0.786,0.5,2.0,300,DOTUSDT
-39.53381557650012,-2.0296961228850026,2.18239448228377,33,30.303030303030305,0.3118639146159703,1959.4060775423,-1.1979944114090946,0.786,0.618,2.0,300,DOTUSDT
-39.53381557650012,-2.0296961228850026,2.18239448228377,33,30.303030303030305,0.3118639146159703,1959.4060775423,-1.1979944114090946,0.786,0.618,2.0,600,DOTUSDT
-40.96545134450001,-2.1064858810049714,2.2715369943897237,36,27.77777777777778,0.3083232710987081,1957.8702823799006,-1.137929204013889,0.5,0.382,2.0,900,DOTUSDT
-40.96545134450001,-2.1064858810049714,2.2715369943897237,36,27.77777777777778,0.3083232710987081,1957.8702823799006,-1.137929204013889,0.5,0.5,2.0,900,DOTUSDT
-40.96545134450001,-2.1064858810049714,2.2715369943897237,36,27.77777777777778,0.3083232710987081,1957.8702823799006,-1.137929204013889,0.5,0.618,2.0,900,DOTUSDT
-40.96545134450001,-2.1064858810049714,2.2715369943897237,36,27.77777777777778,0.3083232710987081,1957.8702823799006,-1.137929204013889,0.618,0.382,2.0,900,DOTUSDT
-40.96545134450001,-2.1064858810049714,2.2715369943897237,36,27.77777777777778,0.3083232710987081,1957.8702823799006,-1.137929204013889,0.618,0.5,2.0,900,DOTUSDT
-40.96545134450001,-2.1064858810049714,2.2715369943897237,36,27.77777777777778,0.3083232710987081,1957.8702823799006,-1.137929204013889,0.618,0.618,2.0,900,DOTUSDT
-41.469312120500085,-2.1314749964449904,2.279093616075182,36,27.77777777777778,0.30169972145145896,1957.3705000711002,-1.151925336680558,0.786,0.382,2.0,900,DOTUSDT
-41.469312120500085,-2.1314749964449904,2.279093616075182,36,27.77777777777778,0.30169972145145896,1957.3705000711002,-1.151925336680558,0.786,0.5,2.0,900,DOTUSDT
-41.469312120500085,-2.1314749964449904,2.279093616075182,36,27.77777777777778,0.30169972145145896,1957.3705000711002,-1.151925336680558,0.786,0.618,2.0,900,DOTUSDT
-50.669928758000154,-2.602477694220022,2.817361730372727,33,30.303030303030305,0.3178484509988922,1947.9504461155996,-1.5354523866060652,0.5,0.382,1.5,600,DOTUSDT
-50.669928758000154,-2.602477694220022,2.817361730372727,33,30.303030303030305,0.3178484509988922,1947.9504461155996,-1.5354523866060652,0.5,0.382,1.5,300,DOTUSDT
-50.669928758000154,-2.602477694220022,2.817361730372727,33,30.303030303030305,0.3178484509988922,1947.9504461155996,-1.5354523866060652,0.5,0.5,1.5,300,DOTUSDT
-50.669928758000154,-2.602477694220022,2.817361730372727,33,30.303030303030305,0.3178484509988922,1947.9504461155996,-1.5354523866060652,0.5,0.5,1.5,600,DOTUSDT
-50.669928758000154,-2.602477694220022,2.817361730372727,33,30.303030303030305,0.3178484509988922,1947.9504461155996,-1.5354523866060652,0.5,0.618,1.5,300,DOTUSDT
-50.669928758000154,-2.602477694220022,2.817361730372727,33,30.303030303030305,0.3178484509988922,1947.9504461155996,-1.5354523866060652,0.5,0.618,1.5,600,DOTUSDT
-50.669928758000154,-2.602477694220022,2.817361730372727,33,30.303030303030305,0.3178484509988922,1947.9504461155996,-1.5354523866060652,0.618,0.382,1.5,300,DOTUSDT
-50.669928758000154,-2.602477694220022,2.817361730372727,33,30.303030303030305,0.3178484509988922,1947.9504461155996,-1.5354523866060652,0.618,0.382,1.5,600,DOTUSDT
-50.669928758000154,-2.602477694220022,2.817361730372727,33,30.303030303030305,0.3178484509988922,1947.9504461155996,-1.5354523866060652,0.618,0.5,1.5,300,DOTUSDT
-50.669928758000154,-2.602477694220022,2.817361730372727,33,30.303030303030305,0.3178484509988922,1947.9504461155996,-1.5354523866060652,0.618,0.5,1.5,600,DOTUSDT
-50.669928758000154,-2.602477694220022,2.817361730372727,33,30.303030303030305,0.3178484509988922,1947.9504461155996,-1.5354523866060652,0.618,0.618,1.5,300,DOTUSDT
-50.669928758000154,-2.602477694220022,2.817361730372727,33,30.303030303030305,0.3178484509988922,1947.9504461155996,-1.5354523866060652,0.618,0.618,1.5,600,DOTUSDT
-51.211017506000154,-2.6291987689400345,2.817361730372727,33,30.303030303030305,0.310695836097003,1947.4160246211993,-1.551849015333338,0.786,0.382,1.5,300,DOTUSDT
-51.211017506000154,-2.6291987689400345,2.817361730372727,33,30.303030303030305,0.310695836097003,1947.4160246211993,-1.551849015333338,0.786,0.382,1.5,600,DOTUSDT
-51.211017506000154,-2.6291987689400345,2.817361730372727,33,30.303030303030305,0.310695836097003,1947.4160246211993,-1.551849015333338,0.786,0.5,1.5,300,DOTUSDT
-51.211017506000154,-2.6291987689400345,2.817361730372727,33,30.303030303030305,0.310695836097003,1947.4160246211993,-1.551849015333338,0.786,0.5,1.5,600,DOTUSDT
-51.211017506000154,-2.6291987689400345,2.817361730372727,33,30.303030303030305,0.310695836097003,1947.4160246211993,-1.551849015333338,0.786,0.618,1.5,300,DOTUSDT
-51.211017506000154,-2.6291987689400345,2.817361730372727,33,30.303030303030305,0.310695836097003,1947.4160246211993,-1.551849015333338,0.786,0.618,1.5,600,DOTUSDT
-52.96897585050002,-2.723975707545003,2.9321998024198117,36,27.77777777777778,0.3083059897401412,1945.5204858491,-1.4713604402916673,0.5,0.382,1.5,900,DOTUSDT
-52.96897585050002,-2.723975707545003,2.9321998024198117,36,27.77777777777778,0.3083059897401412,1945.5204858491,-1.4713604402916673,0.5,0.5,1.5,900,DOTUSDT
-52.96897585050002,-2.723975707545003,2.9321998024198117,36,27.77777777777778,0.3083059897401412,1945.5204858491,-1.4713604402916673,0.5,0.618,1.5,900,DOTUSDT
-52.96897585050002,-2.723975707545003,2.9321998024198117,36,27.77777777777778,0.3083059897401412,1945.5204858491,-1.4713604402916673,0.618,0.382,1.5,900,DOTUSDT
-52.96897585050002,-2.723975707545003,2.9321998024198117,36,27.77777777777778,0.3083059897401412,1945.5204858491,-1.4713604402916673,0.618,0.5,1.5,900,DOTUSDT
-52.96897585050002,-2.723975707545003,2.9321998024198117,36,27.77777777777778,0.3083059897401412,1945.5204858491,-1.4713604402916673,0.618,0.618,1.5,900,DOTUSDT
-53.71744042850011,-2.7610907909650337,2.942558285542705,36,27.77777777777778,0.30055608316003096,1944.7781841806993,-1.492151123013892,0.786,0.382,1.5,900,DOTUSDT
-53.71744042850011,-2.7610907909650337,2.942558285542705,36,27.77777777777778,0.30055608316003096,1944.7781841806993,-1.492151123013892,0.786,0.5,1.5,900,DOTUSDT
-53.71744042850011,-2.7610907909650337,2.942558285542705,36,27.77777777777778,0.30055608316003096,1944.7781841806993,-1.492151123013892,0.786,0.618,1.5,900,DOTUSDT
-30.31295714849998,-1.5509377779650209,1.5156478574250059,21,23.809523809523807,0.2307489105672127,1968.9812444406996,-1.4434741499285704,0.5,0.382,2.5,600,LINKUSDT
-30.31295714849998,-1.5509377779650209,1.5156478574250059,21,23.809523809523807,0.2307489105672127,1968.9812444406996,-1.4434741499285704,0.5,0.382,2.5,300,LINKUSDT
-30.31295714849998,-1.5509377779650209,1.5156478574250059,21,23.809523809523807,0.2307489105672127,1968.9812444406996,-1.4434741499285704,0.5,0.5,2.5,300,LINKUSDT
-30.31295714849998,-1.5509377779650209,1.5156478574250059,21,23.809523809523807,0.2307489105672127,1968.9812444406996,-1.4434741499285704,0.5,0.5,2.5,600,LINKUSDT
-30.31295714849998,-1.5509377779650209,1.5156478574250059,21,23.809523809523807,0.2307489105672127,1968.9812444406996,-1.4434741499285704,0.5,0.618,2.5,300,LINKUSDT
-30.31295714849998,-1.5509377779650209,1.5156478574250059,21,23.809523809523807,0.2307489105672127,1968.9812444406996,-1.4434741499285704,0.5,0.618,2.5,600,LINKUSDT
-30.31295714849998,-1.5509377779650209,1.5156478574250059,21,23.809523809523807,0.2307489105672127,1968.9812444406996,-1.4434741499285704,0.618,0.382,2.5,300,LINKUSDT
-30.31295714849998,-1.5509377779650209,1.5156478574250059,21,23.809523809523807,0.2307489105672127,1968.9812444406996,-1.4434741499285704,0.618,0.382,2.5,600,LINKUSDT
-30.31295714849998,-1.5509377779650209,1.5156478574250059,21,23.809523809523807,0.2307489105672127,1968.9812444406996,-1.4434741499285704,0.618,0.5,2.5,600,LINKUSDT
-30.31295714849998,-1.5509377779650209,1.5156478574250059,21,23.809523809523807,0.2307489105672127,1968.9812444406996,-1.4434741499285704,0.618,0.5,2.5,300,LINKUSDT
-30.31295714849998,-1.5509377779650209,1.5156478574250059,21,23.809523809523807,0.2307489105672127,1968.9812444406996,-1.4434741499285704,0.618,0.618,2.5,300,LINKUSDT
-30.31295714849998,-1.5509377779650209,1.5156478574250059,21,23.809523809523807,0.2307489105672127,1968.9812444406996,-1.4434741499285704,0.618,0.618,2.5,600,LINKUSDT
-31.090930092999887,-1.5899392731700233,1.5545465046499998,21,23.809523809523807,0.2262815253188075,1968.2012145365995,-1.4805204806190422,0.786,0.382,2.5,600,LINKUSDT
-31.090930092999887,-1.5899392731700233,1.5545465046499998,21,23.809523809523807,0.2262815253188075,1968.2012145365995,-1.4805204806190422,0.786,0.382,2.5,300,LINKUSDT
-31.090930092999887,-1.5899392731700233,1.5545465046499998,21,23.809523809523807,0.2262815253188075,1968.2012145365995,-1.4805204806190422,0.786,0.5,2.5,300,LINKUSDT
-31.090930092999887,-1.5899392731700233,1.5545465046499998,21,23.809523809523807,0.2262815253188075,1968.2012145365995,-1.4805204806190422,0.786,0.5,2.5,600,LINKUSDT
-31.090930092999887,-1.5899392731700233,1.5545465046499998,21,23.809523809523807,0.2262815253188075,1968.2012145365995,-1.4805204806190422,0.786,0.618,2.5,300,LINKUSDT
-31.090930092999887,-1.5899392731700233,1.5545465046499998,21,23.809523809523807,0.2262815253188075,1968.2012145365995,-1.4805204806190422,0.786,0.618,2.5,600,LINKUSDT
-31.24839922850013,-1.596419223165026,1.5624199614250074,20,20.0,0.20995340010208513,1968.0716155366995,-1.5624199614250065,0.5,0.382,2.5,900,LINKUSDT
-31.24839922850013,-1.596419223165026,1.5624199614250074,20,20.0,0.20995340010208513,1968.0716155366995,-1.5624199614250065,0.5,0.5,2.5,900,LINKUSDT
-31.24839922850013,-1.596419223165026,1.5624199614250074,20,20.0,0.20995340010208513,1968.0716155366995,-1.5624199614250065,0.5,0.618,2.5,900,LINKUSDT
-31.24839922850013,-1.596419223165026,1.5624199614250074,20,20.0,0.20995340010208513,1968.0716155366995,-1.5624199614250065,0.618,0.382,2.5,900,LINKUSDT
-31.24839922850013,-1.596419223165026,1.5624199614250074,20,20.0,0.20995340010208513,1968.0716155366995,-1.5624199614250065,0.618,0.5,2.5,900,LINKUSDT
-31.24839922850013,-1.596419223165026,1.5624199614250074,20,20.0,0.20995340010208513,1968.0716155366995,-1.5624199614250065,0.618,0.618,2.5,900,LINKUSDT
-32.02637217300004,-1.6354207183700282,1.6013186086500015,20,20.0,0.20590341910032042,1967.2915856325994,-1.601318608650002,0.786,0.382,2.5,900,LINKUSDT
-32.02637217300004,-1.6354207183700282,1.6013186086500015,20,20.0,0.20590341910032042,1967.2915856325994,-1.601318608650002,0.786,0.5,2.5,900,LINKUSDT
-32.02637217300004,-1.6354207183700282,1.6013186086500015,20,20.0,0.20590341910032042,1967.2915856325994,-1.601318608650002,0.786,0.618,2.5,900,LINKUSDT
-36.71486353949997,-1.8788162707550213,1.8357431769750177,21,23.809523809523807,0.2336466268563244,1962.4236745848996,-1.7483268352142844,0.5,0.382,2.0,300,LINKUSDT
-36.71486353949997,-1.8788162707550213,1.8357431769750177,21,23.809523809523807,0.2336466268563244,1962.4236745848996,-1.7483268352142844,0.5,0.382,2.0,600,LINKUSDT
-36.71486353949997,-1.8788162707550213,1.8357431769750177,21,23.809523809523807,0.2336466268563244,1962.4236745848996,-1.7483268352142844,0.5,0.5,2.0,300,LINKUSDT
-36.71486353949997,-1.8788162707550213,1.8357431769750177,21,23.809523809523807,0.2336466268563244,1962.4236745848996,-1.7483268352142844,0.5,0.5,2.0,600,LINKUSDT
-36.71486353949997,-1.8788162707550213,1.8357431769750177,21,23.809523809523807,0.2336466268563244,1962.4236745848996,-1.7483268352142844,0.5,0.618,2.0,300,LINKUSDT
-36.71486353949997,-1.8788162707550213,1.8357431769750177,21,23.809523809523807,0.2336466268563244,1962.4236745848996,-1.7483268352142844,0.5,0.618,2.0,600,LINKUSDT
-36.71486353949997,-1.8788162707550213,1.8357431769750177,21,23.809523809523807,0.2336466268563244,1962.4236745848996,-1.7483268352142844,0.618,0.382,2.0,300,LINKUSDT
-36.71486353949997,-1.8788162707550213,1.8357431769750177,21,23.809523809523807,0.2336466268563244,1962.4236745848996,-1.7483268352142844,0.618,0.382,2.0,600,LINKUSDT
-36.71486353949997,-1.8788162707550213,1.8357431769750177,21,23.809523809523807,0.2336466268563244,1962.4236745848996,-1.7483268352142844,0.618,0.5,2.0,300,LINKUSDT
-36.71486353949997,-1.8788162707550213,1.8357431769750177,21,23.809523809523807,0.2336466268563244,1962.4236745848996,-1.7483268352142844,0.618,0.5,2.0,600,LINKUSDT
-36.71486353949997,-1.8788162707550213,1.8357431769750177,21,23.809523809523807,0.2336466268563244,1962.4236745848996,-1.7483268352142844,0.618,0.618,2.0,300,LINKUSDT
-36.71486353949997,-1.8788162707550213,1.8357431769750177,21,23.809523809523807,0.2336466268563244,1962.4236745848996,-1.7483268352142844,0.618,0.618,2.0,600,LINKUSDT
-37.76444165799986,-1.9314601240199978,1.888222082900006,21,23.809523809523807,0.22863764271417833,1961.3707975196,-1.798306745619041,0.786,0.382,2.0,300,LINKUSDT
-37.76444165799986,-1.9314601240199978,1.888222082900006,21,23.809523809523807,0.22863764271417833,1961.3707975196,-1.798306745619041,0.786,0.382,2.0,600,LINKUSDT
-37.76444165799986,-1.9314601240199978,1.888222082900006,21,23.809523809523807,0.22863764271417833,1961.3707975196,-1.798306745619041,0.786,0.5,2.0,300,LINKUSDT
-37.76444165799986,-1.9314601240199978,1.888222082900006,21,23.809523809523807,0.22863764271417833,1961.3707975196,-1.798306745619041,0.786,0.5,2.0,600,LINKUSDT
-37.76444165799986,-1.9314601240199978,1.888222082900006,21,23.809523809523807,0.22863764271417833,1961.3707975196,-1.798306745619041,0.786,0.618,2.0,300,LINKUSDT
-37.76444165799986,-1.9314601240199978,1.888222082900006,21,23.809523809523807,0.22863764271417833,1961.3707975196,-1.798306745619041,0.786,0.618,2.0,600,LINKUSDT
-37.86949242650016,-1.9350347637850405,1.8934746213250264,20,20.0,0.21285341772844935,1961.2993047242992,-1.893474621325008,0.5,0.382,2.0,900,LINKUSDT
-37.86949242650016,-1.9350347637850405,1.8934746213250264,20,20.0,0.21285341772844935,1961.2993047242992,-1.893474621325008,0.5,0.5,2.0,900,LINKUSDT
-37.86949242650016,-1.9350347637850405,1.8934746213250264,20,20.0,0.21285341772844935,1961.2993047242992,-1.893474621325008,0.5,0.618,2.0,900,LINKUSDT
-37.86949242650016,-1.9350347637850405,1.8934746213250264,20,20.0,0.21285341772844935,1961.2993047242992,-1.893474621325008,0.618,0.382,2.0,900,LINKUSDT
-37.86949242650016,-1.9350347637850405,1.8934746213250264,20,20.0,0.21285341772844935,1961.2993047242992,-1.893474621325008,0.618,0.5,2.0,900,LINKUSDT
-37.86949242650016,-1.9350347637850405,1.8934746213250264,20,20.0,0.21285341772844935,1961.2993047242992,-1.893474621325008,0.618,0.618,2.0,900,LINKUSDT
-38.91907054500005,-1.9876786170500167,1.9459535272500148,20,20.0,0.20830889056303623,1960.2464276589997,-1.9459535272500024,0.786,0.382,2.0,900,LINKUSDT
-38.91907054500005,-1.9876786170500167,1.9459535272500148,20,20.0,0.20830889056303623,1960.2464276589997,-1.9459535272500024,0.786,0.5,2.0,900,LINKUSDT
-38.91907054500005,-1.9876786170500167,1.9459535272500148,20,20.0,0.20830889056303623,1960.2464276589997,-1.9459535272500024,0.786,0.618,2.0,900,LINKUSDT
-66.6134295313696,-3.3860790568684704,3.330671476568466,21,23.809523809523807,0.1777207599567238,1932.2784188626306,-3.1720680729223623,0.5,0.382,1.5,600,LINKUSDT
-66.6134295313696,-3.3860790568684704,3.330671476568466,21,23.809523809523807,0.1777207599567238,1932.2784188626306,-3.1720680729223623,0.5,0.382,1.5,300,LINKUSDT
-66.6134295313696,-3.3860790568684704,3.330671476568466,21,23.809523809523807,0.1777207599567238,1932.2784188626306,-3.1720680729223623,0.5,0.5,1.5,300,LINKUSDT
-66.6134295313696,-3.3860790568684704,3.330671476568466,21,23.809523809523807,0.1777207599567238,1932.2784188626306,-3.1720680729223623,0.5,0.5,1.5,600,LINKUSDT
-66.6134295313696,-3.3860790568684704,3.330671476568466,21,23.809523809523807,0.1777207599567238,1932.2784188626306,-3.1720680729223623,0.5,0.618,1.5,600,LINKUSDT
-66.6134295313696,-3.3860790568684704,3.330671476568466,21,23.809523809523807,0.1777207599567238,1932.2784188626306,-3.1720680729223623,0.5,0.618,1.5,300,LINKUSDT
-66.6134295313696,-3.3860790568684704,3.330671476568466,21,23.809523809523807,0.1777207599567238,1932.2784188626306,-3.1720680729223623,0.618,0.382,1.5,300,LINKUSDT
-66.6134295313696,-3.3860790568684704,3.330671476568466,21,23.809523809523807,0.1777207599567238,1932.2784188626306,-3.1720680729223623,0.618,0.382,1.5,600,LINKUSDT
-66.6134295313696,-3.3860790568684704,3.330671476568466,21,23.809523809523807,0.1777207599567238,1932.2784188626306,-3.1720680729223623,0.618,0.5,1.5,300,LINKUSDT
-66.6134295313696,-3.3860790568684704,3.330671476568466,21,23.809523809523807,0.1777207599567238,1932.2784188626306,-3.1720680729223623,0.618,0.5,1.5,600,LINKUSDT
-66.6134295313696,-3.3860790568684704,3.330671476568466,21,23.809523809523807,0.1777207599567238,1932.2784188626306,-3.1720680729223623,0.618,0.618,1.5,300,LINKUSDT
-66.6134295313696,-3.3860790568684704,3.330671476568466,21,23.809523809523807,0.1777207599567238,1932.2784188626306,-3.1720680729223623,0.618,0.618,1.5,600,LINKUSDT
-68.02504305986945,-3.4568865990334525,3.4012521529934587,21,23.809523809523807,0.17467700916522116,1930.862268019331,-3.239287764755688,0.786,0.382,1.5,300,LINKUSDT
-68.02504305986945,-3.4568865990334525,3.4012521529934587,21,23.809523809523807,0.17467700916522116,1930.862268019331,-3.239287764755688,0.786,0.382,1.5,600,LINKUSDT
-68.02504305986945,-3.4568865990334525,3.4012521529934587,21,23.809523809523807,0.17467700916522116,1930.862268019331,-3.239287764755688,0.786,0.5,1.5,300,LINKUSDT
-68.02504305986945,-3.4568865990334525,3.4012521529934587,21,23.809523809523807,0.17467700916522116,1930.862268019331,-3.239287764755688,0.786,0.5,1.5,600,LINKUSDT
-68.02504305986945,-3.4568865990334525,3.4012521529934587,21,23.809523809523807,0.17467700916522116,1930.862268019331,-3.239287764755688,0.786,0.618,1.5,300,LINKUSDT
-68.02504305986945,-3.4568865990334525,3.4012521529934587,21,23.809523809523807,0.17467700916522116,1930.862268019331,-3.239287764755688,0.786,0.618,1.5,600,LINKUSDT
-68.13505917686983,-3.4603733807634853,3.4067529588434806,20,20.0,0.16220669156912493,1930.7925323847303,-3.4067529588434917,0.5,0.382,1.5,900,LINKUSDT
-68.13505917686983,-3.4603733807634853,3.4067529588434806,20,20.0,0.16220669156912493,1930.7925323847303,-3.4067529588434917,0.5,0.5,1.5,900,LINKUSDT
-68.13505917686983,-3.4603733807634853,3.4067529588434806,20,20.0,0.16220669156912493,1930.7925323847303,-3.4067529588434917,0.5,0.618,1.5,900,LINKUSDT
-68.13505917686983,-3.4603733807634853,3.4067529588434806,20,20.0,0.16220669156912493,1930.7925323847303,-3.4067529588434917,0.618,0.382,1.5,900,LINKUSDT
-68.13505917686983,-3.4603733807634853,3.4067529588434806,20,20.0,0.16220669156912493,1930.7925323847303,-3.4067529588434917,0.618,0.5,1.5,900,LINKUSDT
-68.13505917686983,-3.4603733807634853,3.4067529588434806,20,20.0,0.16220669156912493,1930.7925323847303,-3.4067529588434917,0.618,0.618,1.5,900,LINKUSDT
-69.54667270536969,-3.5311809229284674,3.4773336352684736,20,20.0,0.15943925723833216,1929.3763815414306,-3.4773336352684843,0.786,0.382,1.5,900,LINKUSDT
-69.54667270536969,-3.5311809229284674,3.4773336352684736,20,20.0,0.15943925723833216,1929.3763815414306,-3.4773336352684843,0.786,0.5,1.5,900,LINKUSDT
-69.54667270536969,-3.5311809229284674,3.4773336352684736,20,20.0,0.15943925723833216,1929.3763815414306,-3.4773336352684843,0.786,0.618,1.5,900,LINKUSDT
-22.563949334408463,-1.154696320960386,2.4154935246886065,18,61.111111111111114,0.5377073678441349,1976.9060735807923,-1.25355274080047,0.786,0.382,1.5,300,TONUSDT
-22.563949334408463,-1.154696320960386,2.4154935246886065,18,61.111111111111114,0.5377073678441349,1976.9060735807923,-1.25355274080047,0.786,0.382,1.5,600,TONUSDT
-22.563949334408463,-1.154696320960386,2.4154935246886065,18,61.111111111111114,0.5377073678441349,1976.9060735807923,-1.25355274080047,0.786,0.5,1.5,300,TONUSDT
-22.563949334408463,-1.154696320960386,2.4154935246886065,18,61.111111111111114,0.5377073678441349,1976.9060735807923,-1.25355274080047,0.786,0.5,1.5,600,TONUSDT
-22.563949334408463,-1.154696320960386,2.4154935246886065,18,61.111111111111114,0.5377073678441349,1976.9060735807923,-1.25355274080047,0.786,0.618,1.5,300,TONUSDT
-22.563949334408463,-1.154696320960386,2.4154935246886065,18,61.111111111111114,0.5377073678441349,1976.9060735807923,-1.25355274080047,0.786,0.618,1.5,600,TONUSDT
-23.13461050240847,-1.1819450228803816,2.4154935246886065,17,58.82352941176471,0.5260156001702212,1976.3610995423924,-1.3608594413181454,0.786,0.382,1.5,900,TONUSDT
-23.13461050240847,-1.1819450228803816,2.4154935246886065,17,58.82352941176471,0.5260156001702212,1976.3610995423924,-1.3608594413181454,0.786,0.5,1.5,900,TONUSDT
-23.13461050240847,-1.1819450228803816,2.4154935246886065,17,58.82352941176471,0.5260156001702212,1976.3610995423924,-1.3608594413181454,0.786,0.618,1.5,900,TONUSDT
-23.16778584534781,-1.174856203047409,1.9424731964910371,18,61.111111111111114,0.4079309462306618,1976.5028759390518,-1.287099213630434,0.786,0.382,2.5,300,TONUSDT
-23.16778584534781,-1.174856203047409,1.9424731964910371,18,61.111111111111114,0.4079309462306618,1976.5028759390518,-1.287099213630434,0.786,0.382,2.5,600,TONUSDT
-23.16778584534781,-1.174856203047409,1.9424731964910371,18,61.111111111111114,0.4079309462306618,1976.5028759390518,-1.287099213630434,0.786,0.5,2.5,300,TONUSDT
-23.16778584534781,-1.174856203047409,1.9424731964910371,18,61.111111111111114,0.4079309462306618,1976.5028759390518,-1.287099213630434,0.786,0.5,2.5,600,TONUSDT
-23.16778584534781,-1.174856203047409,1.9424731964910371,18,61.111111111111114,0.4079309462306618,1976.5028759390518,-1.287099213630434,0.786,0.618,2.5,300,TONUSDT
-23.16778584534781,-1.174856203047409,1.9424731964910371,18,61.111111111111114,0.4079309462306618,1976.5028759390518,-1.287099213630434,0.786,0.618,2.5,600,TONUSDT
-23.529312664847815,-1.1921188750024156,1.9424731964910371,17,58.82352941176471,0.39869187421219393,1976.1576224999517,-1.3840772155792833,0.786,0.382,2.5,900,TONUSDT
-23.529312664847815,-1.1921188750024156,1.9424731964910371,17,58.82352941176471,0.39869187421219393,1976.1576224999517,-1.3840772155792833,0.786,0.5,2.5,900,TONUSDT
-23.529312664847815,-1.1921188750024156,1.9424731964910371,17,58.82352941176471,0.39869187421219393,1976.1576224999517,-1.3840772155792833,0.786,0.618,2.5,900,TONUSDT
-23.95245347965258,-1.217929682962631,2.1721937925167736,18,61.111111111111114,0.45323702067000826,1975.6414063407474,-1.330691859980699,0.786,0.382,2.0,300,TONUSDT
-23.95245347965258,-1.217929682962631,2.1721937925167736,18,61.111111111111114,0.45323702067000826,1975.6414063407474,-1.330691859980699,0.786,0.382,2.0,600,TONUSDT
-23.95245347965258,-1.217929682962631,2.1721937925167736,18,61.111111111111114,0.45323702067000826,1975.6414063407474,-1.330691859980699,0.786,0.5,2.0,300,TONUSDT
-23.95245347965258,-1.217929682962631,2.1721937925167736,18,61.111111111111114,0.45323702067000826,1975.6414063407474,-1.330691859980699,0.786,0.5,2.0,600,TONUSDT
-23.95245347965258,-1.217929682962631,2.1721937925167736,18,61.111111111111114,0.45323702067000826,1975.6414063407474,-1.330691859980699,0.786,0.618,2.0,300,TONUSDT
-23.95245347965258,-1.217929682962631,2.1721937925167736,18,61.111111111111114,0.45323702067000826,1975.6414063407474,-1.330691859980699,0.786,0.618,2.0,600,TONUSDT
-24.395040124152583,-1.239062909167626,2.1721937925167736,17,58.82352941176471,0.44313408935384657,1975.2187418166475,-1.4350023602442696,0.786,0.382,2.0,900,TONUSDT
-24.395040124152583,-1.239062909167626,2.1721937925167736,17,58.82352941176471,0.44313408935384657,1975.2187418166475,-1.4350023602442696,0.786,0.5,2.0,900,TONUSDT
-24.395040124152583,-1.239062909167626,2.1721937925167736,17,58.82352941176471,0.44313408935384657,1975.2187418166475,-1.4350023602442696,0.786,0.618,2.0,900,TONUSDT
-25.29252598634793,-1.277619284337402,1.944531388529,17,58.82352941176471,0.3534644822755483,1974.447614313252,-1.4877956462557604,0.5,0.382,2.5,300,TONUSDT
-25.29252598634793,-1.277619284337402,1.944531388529,17,58.82352941176471,0.3534644822755483,1974.447614313252,-1.4877956462557604,0.5,0.382,2.5,600,TONUSDT
-25.29252598634793,-1.277619284337402,1.944531388529,17,58.82352941176471,0.3534644822755483,1974.447614313252,-1.4877956462557604,0.5,0.5,2.5,300,TONUSDT
-25.29252598634793,-1.277619284337402,1.944531388529,17,58.82352941176471,0.3534644822755483,1974.447614313252,-1.4877956462557604,0.5,0.5,2.5,600,TONUSDT
-25.29252598634793,-1.277619284337402,1.944531388529,17,58.82352941176471,0.3534644822755483,1974.447614313252,-1.4877956462557604,0.5,0.618,2.5,300,TONUSDT
-25.29252598634793,-1.277619284337402,1.944531388529,17,58.82352941176471,0.3534644822755483,1974.447614313252,-1.4877956462557604,0.5,0.618,2.5,600,TONUSDT
-25.29252598634793,-1.277619284337402,1.944531388529,17,58.82352941176471,0.3534644822755483,1974.447614313252,-1.4877956462557604,0.618,0.382,2.5,300,TONUSDT
-25.29252598634793,-1.277619284337402,1.944531388529,17,58.82352941176471,0.3534644822755483,1974.447614313252,-1.4877956462557604,0.618,0.382,2.5,600,TONUSDT
-25.29252598634793,-1.277619284337402,1.944531388529,17,58.82352941176471,0.3534644822755483,1974.447614313252,-1.4877956462557604,0.618,0.5,2.5,300,TONUSDT
-25.29252598634793,-1.277619284337402,1.944531388529,17,58.82352941176471,0.3534644822755483,1974.447614313252,-1.4877956462557604,0.618,0.5,2.5,600,TONUSDT
-25.29252598634793,-1.277619284337402,1.944531388529,17,58.82352941176471,0.3534644822755483,1974.447614313252,-1.4877956462557604,0.618,0.618,2.5,300,TONUSDT
-25.29252598634793,-1.277619284337402,1.944531388529,17,58.82352941176471,0.3534644822755483,1974.447614313252,-1.4877956462557604,0.618,0.618,2.5,600,TONUSDT
-25.654052805847932,-1.2948819562924085,1.944531388529,16,56.25,0.344223019815734,1974.1023608741518,-1.6033783003654958,0.5,0.382,2.5,900,TONUSDT
-25.654052805847932,-1.2948819562924085,1.944531388529,16,56.25,0.344223019815734,1974.1023608741518,-1.6033783003654958,0.5,0.5,2.5,900,TONUSDT
-25.654052805847932,-1.2948819562924085,1.944531388529,16,56.25,0.344223019815734,1974.1023608741518,-1.6033783003654958,0.5,0.618,2.5,900,TONUSDT
-25.654052805847932,-1.2948819562924085,1.944531388529,16,56.25,0.344223019815734,1974.1023608741518,-1.6033783003654958,0.618,0.382,2.5,900,TONUSDT
-25.654052805847932,-1.2948819562924085,1.944531388529,16,56.25,0.344223019815734,1974.1023608741518,-1.6033783003654958,0.618,0.5,2.5,900,TONUSDT
-25.654052805847932,-1.2948819562924085,1.944531388529,16,56.25,0.344223019815734,1974.1023608741518,-1.6033783003654958,0.618,0.618,2.5,900,TONUSDT
-26.09928508140866,-1.3255826011903877,2.419744786099291,17,58.82352941176471,0.4650381627570099,1973.4883479761922,-1.5352520636122742,0.5,0.382,1.5,300,TONUSDT
-26.09928508140866,-1.3255826011903877,2.419744786099291,17,58.82352941176471,0.4650381627570099,1973.4883479761922,-1.5352520636122742,0.5,0.382,1.5,600,TONUSDT
-26.09928508140866,-1.3255826011903877,2.419744786099291,17,58.82352941176471,0.4650381627570099,1973.4883479761922,-1.5352520636122742,0.5,0.5,1.5,300,TONUSDT
-26.09928508140866,-1.3255826011903877,2.419744786099291,17,58.82352941176471,0.4650381627570099,1973.4883479761922,-1.5352520636122742,0.5,0.5,1.5,600,TONUSDT
-26.09928508140866,-1.3255826011903877,2.419744786099291,17,58.82352941176471,0.4650381627570099,1973.4883479761922,-1.5352520636122742,0.5,0.618,1.5,300,TONUSDT
-26.09928508140866,-1.3255826011903877,2.419744786099291,17,58.82352941176471,0.4650381627570099,1973.4883479761922,-1.5352520636122742,0.5,0.618,1.5,600,TONUSDT
-26.09928508140866,-1.3255826011903877,2.419744786099291,17,58.82352941176471,0.4650381627570099,1973.4883479761922,-1.5352520636122742,0.618,0.382,1.5,300,TONUSDT
-26.09928508140866,-1.3255826011903877,2.419744786099291,17,58.82352941176471,0.4650381627570099,1973.4883479761922,-1.5352520636122742,0.618,0.382,1.5,600,TONUSDT
-26.09928508140866,-1.3255826011903877,2.419744786099291,17,58.82352941176471,0.4650381627570099,1973.4883479761922,-1.5352520636122742,0.618,0.5,1.5,300,TONUSDT
-26.09928508140866,-1.3255826011903877,2.419744786099291,17,58.82352941176471,0.4650381627570099,1973.4883479761922,-1.5352520636122742,0.618,0.5,1.5,600,TONUSDT
-26.09928508140866,-1.3255826011903877,2.419744786099291,17,58.82352941176471,0.4650381627570099,1973.4883479761922,-1.5352520636122742,0.618,0.618,1.5,300,TONUSDT
-26.09928508140866,-1.3255826011903877,2.419744786099291,17,58.82352941176471,0.4650381627570099,1973.4883479761922,-1.5352520636122742,0.618,0.618,1.5,600,TONUSDT
-26.605505015652728,-1.346211195202636,2.1750658238523304,17,58.82352941176471,0.39247850700093007,1973.0757760959473,-1.5650297068031016,0.5,0.382,2.0,300,TONUSDT
-26.605505015652728,-1.346211195202636,2.1750658238523304,17,58.82352941176471,0.39247850700093007,1973.0757760959473,-1.5650297068031016,0.5,0.382,2.0,600,TONUSDT
-26.605505015652728,-1.346211195202636,2.1750658238523304,17,58.82352941176471,0.39247850700093007,1973.0757760959473,-1.5650297068031016,0.5,0.5,2.0,300,TONUSDT
-26.605505015652728,-1.346211195202636,2.1750658238523304,17,58.82352941176471,0.39247850700093007,1973.0757760959473,-1.5650297068031016,0.5,0.5,2.0,600,TONUSDT
-26.605505015652728,-1.346211195202636,2.1750658238523304,17,58.82352941176471,0.39247850700093007,1973.0757760959473,-1.5650297068031016,0.5,0.618,2.0,600,TONUSDT
-26.605505015652728,-1.346211195202636,2.1750658238523304,17,58.82352941176471,0.39247850700093007,1973.0757760959473,-1.5650297068031016,0.5,0.618,2.0,300,TONUSDT
-26.605505015652728,-1.346211195202636,2.1750658238523304,17,58.82352941176471,0.39247850700093007,1973.0757760959473,-1.5650297068031016,0.618,0.382,2.0,300,TONUSDT
-26.605505015652728,-1.346211195202636,2.1750658238523304,17,58.82352941176471,0.39247850700093007,1973.0757760959473,-1.5650297068031016,0.618,0.382,2.0,600,TONUSDT
-26.605505015652728,-1.346211195202636,2.1750658238523304,17,58.82352941176471,0.39247850700093007,1973.0757760959473,-1.5650297068031016,0.618,0.5,2.0,300,TONUSDT
-26.605505015652728,-1.346211195202636,2.1750658238523304,17,58.82352941176471,0.39247850700093007,1973.0757760959473,-1.5650297068031016,0.618,0.5,2.0,600,TONUSDT
-26.605505015652728,-1.346211195202636,2.1750658238523304,17,58.82352941176471,0.39247850700093007,1973.0757760959473,-1.5650297068031016,0.618,0.618,2.0,300,TONUSDT
-26.605505015652728,-1.346211195202636,2.1750658238523304,17,58.82352941176471,0.39247850700093007,1973.0757760959473,-1.5650297068031016,0.618,0.618,2.0,600,TONUSDT
-26.669946249408667,-1.3528313031103836,2.419744786099291,16,56.25,0.4533412160427883,1972.9433739377923,-1.6668716405880417,0.5,0.382,1.5,900,TONUSDT
-26.669946249408667,-1.3528313031103836,2.419744786099291,16,56.25,0.4533412160427883,1972.9433739377923,-1.6668716405880417,0.5,0.5,1.5,900,TONUSDT
-26.669946249408667,-1.3528313031103836,2.419744786099291,16,56.25,0.4533412160427883,1972.9433739377923,-1.6668716405880417,0.5,0.618,1.5,900,TONUSDT
-26.669946249408667,-1.3528313031103836,2.419744786099291,16,56.25,0.4533412160427883,1972.9433739377923,-1.6668716405880417,0.618,0.382,1.5,900,TONUSDT
-26.669946249408667,-1.3528313031103836,2.419744786099291,16,56.25,0.4533412160427883,1972.9433739377923,-1.6668716405880417,0.618,0.5,1.5,900,TONUSDT
-26.669946249408667,-1.3528313031103836,2.419744786099291,16,56.25,0.4533412160427883,1972.9433739377923,-1.6668716405880417,0.618,0.618,1.5,900,TONUSDT
-27.048091660152732,-1.3673444214076311,2.1750658238523304,16,56.25,0.38237229406154394,1972.6531115718474,-1.6905057287595457,0.5,0.382,2.0,900,TONUSDT
-27.048091660152732,-1.3673444214076311,2.1750658238523304,16,56.25,0.38237229406154394,1972.6531115718474,-1.6905057287595457,0.5,0.5,2.0,900,TONUSDT
-27.048091660152732,-1.3673444214076311,2.1750658238523304,16,56.25,0.38237229406154394,1972.6531115718474,-1.6905057287595457,0.5,0.618,2.0,900,TONUSDT
-27.048091660152732,-1.3673444214076311,2.1750658238523304,16,56.25,0.38237229406154394,1972.6531115718474,-1.6905057287595457,0.618,0.382,2.0,900,TONUSDT
-27.048091660152732,-1.3673444214076311,2.1750658238523304,16,56.25,0.38237229406154394,1972.6531115718474,-1.6905057287595457,0.618,0.5,2.0,900,TONUSDT
-27.048091660152732,-1.3673444214076311,2.1750658238523304,16,56.25,0.38237229406154394,1972.6531115718474,-1.6905057287595457,0.618,0.618,2.0,900,TONUSDT
-3.1908791639997416,-0.186089744039964,0.3037641551249976,7,42.857142857142854,0.47621172297975467,1996.2782051192007,-0.45583988057139163,0.5,0.382,2.5,300,TRXUSDT
-3.1908791639997416,-0.186089744039964,0.3037641551249976,7,42.857142857142854,0.47621172297975467,1996.2782051192007,-0.45583988057139163,0.5,0.382,2.5,600,TRXUSDT
-3.1908791639997416,-0.186089744039964,0.3037641551249976,7,42.857142857142854,0.47621172297975467,1996.2782051192007,-0.45583988057139163,0.5,0.5,2.5,300,TRXUSDT
-3.1908791639997416,-0.186089744039964,0.3037641551249976,7,42.857142857142854,0.47621172297975467,1996.2782051192007,-0.45583988057139163,0.5,0.5,2.5,600,TRXUSDT
-3.1908791639997416,-0.186089744039964,0.3037641551249976,7,42.857142857142854,0.47621172297975467,1996.2782051192007,-0.45583988057139163,0.5,0.618,2.5,300,TRXUSDT
-3.1908791639997416,-0.186089744039964,0.3037641551249976,7,42.857142857142854,0.47621172297975467,1996.2782051192007,-0.45583988057139163,0.5,0.618,2.5,600,TRXUSDT
-3.1908791639997416,-0.186089744039964,0.3037641551249976,7,42.857142857142854,0.47621172297975467,1996.2782051192007,-0.45583988057139163,0.618,0.382,2.5,300,TRXUSDT
-3.1908791639997416,-0.186089744039964,0.3037641551249976,7,42.857142857142854,0.47621172297975467,1996.2782051192007,-0.45583988057139163,0.618,0.382,2.5,600,TRXUSDT
-3.1908791639997416,-0.186089744039964,0.3037641551249976,7,42.857142857142854,0.47621172297975467,1996.2782051192007,-0.45583988057139163,0.618,0.5,2.5,300,TRXUSDT
-3.1908791639997416,-0.186089744039964,0.3037641551249976,7,42.857142857142854,0.47621172297975467,1996.2782051192007,-0.45583988057139163,0.618,0.5,2.5,600,TRXUSDT
-3.1908791639997416,-0.186089744039964,0.3037641551249976,7,42.857142857142854,0.47621172297975467,1996.2782051192007,-0.45583988057139163,0.618,0.618,2.5,300,TRXUSDT
-3.1908791639997416,-0.186089744039964,0.3037641551249976,7,42.857142857142854,0.47621172297975467,1996.2782051192007,-0.45583988057139163,0.618,0.618,2.5,600,TRXUSDT
-3.3240200549997763,-0.19216073498996591,0.3037641551249976,7,42.857142857142854,0.4543564178072352,1996.1567853002007,-0.4748600078571109,0.786,0.382,2.5,300,TRXUSDT
-3.3240200549997763,-0.19216073498996591,0.3037641551249976,7,42.857142857142854,0.4543564178072352,1996.1567853002007,-0.4748600078571109,0.786,0.382,2.5,600,TRXUSDT
-3.3240200549997763,-0.19216073498996591,0.3037641551249976,7,42.857142857142854,0.4543564178072352,1996.1567853002007,-0.4748600078571109,0.786,0.5,2.5,300,TRXUSDT
-3.3240200549997763,-0.19216073498996591,0.3037641551249976,7,42.857142857142854,0.4543564178072352,1996.1567853002007,-0.4748600078571109,0.786,0.5,2.5,600,TRXUSDT
-3.3240200549997763,-0.19216073498996591,0.3037641551249976,7,42.857142857142854,0.4543564178072352,1996.1567853002007,-0.4748600078571109,0.786,0.618,2.5,300,TRXUSDT
-3.3240200549997763,-0.19216073498996591,0.3037641551249976,7,42.857142857142854,0.4543564178072352,1996.1567853002007,-0.4748600078571109,0.786,0.618,2.5,600,TRXUSDT
-3.679117353499706,-0.21413030603497418,0.34642627640000684,7,42.857142857142854,0.47045127507687934,1995.7173938793005,-0.5255881933571008,0.5,0.382,2.0,300,TRXUSDT
-3.679117353499706,-0.21413030603497418,0.34642627640000684,7,42.857142857142854,0.47045127507687934,1995.7173938793005,-0.5255881933571008,0.5,0.382,2.0,600,TRXUSDT
-3.679117353499706,-0.21413030603497418,0.34642627640000684,7,42.857142857142854,0.47045127507687934,1995.7173938793005,-0.5255881933571008,0.5,0.5,2.0,300,TRXUSDT
-3.679117353499706,-0.21413030603497418,0.34642627640000684,7,42.857142857142854,0.47045127507687934,1995.7173938793005,-0.5255881933571008,0.5,0.5,2.0,600,TRXUSDT
-3.679117353499706,-0.21413030603497418,0.34642627640000684,7,42.857142857142854,0.47045127507687934,1995.7173938793005,-0.5255881933571008,0.5,0.618,2.0,300,TRXUSDT
-3.679117353499706,-0.21413030603497418,0.34642627640000684,7,42.857142857142854,0.47045127507687934,1995.7173938793005,-0.5255881933571008,0.5,0.618,2.0,600,TRXUSDT
-3.679117353499706,-0.21413030603497418,0.34642627640000684,7,42.857142857142854,0.47045127507687934,1995.7173938793005,-0.5255881933571008,0.618,0.382,2.0,300,TRXUSDT
-3.679117353499706,-0.21413030603497418,0.34642627640000684,7,42.857142857142854,0.47045127507687934,1995.7173938793005,-0.5255881933571008,0.618,0.382,2.0,600,TRXUSDT
-3.679117353499706,-0.21413030603497418,0.34642627640000684,7,42.857142857142854,0.47045127507687934,1995.7173938793005,-0.5255881933571008,0.618,0.5,2.0,300,TRXUSDT
-3.679117353499706,-0.21413030603497418,0.34642627640000684,7,42.857142857142854,0.47045127507687934,1995.7173938793005,-0.5255881933571008,0.618,0.5,2.0,600,TRXUSDT
-3.679117353499706,-0.21413030603497418,0.34642627640000684,7,42.857142857142854,0.47045127507687934,1995.7173938793005,-0.5255881933571008,0.618,0.618,2.0,300,TRXUSDT
-3.679117353499706,-0.21413030603497418,0.34642627640000684,7,42.857142857142854,0.47045127507687934,1995.7173938793005,-0.5255881933571008,0.618,0.618,2.0,600,TRXUSDT
-3.856480604499752,-0.2222177589849707,0.34642627640000684,7,42.857142857142854,0.4449227380961409,1995.5556448203006,-0.5509258006428217,0.786,0.382,2.0,300,TRXUSDT
-3.856480604499752,-0.2222177589849707,0.34642627640000684,7,42.857142857142854,0.4449227380961409,1995.5556448203006,-0.5509258006428217,0.786,0.382,2.0,600,TRXUSDT
-3.856480604499752,-0.2222177589849707,0.34642627640000684,7,42.857142857142854,0.4449227380961409,1995.5556448203006,-0.5509258006428217,0.786,0.5,2.0,300,TRXUSDT
-3.856480604499752,-0.2222177589849707,0.34642627640000684,7,42.857142857142854,0.4449227380961409,1995.5556448203006,-0.5509258006428217,0.786,0.5,2.0,600,TRXUSDT
-3.856480604499752,-0.2222177589849707,0.34642627640000684,7,42.857142857142854,0.4449227380961409,1995.5556448203006,-0.5509258006428217,0.786,0.618,2.0,300,TRXUSDT
-3.856480604499752,-0.2222177589849707,0.34642627640000684,7,42.857142857142854,0.4449227380961409,1995.5556448203006,-0.5509258006428217,0.786,0.618,2.0,600,TRXUSDT
-5.696334017499943,-0.3074315195549957,0.32375606822500913,5,40.0,0.12331516952318766,1993.8513696089,-1.1392668034999887,0.5,0.382,1.5,300,TRXUSDT
-5.696334017499943,-0.3074315195549957,0.32375606822500913,5,40.0,0.12331516952318766,1993.8513696089,-1.1392668034999887,0.5,0.382,1.5,600,TRXUSDT
-5.696334017499943,-0.3074315195549957,0.32375606822500913,5,40.0,0.12331516952318766,1993.8513696089,-1.1392668034999887,0.5,0.5,1.5,300,TRXUSDT
-5.696334017499943,-0.3074315195549957,0.32375606822500913,5,40.0,0.12331516952318766,1993.8513696089,-1.1392668034999887,0.5,0.5,1.5,600,TRXUSDT
-5.696334017499943,-0.3074315195549957,0.32375606822500913,5,40.0,0.12331516952318766,1993.8513696089,-1.1392668034999887,0.5,0.618,1.5,300,TRXUSDT
-5.696334017499943,-0.3074315195549957,0.32375606822500913,5,40.0,0.12331516952318766,1993.8513696089,-1.1392668034999887,0.5,0.618,1.5,600,TRXUSDT
-5.696334017499943,-0.3074315195549957,0.32375606822500913,5,40.0,0.12331516952318766,1993.8513696089,-1.1392668034999887,0.618,0.382,1.5,300,TRXUSDT
-5.696334017499943,-0.3074315195549957,0.32375606822500913,5,40.0,0.12331516952318766,1993.8513696089,-1.1392668034999887,0.618,0.382,1.5,600,TRXUSDT
-5.696334017499943,-0.3074315195549957,0.32375606822500913,5,40.0,0.12331516952318766,1993.8513696089,-1.1392668034999887,0.618,0.5,1.5,300,TRXUSDT
-5.696334017499943,-0.3074315195549957,0.32375606822500913,5,40.0,0.12331516952318766,1993.8513696089,-1.1392668034999887,0.618,0.5,1.5,600,TRXUSDT
-5.696334017499943,-0.3074315195549957,0.32375606822500913,5,40.0,0.12331516952318766,1993.8513696089,-1.1392668034999887,0.618,0.618,1.5,300,TRXUSDT
-5.696334017499943,-0.3074315195549957,0.32375606822500913,5,40.0,0.12331516952318766,1993.8513696089,-1.1392668034999887,0.618,0.618,1.5,600,TRXUSDT
-5.944926855500007,-0.3187669166549995,0.32375606822500913,5,40.0,0.08505590147986357,1993.6246616669,-1.1889853711000016,0.786,0.382,1.5,300,TRXUSDT
-5.944926855500007,-0.3187669166549995,0.32375606822500913,5,40.0,0.08505590147986357,1993.6246616669,-1.1889853711000016,0.786,0.382,1.5,600,TRXUSDT
-5.944926855500007,-0.3187669166549995,0.32375606822500913,5,40.0,0.08505590147986357,1993.6246616669,-1.1889853711000016,0.786,0.5,1.5,300,TRXUSDT
-5.944926855500007,-0.3187669166549995,0.32375606822500913,5,40.0,0.08505590147986357,1993.6246616669,-1.1889853711000016,0.786,0.5,1.5,600,TRXUSDT
-5.944926855500007,-0.3187669166549995,0.32375606822500913,5,40.0,0.08505590147986357,1993.6246616669,-1.1889853711000016,0.786,0.618,1.5,300,TRXUSDT
-5.944926855500007,-0.3187669166549995,0.32375606822500913,5,40.0,0.08505590147986357,1993.6246616669,-1.1889853711000016,0.786,0.618,1.5,600,TRXUSDT
-25.0984679890825,-1.3008570298341056,1.3991435963791332,12,16.666666666666664,0.10307748060903171,1973.982859403318,-2.0915389990902082,0.5,0.382,2.5,900,TRXUSDT
-25.0984679890825,-1.3008570298341056,1.3991435963791332,12,16.666666666666664,0.10307748060903171,1973.982859403318,-2.0915389990902082,0.5,0.5,2.5,900,TRXUSDT
-25.0984679890825,-1.3008570298341056,1.3991435963791332,12,16.666666666666664,0.10307748060903171,1973.982859403318,-2.0915389990902082,0.5,0.618,2.5,900,TRXUSDT
-25.0984679890825,-1.3008570298341056,1.3991435963791332,12,16.666666666666664,0.10307748060903171,1973.982859403318,-2.0915389990902082,0.618,0.382,2.5,900,TRXUSDT
-25.0984679890825,-1.3008570298341056,1.3991435963791332,12,16.666666666666664,0.10307748060903171,1973.982859403318,-2.0915389990902082,0.618,0.5,2.5,900,TRXUSDT
-25.0984679890825,-1.3008570298341056,1.3991435963791332,12,16.666666666666664,0.10307748060903171,1973.982859403318,-2.0915389990902082,0.618,0.618,2.5,900,TRXUSDT
-26.02121155008251,-1.3484923702041103,1.4386237298791344,12,16.666666666666664,0.09562135638244822,1973.0301525959178,-2.168434295840209,0.786,0.382,2.5,900,TRXUSDT
-26.02121155008251,-1.3484923702041103,1.4386237298791344,12,16.666666666666664,0.09562135638244822,1973.0301525959178,-2.168434295840209,0.786,0.5,2.5,900,TRXUSDT
-26.02121155008251,-1.3484923702041103,1.4386237298791344,12,16.666666666666664,0.09562135638244822,1973.0301525959178,-2.168434295840209,0.786,0.618,2.5,900,TRXUSDT
-27.651070063569282,-1.4356450300584582,1.545023911903479,12,16.666666666666664,0.10515721308472165,1971.2870993988308,-2.3042558386307737,0.5,0.382,2.0,900,TRXUSDT
-27.651070063569282,-1.4356450300584582,1.545023911903479,12,16.666666666666664,0.10515721308472165,1971.2870993988308,-2.3042558386307737,0.5,0.5,2.0,900,TRXUSDT
-27.651070063569282,-1.4356450300584582,1.545023911903479,12,16.666666666666664,0.10515721308472165,1971.2870993988308,-2.3042558386307737,0.5,0.618,2.0,900,TRXUSDT
-27.651070063569282,-1.4356450300584582,1.545023911903479,12,16.666666666666664,0.10515721308472165,1971.2870993988308,-2.3042558386307737,0.618,0.382,2.0,900,TRXUSDT
-27.651070063569282,-1.4356450300584582,1.545023911903479,12,16.666666666666664,0.10515721308472165,1971.2870993988308,-2.3042558386307737,0.618,0.5,2.0,900,TRXUSDT
-27.651070063569282,-1.4356450300584582,1.545023911903479,12,16.666666666666664,0.10515721308472165,1971.2870993988308,-2.3042558386307737,0.618,0.618,2.0,900,TRXUSDT
-27.887936547926913,-1.4331249913163446,1.4333361947463688,8,12.5,0.02716694624243456,1971.337500173673,-3.485992068490864,0.5,0.382,1.5,900,TRXUSDT
-27.887936547926913,-1.4331249913163446,1.4333361947463688,8,12.5,0.02716694624243456,1971.337500173673,-3.485992068490864,0.5,0.5,1.5,900,TRXUSDT
-27.887936547926913,-1.4331249913163446,1.4333361947463688,8,12.5,0.02716694624243456,1971.337500173673,-3.485992068490864,0.5,0.618,1.5,900,TRXUSDT
-27.887936547926913,-1.4331249913163446,1.4333361947463688,8,12.5,0.02716694624243456,1971.337500173673,-3.485992068490864,0.618,0.382,1.5,900,TRXUSDT
-27.887936547926913,-1.4331249913163446,1.4333361947463688,8,12.5,0.02716694624243456,1971.337500173673,-3.485992068490864,0.618,0.5,1.5,900,TRXUSDT
-27.887936547926913,-1.4331249913163446,1.4333361947463688,8,12.5,0.02716694624243456,1971.337500173673,-3.485992068490864,0.618,0.618,1.5,900,TRXUSDT
-28.136529385926977,-1.4444603884163485,1.4333361947463688,8,12.5,0.018495120368252443,1971.110792231673,-3.517066173240872,0.786,0.382,1.5,900,TRXUSDT
-28.136529385926977,-1.4444603884163485,1.4333361947463688,8,12.5,0.018495120368252443,1971.110792231673,-3.517066173240872,0.786,0.5,1.5,900,TRXUSDT
-28.136529385926977,-1.4444603884163485,1.4333361947463688,8,12.5,0.018495120368252443,1971.110792231673,-3.517066173240872,0.786,0.618,1.5,900,TRXUSDT
-28.870783254569293,-1.4986013414484547,1.5971414089034737,12,16.666666666666664,0.09617322881915528,1970.027973171031,-2.405898604547441,0.786,0.382,2.0,900,TRXUSDT
-28.870783254569293,-1.4986013414484547,1.5971414089034737,12,16.666666666666664,0.09617322881915528,1970.027973171031,-2.405898604547441,0.786,0.5,2.0,900,TRXUSDT
-28.870783254569293,-1.4986013414484547,1.5971414089034737,12,16.666666666666664,0.09617322881915528,1970.027973171031,-2.405898604547441,0.786,0.618,2.0,900,TRXUSDT
-57.00730048715066,-2.9108146208774994,3.4953089174980065,48,39.58333333333333,0.4043826162958996,1941.78370758245,-1.1876520934823054,0.5,0.618,2.5,300,UNIUSDT
-57.00730048715066,-2.9108146208774994,3.4953089174980065,48,39.58333333333333,0.4043826162958996,1941.78370758245,-1.1876520934823054,0.5,0.618,2.5,600,UNIUSDT
-57.00730048715066,-2.9108146208774994,3.4953089174980065,48,39.58333333333333,0.4043826162958996,1941.78370758245,-1.1876520934823054,0.618,0.618,2.5,300,UNIUSDT
-57.00730048715066,-2.9108146208774994,3.4953089174980065,48,39.58333333333333,0.4043826162958996,1941.78370758245,-1.1876520934823054,0.618,0.618,2.5,600,UNIUSDT
-59.685032987650615,-3.0446669917225107,3.628926215185002,48,39.58333333333333,0.37640542718892345,1939.1066601655498,-1.2434381872427211,0.618,0.382,2.5,300,UNIUSDT
-59.685032987650615,-3.0446669917225107,3.628926215185002,48,39.58333333333333,0.37640542718892345,1939.1066601655498,-1.2434381872427211,0.618,0.382,2.5,600,UNIUSDT
-59.685032987650615,-3.0446669917225107,3.628926215185002,48,39.58333333333333,0.37640542718892345,1939.1066601655498,-1.2434381872427211,0.618,0.5,2.5,600,UNIUSDT
-59.685032987650615,-3.0446669917225107,3.628926215185002,48,39.58333333333333,0.37640542718892345,1939.1066601655498,-1.2434381872427211,0.618,0.5,2.5,300,UNIUSDT
-59.97081965465059,-3.058984648952503,3.6431868040049595,48,39.58333333333333,0.3734195024838165,1938.82030702095,-1.249392076138554,0.5,0.382,2.5,300,UNIUSDT
-59.97081965465059,-3.058984648952503,3.6431868040049595,48,39.58333333333333,0.3734195024838165,1938.82030702095,-1.249392076138554,0.5,0.382,2.5,600,UNIUSDT
-59.97081965465059,-3.058984648952503,3.6431868040049595,48,39.58333333333333,0.3734195024838165,1938.82030702095,-1.249392076138554,0.5,0.5,2.5,300,UNIUSDT
-59.97081965465059,-3.058984648952503,3.6431868040049595,48,39.58333333333333,0.3734195024838165,1938.82030702095,-1.249392076138554,0.5,0.5,2.5,600,UNIUSDT
-60.714579954650674,-3.0995115019524975,3.6803000113153663,50,38.0,0.3893033451677411,1938.00976996095,-1.2142915990930134,0.5,0.618,2.5,900,UNIUSDT
-60.714579954650674,-3.0995115019524975,3.6803000113153663,50,38.0,0.3893033451677411,1938.00976996095,-1.2142915990930134,0.618,0.618,2.5,900,UNIUSDT
-61.02622090065061,-3.1099255986925187,3.6958507136522782,47,38.297872340425535,0.3614934670897482,1937.8014880261496,-1.2984302319287364,0.786,0.618,2.5,300,UNIUSDT
-61.02622090065061,-3.1099255986925187,3.6958507136522782,47,38.297872340425535,0.3614934670897482,1937.8014880261496,-1.2984302319287364,0.786,0.618,2.5,600,UNIUSDT
-62.14091567265058,-3.1655714193725086,3.7514733358345245,47,38.297872340425535,0.3498306132603823,1936.6885716125498,-1.322147141971289,0.786,0.382,2.5,300,UNIUSDT
-62.14091567265058,-3.1655714193725086,3.7514733358345245,47,38.297872340425535,0.3498306132603823,1936.6885716125498,-1.322147141971289,0.786,0.382,2.5,600,UNIUSDT
-62.14091567265058,-3.1655714193725086,3.7514733358345245,47,38.297872340425535,0.3498306132603823,1936.6885716125498,-1.322147141971289,0.786,0.5,2.5,300,UNIUSDT
-62.14091567265058,-3.1655714193725086,3.7514733358345245,47,38.297872340425535,0.3498306132603823,1936.6885716125498,-1.322147141971289,0.786,0.5,2.5,600,UNIUSDT
-63.39231245515063,-3.2333638727975087,3.813917309002362,50,38.0,0.36236941460588296,1935.3327225440498,-1.2678462491030127,0.618,0.382,2.5,900,UNIUSDT
-63.39231245515063,-3.2333638727975087,3.813917309002362,50,38.0,0.36236941460588296,1935.3327225440498,-1.2678462491030127,0.618,0.5,2.5,900,UNIUSDT
-63.678099122150606,-3.2476815300275006,3.8281778978223193,50,38.0,0.3594948338764617,1935.04636939945,-1.2735619824430122,0.5,0.382,2.5,900,UNIUSDT
-63.678099122150606,-3.2476815300275006,3.8281778978223193,50,38.0,0.3594948338764617,1935.04636939945,-1.2735619824430122,0.5,0.5,2.5,900,UNIUSDT
-64.73350036815063,-3.2986224797675163,3.880841807469638,49,36.734693877551024,0.3479952170354952,1934.0275504046497,-1.321091844247972,0.786,0.618,2.5,900,UNIUSDT
-65.8481951401506,-3.3542683004475062,3.9364644296518843,49,36.734693877551024,0.33676785687798555,1932.9146339910499,-1.3438407171459306,0.786,0.382,2.5,900,UNIUSDT
-65.8481951401506,-3.3542683004475062,3.9364644296518843,49,36.734693877551024,0.33676785687798555,1932.9146339910499,-1.3438407171459306,0.786,0.5,2.5,900,UNIUSDT
-93.91243582820738,-4.769968803930408,5.484202309232655,48,35.41666666666667,0.3005160521847688,1904.6006239213918,-1.9565090797543203,0.5,0.618,2.0,300,UNIUSDT
-93.91243582820738,-4.769968803930408,5.484202309232655,48,35.41666666666667,0.3005160521847688,1904.6006239213918,-1.9565090797543203,0.5,0.618,2.0,600,UNIUSDT
-93.91243582820738,-4.769968803930408,5.484202309232655,48,35.41666666666667,0.3005160521847688,1904.6006239213918,-1.9565090797543203,0.618,0.618,2.0,300,UNIUSDT
-93.91243582820738,-4.769968803930408,5.484202309232655,48,35.41666666666667,0.3005160521847688,1904.6006239213918,-1.9565090797543203,0.618,0.618,2.0,600,UNIUSDT
-97.22341788170733,-4.935467937345414,5.649339740617036,48,35.41666666666667,0.27585500727092893,1901.2906412530917,-2.0254878725355696,0.618,0.382,2.0,300,UNIUSDT
-97.22341788170733,-4.935467937345414,5.649339740617036,48,35.41666666666667,0.27585500727092893,1901.2906412530917,-2.0254878725355696,0.618,0.382,2.0,600,UNIUSDT
-97.22341788170733,-4.935467937345414,5.649339740617036,48,35.41666666666667,0.27585500727092893,1901.2906412530917,-2.0254878725355696,0.618,0.5,2.0,300,UNIUSDT
-97.22341788170733,-4.935467937345414,5.649339740617036,48,35.41666666666667,0.27585500727092893,1901.2906412530917,-2.0254878725355696,0.618,0.5,2.0,600,UNIUSDT
-97.5764495117073,-4.953162156045403,5.666947427893377,48,35.41666666666667,0.2732255369981341,1900.936756879092,-2.0328426981605685,0.5,0.382,2.0,300,UNIUSDT
-97.5764495117073,-4.953162156045403,5.666947427893377,48,35.41666666666667,0.2732255369981341,1900.936756879092,-2.0328426981605685,0.5,0.382,2.0,600,UNIUSDT
-97.5764495117073,-4.953162156045403,5.666947427893377,48,35.41666666666667,0.2732255369981341,1900.936756879092,-2.0328426981605685,0.5,0.5,2.0,600,UNIUSDT
-97.5764495117073,-4.953162156045403,5.666947427893377,48,35.41666666666667,0.2732255369981341,1900.936756879092,-2.0328426981605685,0.5,0.5,2.0,300,UNIUSDT
-98.5595879592074,-5.006406867320391,5.715982111649433,50,34.0,0.2904622298934996,1899.8718626535922,-1.9711917591841481,0.5,0.618,2.0,900,UNIUSDT
-98.5595879592074,-5.006406867320391,5.715982111649433,50,34.0,0.2904622298934996,1899.8718626535922,-1.9711917591841481,0.618,0.618,2.0,900,UNIUSDT
-99.01296224970731,-5.022606271265408,5.738594455835892,47,34.04255319148936,0.26148813406900595,1899.5478745746918,-2.1066587712703684,0.786,0.618,2.0,300,UNIUSDT
-99.01296224970731,-5.022606271265408,5.738594455835892,47,34.04255319148936,0.26148813406900595,1899.5478745746918,-2.1066587712703684,0.786,0.618,2.0,600,UNIUSDT
-100.30311751320728,-5.087003093580404,5.802941807424881,47,34.04255319148936,0.2518652023907764,1898.259938128392,-2.1341088832597293,0.786,0.382,2.0,600,UNIUSDT
-100.30311751320728,-5.087003093580404,5.802941807424881,47,34.04255319148936,0.2518652023907764,1898.259938128392,-2.1341088832597293,0.786,0.382,2.0,300,UNIUSDT
-100.30311751320728,-5.087003093580404,5.802941807424881,47,34.04255319148936,0.2518652023907764,1898.259938128392,-2.1341088832597293,0.786,0.5,2.0,300,UNIUSDT
-100.30311751320728,-5.087003093580404,5.802941807424881,47,34.04255319148936,0.2518652023907764,1898.259938128392,-2.1341088832597293,0.786,0.5,2.0,600,UNIUSDT
-101.87057001270736,-5.1719060007353965,5.881119543033813,50,34.0,0.2666262249776174,1896.561879985292,-2.0374114002541472,0.618,0.382,2.0,900,UNIUSDT
-101.87057001270736,-5.1719060007353965,5.881119543033813,50,34.0,0.2666262249776174,1896.561879985292,-2.0374114002541472,0.618,0.5,2.0,900,UNIUSDT
-102.22360164270732,-5.189600219435386,5.898727230310154,50,34.0,0.26408472413823775,1896.2079956112923,-2.0444720328541464,0.5,0.382,2.0,900,UNIUSDT
-102.22360164270732,-5.189600219435386,5.898727230310154,50,34.0,0.26408472413823775,1896.2079956112923,-2.0444720328541464,0.5,0.5,2.0,900,UNIUSDT
-103.66011438070734,-5.259044334655391,5.9703742582526695,49,32.6530612244898,0.25272809900695475,1894.8191133068922,-2.1155125383817825,0.786,0.618,2.0,900,UNIUSDT
-104.95026964420731,-5.323441156970386,6.034721609841659,49,32.6530612244898,0.24342754225866664,1893.5311768605923,-2.141842237636884,0.786,0.382,2.0,900,UNIUSDT
-104.95026964420731,-5.323441156970386,6.034721609841659,49,32.6530612244898,0.24342754225866664,1893.5311768605923,-2.141842237636884,0.786,0.5,2.0,900,UNIUSDT
-133.99614930991206,-6.796410225695615,7.715210495569661,48,33.33333333333333,0.27416085613149305,1864.0717954860877,-2.791586443956501,0.5,0.618,1.5,300,UNIUSDT
-133.99614930991206,-6.796410225695615,7.715210495569661,48,33.33333333333333,0.27416085613149305,1864.0717954860877,-2.791586443956501,0.5,0.618,1.5,600,UNIUSDT
-133.99614930991206,-6.796410225695615,7.715210495569661,48,33.33333333333333,0.27416085613149305,1864.0717954860877,-2.791586443956501,0.618,0.618,1.5,600,UNIUSDT
-133.99614930991206,-6.796410225695615,7.715210495569661,48,33.33333333333333,0.27416085613149305,1864.0717954860877,-2.791586443956501,0.618,0.618,1.5,300,UNIUSDT
-138.321339305912,-7.012588830935601,7.93076286886783,48,33.33333333333333,0.25073188283686276,1859.748223381288,-2.8816945688731668,0.618,0.382,1.5,300,UNIUSDT
-138.321339305912,-7.012588830935601,7.93076286886783,48,33.33333333333333,0.25073188283686276,1859.748223381288,-2.8816945688731668,0.618,0.382,1.5,600,UNIUSDT
-138.321339305912,-7.012588830935601,7.93076286886783,48,33.33333333333333,0.25073188283686276,1859.748223381288,-2.8816945688731668,0.618,0.5,1.5,300,UNIUSDT
-138.321339305912,-7.012588830935601,7.93076286886783,48,33.33333333333333,0.25073188283686276,1859.748223381288,-2.8816945688731668,0.618,0.5,1.5,600,UNIUSDT
-138.78277521691194,-7.035731942525604,7.953759224133855,48,33.33333333333333,0.24823234648215933,1859.285361149488,-2.891307817018999,0.5,0.382,1.5,300,UNIUSDT
-138.78277521691194,-7.035731942525604,7.953759224133855,48,33.33333333333333,0.24823234648215933,1859.285361149488,-2.891307817018999,0.5,0.382,1.5,600,UNIUSDT
-138.78277521691194,-7.035731942525604,7.953759224133855,48,33.33333333333333,0.24823234648215933,1859.285361149488,-2.891307817018999,0.5,0.5,1.5,300,UNIUSDT
-138.78277521691194,-7.035731942525604,7.953759224133855,48,33.33333333333333,0.24823234648215933,1859.285361149488,-2.891307817018999,0.5,0.5,1.5,600,UNIUSDT
-140.2053086179121,-7.112133460215614,8.024653323806946,50,32.0,0.2652397346176482,1857.7573307956877,-2.804106172358242,0.5,0.618,1.5,900,UNIUSDT
-140.2053086179121,-7.112133460215614,8.024653323806946,50,32.0,0.2652397346176482,1857.7573307956877,-2.804106172358242,0.618,0.618,1.5,900,UNIUSDT
-140.89918332691198,-7.138254980425608,8.059233617489967,47,31.914893617021278,0.23562406689266674,1857.2349003914878,-2.9978549644023826,0.786,0.618,1.5,300,UNIUSDT
-140.89918332691198,-7.138254980425608,8.059233617489967,47,31.914893617021278,0.23562406689266674,1857.2349003914878,-2.9978549644023826,0.786,0.618,1.5,600,UNIUSDT
-142.43689743791194,-7.2149931300156025,8.135867921737097,47,31.914893617021278,0.2272819911567075,1855.700137399688,-3.0305722859130197,0.786,0.382,1.5,300,UNIUSDT
-142.43689743791194,-7.2149931300156025,8.135867921737097,47,31.914893617021278,0.2272819911567075,1855.700137399688,-3.0305722859130197,0.786,0.382,1.5,600,UNIUSDT
-142.43689743791194,-7.2149931300156025,8.135867921737097,47,31.914893617021278,0.2272819911567075,1855.700137399688,-3.0305722859130197,0.786,0.5,1.5,300,UNIUSDT
-142.43689743791194,-7.2149931300156025,8.135867921737097,47,31.914893617021278,0.2272819911567075,1855.700137399688,-3.0305722859130197,0.786,0.5,1.5,600,UNIUSDT
-144.53049861391202,-7.3283120654556,8.240205697105116,50,32.0,0.2425731338974812,1853.433758690888,-2.89060997227824,0.618,0.382,1.5,900,UNIUSDT
-144.53049861391202,-7.3283120654556,8.240205697105116,50,32.0,0.2425731338974812,1853.433758690888,-2.89060997227824,0.618,0.5,1.5,900,UNIUSDT
-144.99193452491198,-7.351455177045603,8.26320205237114,50,32.0,0.2401549317925435,1852.970896459088,-2.89983869049824,0.5,0.382,1.5,900,UNIUSDT
-144.99193452491198,-7.351455177045603,8.26320205237114,50,32.0,0.2401549317925435,1852.970896459088,-2.89983869049824,0.5,0.5,1.5,900,UNIUSDT
-147.10834263491202,-7.453978214945607,8.368676445727253,49,30.612244897959183,0.22794580475542117,1850.9204357010879,-3.002211074181878,0.786,0.618,1.5,900,UNIUSDT
-148.64605674591198,-7.530716364535602,8.445310749974382,49,30.612244897959183,0.2198755715570862,1849.385672709288,-3.03359299481453,0.786,0.382,1.5,900,UNIUSDT
-148.64605674591198,-7.530716364535602,8.445310749974382,49,30.612244897959183,0.2198755715570862,1849.385672709288,-3.03359299481453,0.786,0.5,1.5,900,UNIUSDT
-25.362158857437553,-1.3096411145119191,1.997925769371898,33,39.39393939393939,0.5493646834414353,1973.8071777097616,-0.7685502684071985,0.786,0.382,2.5,300,ATOMUSDT
-25.362158857437553,-1.3096411145119191,1.997925769371898,33,39.39393939393939,0.5493646834414353,1973.8071777097616,-0.7685502684071985,0.786,0.382,2.5,600,ATOMUSDT
-25.362158857437553,-1.3096411145119191,1.997925769371898,33,39.39393939393939,0.5493646834414353,1973.8071777097616,-0.7685502684071985,0.786,0.5,2.5,300,ATOMUSDT
-25.362158857437553,-1.3096411145119191,1.997925769371898,33,39.39393939393939,0.5493646834414353,1973.8071777097616,-0.7685502684071985,0.786,0.5,2.5,600,ATOMUSDT
-25.362158857437553,-1.3096411145119191,1.997925769371898,33,39.39393939393939,0.5493646834414353,1973.8071777097616,-0.7685502684071985,0.786,0.618,2.5,300,ATOMUSDT
-25.362158857437553,-1.3096411145119191,1.997925769371898,33,39.39393939393939,0.5493646834414353,1973.8071777097616,-0.7685502684071985,0.786,0.618,2.5,600,ATOMUSDT
-25.42047389943755,-1.3125145214919145,1.997925769371898,33,39.39393939393939,0.548328540676164,1973.7497095701617,-0.770317390892047,0.5,0.382,2.5,600,ATOMUSDT
-25.42047389943755,-1.3125145214919145,1.997925769371898,33,39.39393939393939,0.548328540676164,1973.7497095701617,-0.770317390892047,0.5,0.382,2.5,300,ATOMUSDT
-25.42047389943755,-1.3125145214919145,1.997925769371898,33,39.39393939393939,0.548328540676164,1973.7497095701617,-0.770317390892047,0.5,0.5,2.5,300,ATOMUSDT
-25.42047389943755,-1.3125145214919145,1.997925769371898,33,39.39393939393939,0.548328540676164,1973.7497095701617,-0.770317390892047,0.5,0.5,2.5,600,ATOMUSDT
-25.42047389943755,-1.3125145214919145,1.997925769371898,33,39.39393939393939,0.548328540676164,1973.7497095701617,-0.770317390892047,0.5,0.618,2.5,300,ATOMUSDT
-25.42047389943755,-1.3125145214919145,1.997925769371898,33,39.39393939393939,0.548328540676164,1973.7497095701617,-0.770317390892047,0.5,0.618,2.5,600,ATOMUSDT
-25.42047389943755,-1.3125145214919145,1.997925769371898,33,39.39393939393939,0.548328540676164,1973.7497095701617,-0.770317390892047,0.618,0.382,2.5,300,ATOMUSDT
-25.42047389943755,-1.3125145214919145,1.997925769371898,33,39.39393939393939,0.548328540676164,1973.7497095701617,-0.770317390892047,0.618,0.382,2.5,600,ATOMUSDT
-25.42047389943755,-1.3125145214919145,1.997925769371898,33,39.39393939393939,0.548328540676164,1973.7497095701617,-0.770317390892047,0.618,0.5,2.5,300,ATOMUSDT
-25.42047389943755,-1.3125145214919145,1.997925769371898,33,39.39393939393939,0.548328540676164,1973.7497095701617,-0.770317390892047,0.618,0.5,2.5,600,ATOMUSDT
-25.42047389943755,-1.3125145214919145,1.997925769371898,33,39.39393939393939,0.548328540676164,1973.7497095701617,-0.770317390892047,0.618,0.618,2.5,300,ATOMUSDT
-25.42047389943755,-1.3125145214919145,1.997925769371898,33,39.39393939393939,0.548328540676164,1973.7497095701617,-0.770317390892047,0.618,0.618,2.5,600,ATOMUSDT
-25.85159292893762,-1.3374441963469053,1.9948367512712153,35,42.857142857142854,0.5681853924970126,1973.251116073062,-0.7386169408267892,0.786,0.382,2.5,900,ATOMUSDT
-25.85159292893762,-1.3374441963469053,1.9948367512712153,35,42.857142857142854,0.5681853924970126,1973.251116073062,-0.7386169408267892,0.786,0.5,2.5,900,ATOMUSDT
-25.92959214387976,-1.3627695508339912,2.4979143029440136,33,39.39393939393939,0.656660639850663,1972.7446089833202,-0.7857452164812049,0.786,0.382,1.5,300,ATOMUSDT
-25.92959214387976,-1.3627695508339912,2.4979143029440136,33,39.39393939393939,0.656660639850663,1972.7446089833202,-0.7857452164812049,0.786,0.382,1.5,600,ATOMUSDT
-25.92959214387976,-1.3627695508339912,2.4979143029440136,33,39.39393939393939,0.656660639850663,1972.7446089833202,-0.7857452164812049,0.786,0.5,1.5,300,ATOMUSDT
-25.92959214387976,-1.3627695508339912,2.4979143029440136,33,39.39393939393939,0.656660639850663,1972.7446089833202,-0.7857452164812049,0.786,0.5,1.5,600,ATOMUSDT
-25.92959214387976,-1.3627695508339912,2.4979143029440136,33,39.39393939393939,0.656660639850663,1972.7446089833202,-0.7857452164812049,0.786,0.618,1.5,300,ATOMUSDT
-25.92959214387976,-1.3627695508339912,2.4979143029440136,33,39.39393939393939,0.656660639850663,1972.7446089833202,-0.7857452164812049,0.786,0.618,1.5,600,ATOMUSDT
-26.065991593379756,-1.3694920414889906,2.4979143029440136,33,39.39393939393939,0.6548545451208967,1972.6101591702202,-0.7898785331327199,0.5,0.382,1.5,600,ATOMUSDT
-26.065991593379756,-1.3694920414889906,2.4979143029440136,33,39.39393939393939,0.6548545451208967,1972.6101591702202,-0.7898785331327199,0.5,0.382,1.5,300,ATOMUSDT
-26.065991593379756,-1.3694920414889906,2.4979143029440136,33,39.39393939393939,0.6548545451208967,1972.6101591702202,-0.7898785331327199,0.5,0.5,1.5,300,ATOMUSDT
-26.065991593379756,-1.3694920414889906,2.4979143029440136,33,39.39393939393939,0.6548545451208967,1972.6101591702202,-0.7898785331327199,0.5,0.5,1.5,600,ATOMUSDT
-26.065991593379756,-1.3694920414889906,2.4979143029440136,33,39.39393939393939,0.6548545451208967,1972.6101591702202,-0.7898785331327199,0.5,0.618,1.5,300,ATOMUSDT
-26.065991593379756,-1.3694920414889906,2.4979143029440136,33,39.39393939393939,0.6548545451208967,1972.6101591702202,-0.7898785331327199,0.5,0.618,1.5,600,ATOMUSDT
-26.065991593379756,-1.3694920414889906,2.4979143029440136,33,39.39393939393939,0.6548545451208967,1972.6101591702202,-0.7898785331327199,0.618,0.382,1.5,300,ATOMUSDT
-26.065991593379756,-1.3694920414889906,2.4979143029440136,33,39.39393939393939,0.6548545451208967,1972.6101591702202,-0.7898785331327199,0.618,0.382,1.5,600,ATOMUSDT
-26.065991593379756,-1.3694920414889906,2.4979143029440136,33,39.39393939393939,0.6548545451208967,1972.6101591702202,-0.7898785331327199,0.618,0.5,1.5,300,ATOMUSDT
-26.065991593379756,-1.3694920414889906,2.4979143029440136,33,39.39393939393939,0.6548545451208967,1972.6101591702202,-0.7898785331327199,0.618,0.5,1.5,600,ATOMUSDT
-26.065991593379756,-1.3694920414889906,2.4979143029440136,33,39.39393939393939,0.6548545451208967,1972.6101591702202,-0.7898785331327199,0.618,0.618,1.5,600,ATOMUSDT
-26.065991593379756,-1.3694920414889906,2.4979143029440136,33,39.39393939393939,0.6548545451208967,1972.6101591702202,-0.7898785331327199,0.618,0.618,1.5,300,ATOMUSDT
-26.873149821879878,-1.414305684653982,2.4929404339070707,35,42.857142857142854,0.6659881554318692,1971.7138863069204,-0.7678042806251394,0.786,0.382,1.5,900,ATOMUSDT
-26.873149821879878,-1.414305684653982,2.4929404339070707,35,42.857142857142854,0.6659881554318692,1971.7138863069204,-0.7678042806251394,0.786,0.5,1.5,900,ATOMUSDT
-28.44675046093772,-1.4654333262269232,1.997615741260644,34,41.17647058823529,0.5233124626154897,1970.6913334754615,-0.8366691312040506,0.786,0.618,2.5,900,ATOMUSDT
-29.52280094957641,-1.5271858961388263,2.3830152497788504,33,39.39393939393939,0.5631398090914145,1969.4562820772235,-0.8946303318053458,0.786,0.382,2.0,600,ATOMUSDT
-29.52280094957641,-1.5271858961388263,2.3830152497788504,33,39.39393939393939,0.5631398090914145,1969.4562820772235,-0.8946303318053458,0.786,0.382,2.0,300,ATOMUSDT
-29.52280094957641,-1.5271858961388263,2.3830152497788504,33,39.39393939393939,0.5631398090914145,1969.4562820772235,-0.8946303318053458,0.786,0.5,2.0,300,ATOMUSDT
-29.52280094957641,-1.5271858961388263,2.3830152497788504,33,39.39393939393939,0.5631398090914145,1969.4562820772235,-0.8946303318053458,0.786,0.5,2.0,600,ATOMUSDT
-29.52280094957641,-1.5271858961388263,2.3830152497788504,33,39.39393939393939,0.5631398090914145,1969.4562820772235,-0.8946303318053458,0.786,0.618,2.0,300,ATOMUSDT
-29.52280094957641,-1.5271858961388263,2.3830152497788504,33,39.39393939393939,0.5631398090914145,1969.4562820772235,-0.8946303318053458,0.786,0.618,2.0,600,ATOMUSDT
-29.60747514557641,-1.5313602053788145,2.3830152497788504,33,39.39393939393939,0.5618868525886501,1969.3727958924237,-0.8971962165326185,0.5,0.382,2.0,300,ATOMUSDT
-29.60747514557641,-1.5313602053788145,2.3830152497788504,33,39.39393939393939,0.5618868525886501,1969.3727958924237,-0.8971962165326185,0.5,0.382,2.0,600,ATOMUSDT
-29.60747514557641,-1.5313602053788145,2.3830152497788504,33,39.39393939393939,0.5618868525886501,1969.3727958924237,-0.8971962165326185,0.5,0.5,2.0,300,ATOMUSDT
-29.60747514557641,-1.5313602053788145,2.3830152497788504,33,39.39393939393939,0.5618868525886501,1969.3727958924237,-0.8971962165326185,0.5,0.5,2.0,600,ATOMUSDT
-29.60747514557641,-1.5313602053788145,2.3830152497788504,33,39.39393939393939,0.5618868525886501,1969.3727958924237,-0.8971962165326185,0.5,0.618,2.0,300,ATOMUSDT
-29.60747514557641,-1.5313602053788145,2.3830152497788504,33,39.39393939393939,0.5618868525886501,1969.3727958924237,-0.8971962165326185,0.5,0.618,2.0,600,ATOMUSDT
-29.60747514557641,-1.5313602053788145,2.3830152497788504,33,39.39393939393939,0.5618868525886501,1969.3727958924237,-0.8971962165326185,0.618,0.382,2.0,300,ATOMUSDT
-29.60747514557641,-1.5313602053788145,2.3830152497788504,33,39.39393939393939,0.5618868525886501,1969.3727958924237,-0.8971962165326185,0.618,0.382,2.0,600,ATOMUSDT
-29.60747514557641,-1.5313602053788145,2.3830152497788504,33,39.39393939393939,0.5618868525886501,1969.3727958924237,-0.8971962165326185,0.618,0.5,2.0,300,ATOMUSDT
-29.60747514557641,-1.5313602053788145,2.3830152497788504,33,39.39393939393939,0.5618868525886501,1969.3727958924237,-0.8971962165326185,0.618,0.5,2.0,600,ATOMUSDT
-29.60747514557641,-1.5313602053788145,2.3830152497788504,33,39.39393939393939,0.5618868525886501,1969.3727958924237,-0.8971962165326185,0.618,0.618,2.0,300,ATOMUSDT
-29.60747514557641,-1.5313602053788145,2.3830152497788504,33,39.39393939393939,0.5618868525886501,1969.3727958924237,-0.8971962165326185,0.618,0.618,2.0,600,ATOMUSDT
-30.160312944076498,-1.5628306170438349,2.3788658895851262,35,42.857142857142854,0.5793866266357883,1968.7433876591233,-0.8617232269736143,0.786,0.382,2.0,900,ATOMUSDT
-30.160312944076498,-1.5628306170438349,2.3788658895851262,35,42.857142857142854,0.5793866266357883,1968.7433876591233,-0.8617232269736143,0.786,0.5,2.0,900,ATOMUSDT
-30.23213837188001,-1.5800398629539814,2.49733910252232,34,41.17647058823529,0.6234395555004816,1968.3992027409204,-0.889180540349412,0.786,0.618,1.5,900,ATOMUSDT
-31.04732349693764,-1.5997644206669066,1.9936695699119573,36,41.66666666666667,0.5308474482945108,1968.0047115866619,-0.8624256526927122,0.5,0.382,2.5,900,ATOMUSDT
-31.04732349693764,-1.5997644206669066,1.9936695699119573,36,41.66666666666667,0.5308474482945108,1968.0047115866619,-0.8624256526927122,0.5,0.5,2.5,900,ATOMUSDT
-32.16016141293763,-1.6558763339069174,1.9931499783358362,36,41.66666666666667,0.5257507770506852,1966.8824733218617,-0.8933378170260453,0.618,0.382,2.5,900,ATOMUSDT
-32.16016141293763,-1.6558763339069174,1.9931499783358362,36,41.66666666666667,0.5257507770506852,1966.8824733218617,-0.8933378170260453,0.618,0.5,2.5,900,ATOMUSDT
-33.10604273057661,-1.708151310828839,2.3825732898195664,34,41.17647058823529,0.5371968997892156,1965.8369737834232,-0.9737071391346062,0.786,0.618,2.0,900,ATOMUSDT
-34.15027063593772,-1.7523588147769147,1.997615741260644,35,40.0,0.47719380085666196,1964.9528237044617,-0.9757220181696492,0.5,0.618,2.5,900,ATOMUSDT
-34.15027063593772,-1.7523588147769147,1.997615741260644,35,40.0,0.47719380085666196,1964.9528237044617,-0.9757220181696492,0.618,0.618,2.5,900,ATOMUSDT
-35.9797412133799,-1.8740644636889785,2.4903144278930043,36,41.66666666666667,0.6069465492803766,1962.5187107262204,-0.9994372559272195,0.5,0.382,1.5,900,ATOMUSDT
-35.9797412133799,-1.8740644636889785,2.4903144278930043,36,41.66666666666667,0.6069465492803766,1962.5187107262204,-0.9994372559272195,0.5,0.5,1.5,900,ATOMUSDT
-36.80765350057652,-1.898454205328835,2.377040601611257,36,41.66666666666667,0.5387896979452073,1962.0309158934233,-1.0224348194604589,0.5,0.382,2.0,900,ATOMUSDT
-36.80765350057652,-1.898454205328835,2.377040601611257,36,41.66666666666667,0.5387896979452073,1962.0309158934233,-1.0224348194604589,0.5,0.5,2.0,900,ATOMUSDT
-38.04682251337989,-1.9784655838889875,2.488931509331973,36,41.66666666666667,0.5983265574927616,1960.4306883222202,-1.056856180927219,0.618,0.382,1.5,900,ATOMUSDT
-38.04682251337989,-1.9784655838889875,2.488931509331973,36,41.66666666666667,0.5983265574927616,1960.4306883222202,-1.056856180927219,0.618,0.5,1.5,900,ATOMUSDT
-38.23782754057651,-1.9706286145288343,2.376173711016245,36,41.66666666666667,0.5335048034341745,1960.5874277094233,-1.0621618761271252,0.618,0.382,2.0,900,ATOMUSDT
-38.23782754057651,-1.9706286145288343,2.376173711016245,36,41.66666666666667,0.5335048034341745,1960.5874277094233,-1.0621618761271252,0.618,0.5,2.0,900,ATOMUSDT
-40.249472811380016,-2.0839128155089837,2.49733910252232,35,40.0,0.5536064383134278,1958.3217436898203,-1.1499849374680005,0.5,0.618,1.5,900,ATOMUSDT
-40.249472811380016,-2.0839128155089837,2.49733910252232,35,40.0,0.5536064383134278,1958.3217436898203,-1.1499849374680005,0.618,0.618,1.5,900,ATOMUSDT
-40.408963579576614,-2.0755176400388335,2.3825732898195664,35,40.0,0.48688333404502654,1958.4896471992233,-1.1545418165593317,0.5,0.618,2.0,900,ATOMUSDT
-40.408963579576614,-2.0755176400388335,2.3825732898195664,35,40.0,0.48688333404502654,1958.4896471992233,-1.1545418165593317,0.618,0.618,2.0,900,ATOMUSDT
5.610966086499987,0.23890652038500096,0.5536948952206493,13,53.84615384615385,1.3835990378072294,2004.7781304077,0.4316127758846144,0.5,0.382,1.5,300,LTCUSDT
5.610966086499987,0.23890652038500096,0.5536948952206493,13,53.84615384615385,1.3835990378072294,2004.7781304077,0.4316127758846144,0.5,0.382,1.5,600,LTCUSDT
5.610966086499987,0.23890652038500096,0.5536948952206493,13,53.84615384615385,1.3835990378072294,2004.7781304077,0.4316127758846144,0.5,0.5,1.5,600,LTCUSDT
5.610966086499987,0.23890652038500096,0.5536948952206493,13,53.84615384615385,1.3835990378072294,2004.7781304077,0.4316127758846144,0.5,0.5,1.5,300,LTCUSDT
5.610966086499987,0.23890652038500096,0.5536948952206493,13,53.84615384615385,1.3835990378072294,2004.7781304077,0.4316127758846144,0.5,0.618,1.5,600,LTCUSDT
5.610966086499987,0.23890652038500096,0.5536948952206493,13,53.84615384615385,1.3835990378072294,2004.7781304077,0.4316127758846144,0.5,0.618,1.5,300,LTCUSDT
5.610966086499987,0.23890652038500096,0.5536948952206493,13,53.84615384615385,1.3835990378072294,2004.7781304077,0.4316127758846144,0.618,0.382,1.5,300,LTCUSDT
5.610966086499987,0.23890652038500096,0.5536948952206493,13,53.84615384615385,1.3835990378072294,2004.7781304077,0.4316127758846144,0.618,0.382,1.5,600,LTCUSDT
5.610966086499987,0.23890652038500096,0.5536948952206493,13,53.84615384615385,1.3835990378072294,2004.7781304077,0.4316127758846144,0.618,0.5,1.5,600,LTCUSDT
5.610966086499987,0.23890652038500096,0.5536948952206493,13,53.84615384615385,1.3835990378072294,2004.7781304077,0.4316127758846144,0.618,0.5,1.5,300,LTCUSDT
5.610966086499987,0.23890652038500096,0.5536948952206493,13,53.84615384615385,1.3835990378072294,2004.7781304077,0.4316127758846144,0.618,0.618,1.5,300,LTCUSDT
5.610966086499987,0.23890652038500096,0.5536948952206493,13,53.84615384615385,1.3835990378072294,2004.7781304077,0.4316127758846144,0.618,0.618,1.5,600,LTCUSDT
5.610966086499987,0.23890652038500096,0.5536948952206493,13,53.84615384615385,1.3835990378072294,2004.7781304077,0.4316127758846144,0.786,0.382,1.5,300,LTCUSDT
5.610966086499987,0.23890652038500096,0.5536948952206493,13,53.84615384615385,1.3835990378072294,2004.7781304077,0.4316127758846144,0.786,0.382,1.5,600,LTCUSDT
5.610966086499987,0.23890652038500096,0.5536948952206493,13,53.84615384615385,1.3835990378072294,2004.7781304077,0.4316127758846144,0.786,0.5,1.5,300,LTCUSDT
5.610966086499987,0.23890652038500096,0.5536948952206493,13,53.84615384615385,1.3835990378072294,2004.7781304077,0.4316127758846144,0.786,0.5,1.5,600,LTCUSDT
5.610966086499987,0.23890652038500096,0.5536948952206493,13,53.84615384615385,1.3835990378072294,2004.7781304077,0.4316127758846144,0.786,0.618,1.5,300,LTCUSDT
5.610966086499987,0.23890652038500096,0.5536948952206493,13,53.84615384615385,1.3835990378072294,2004.7781304077,0.4316127758846144,0.786,0.618,1.5,600,LTCUSDT
4.239992916499991,0.17917642248499988,0.43356370752419915,13,53.84615384615385,1.3671177439763547,2003.5835284497,0.3261533012692301,0.5,0.382,2.0,300,LTCUSDT
4.239992916499991,0.17917642248499988,0.43356370752419915,13,53.84615384615385,1.3671177439763547,2003.5835284497,0.3261533012692301,0.5,0.382,2.0,600,LTCUSDT
4.239992916499991,0.17917642248499988,0.43356370752419915,13,53.84615384615385,1.3671177439763547,2003.5835284497,0.3261533012692301,0.5,0.5,2.0,300,LTCUSDT
4.239992916499991,0.17917642248499988,0.43356370752419915,13,53.84615384615385,1.3671177439763547,2003.5835284497,0.3261533012692301,0.5,0.5,2.0,600,LTCUSDT
4.239992916499991,0.17917642248499988,0.43356370752419915,13,53.84615384615385,1.3671177439763547,2003.5835284497,0.3261533012692301,0.5,0.618,2.0,300,LTCUSDT
4.239992916499991,0.17917642248499988,0.43356370752419915,13,53.84615384615385,1.3671177439763547,2003.5835284497,0.3261533012692301,0.5,0.618,2.0,600,LTCUSDT
4.239992916499991,0.17917642248499988,0.43356370752419915,13,53.84615384615385,1.3671177439763547,2003.5835284497,0.3261533012692301,0.618,0.382,2.0,300,LTCUSDT
4.239992916499991,0.17917642248499988,0.43356370752419915,13,53.84615384615385,1.3671177439763547,2003.5835284497,0.3261533012692301,0.618,0.382,2.0,600,LTCUSDT
4.239992916499991,0.17917642248499988,0.43356370752419915,13,53.84615384615385,1.3671177439763547,2003.5835284497,0.3261533012692301,0.618,0.5,2.0,300,LTCUSDT
4.239992916499991,0.17917642248499988,0.43356370752419915,13,53.84615384615385,1.3671177439763547,2003.5835284497,0.3261533012692301,0.618,0.5,2.0,600,LTCUSDT
4.239992916499991,0.17917642248499988,0.43356370752419915,13,53.84615384615385,1.3671177439763547,2003.5835284497,0.3261533012692301,0.618,0.618,2.0,300,LTCUSDT
4.239992916499991,0.17917642248499988,0.43356370752419915,13,53.84615384615385,1.3671177439763547,2003.5835284497,0.3261533012692301,0.618,0.618,2.0,600,LTCUSDT
4.239992916499991,0.17917642248499988,0.43356370752419915,13,53.84615384615385,1.3671177439763547,2003.5835284497,0.3261533012692301,0.786,0.382,2.0,300,LTCUSDT
4.239992916499991,0.17917642248499988,0.43356370752419915,13,53.84615384615385,1.3671177439763547,2003.5835284497,0.3261533012692301,0.786,0.382,2.0,600,LTCUSDT
4.239992916499991,0.17917642248499988,0.43356370752419915,13,53.84615384615385,1.3671177439763547,2003.5835284497,0.3261533012692301,0.786,0.5,2.0,300,LTCUSDT
4.239992916499991,0.17917642248499988,0.43356370752419915,13,53.84615384615385,1.3671177439763547,2003.5835284497,0.3261533012692301,0.786,0.5,2.0,600,LTCUSDT
4.239992916499991,0.17917642248499988,0.43356370752419915,13,53.84615384615385,1.3671177439763547,2003.5835284497,0.3261533012692301,0.786,0.618,2.0,300,LTCUSDT
4.239992916499991,0.17917642248499988,0.43356370752419915,13,53.84615384615385,1.3671177439763547,2003.5835284497,0.3261533012692301,0.786,0.618,2.0,600,LTCUSDT
3.415021912999997,0.14362256777002358,0.3564473613026808,13,53.84615384615385,1.3576591416047548,2002.8724513554005,0.26269399330769205,0.5,0.382,2.5,300,LTCUSDT
3.415021912999997,0.14362256777002358,0.3564473613026808,13,53.84615384615385,1.3576591416047548,2002.8724513554005,0.26269399330769205,0.5,0.382,2.5,600,LTCUSDT
3.415021912999997,0.14362256777002358,0.3564473613026808,13,53.84615384615385,1.3576591416047548,2002.8724513554005,0.26269399330769205,0.5,0.5,2.5,300,LTCUSDT
3.415021912999997,0.14362256777002358,0.3564473613026808,13,53.84615384615385,1.3576591416047548,2002.8724513554005,0.26269399330769205,0.5,0.5,2.5,600,LTCUSDT
3.415021912999997,0.14362256777002358,0.3564473613026808,13,53.84615384615385,1.3576591416047548,2002.8724513554005,0.26269399330769205,0.5,0.618,2.5,300,LTCUSDT
3.415021912999997,0.14362256777002358,0.3564473613026808,13,53.84615384615385,1.3576591416047548,2002.8724513554005,0.26269399330769205,0.5,0.618,2.5,600,LTCUSDT
3.415021912999997,0.14362256777002358,0.3564473613026808,13,53.84615384615385,1.3576591416047548,2002.8724513554005,0.26269399330769205,0.618,0.382,2.5,300,LTCUSDT
3.415021912999997,0.14362256777002358,0.3564473613026808,13,53.84615384615385,1.3576591416047548,2002.8724513554005,0.26269399330769205,0.618,0.382,2.5,600,LTCUSDT
3.415021912999997,0.14362256777002358,0.3564473613026808,13,53.84615384615385,1.3576591416047548,2002.8724513554005,0.26269399330769205,0.618,0.5,2.5,300,LTCUSDT
3.415021912999997,0.14362256777002358,0.3564473613026808,13,53.84615384615385,1.3576591416047548,2002.8724513554005,0.26269399330769205,0.618,0.5,2.5,600,LTCUSDT
3.415021912999997,0.14362256777002358,0.3564473613026808,13,53.84615384615385,1.3576591416047548,2002.8724513554005,0.26269399330769205,0.618,0.618,2.5,300,LTCUSDT
3.415021912999997,0.14362256777002358,0.3564473613026808,13,53.84615384615385,1.3576591416047548,2002.8724513554005,0.26269399330769205,0.618,0.618,2.5,600,LTCUSDT
3.415021912999997,0.14362256777002358,0.3564473613026808,13,53.84615384615385,1.3576591416047548,2002.8724513554005,0.26269399330769205,0.786,0.382,2.5,300,LTCUSDT
3.415021912999997,0.14362256777002358,0.3564473613026808,13,53.84615384615385,1.3576591416047548,2002.8724513554005,0.26269399330769205,0.786,0.382,2.5,600,LTCUSDT
3.415021912999997,0.14362256777002358,0.3564473613026808,13,53.84615384615385,1.3576591416047548,2002.8724513554005,0.26269399330769205,0.786,0.5,2.5,300,LTCUSDT
3.415021912999997,0.14362256777002358,0.3564473613026808,13,53.84615384615385,1.3576591416047548,2002.8724513554005,0.26269399330769205,0.786,0.5,2.5,600,LTCUSDT
3.415021912999997,0.14362256777002358,0.3564473613026808,13,53.84615384615385,1.3576591416047548,2002.8724513554005,0.26269399330769205,0.786,0.618,2.5,300,LTCUSDT
3.415021912999997,0.14362256777002358,0.3564473613026808,13,53.84615384615385,1.3576591416047548,2002.8724513554005,0.26269399330769205,0.786,0.618,2.5,600,LTCUSDT
-1.2079439305000188,-0.09373057994497458,0.585083961386675,16,50.0,0.919611479926358,1998.1253884011005,-0.07549649565625118,0.786,0.382,2.5,900,LTCUSDT
-1.2079439305000188,-0.09373057994497458,0.585083961386675,16,50.0,0.919611479926358,1998.1253884011005,-0.07549649565625118,0.786,0.5,2.5,900,LTCUSDT
-1.2079439305000188,-0.09373057994497458,0.585083961386675,16,50.0,0.919611479926358,1998.1253884011005,-0.07549649565625118,0.786,0.618,2.5,900,LTCUSDT
-1.4686938505000162,-0.10736659874497718,0.5980811961374649,16,50.0,0.9039257689400481,1997.8526680251005,-0.09179336565625101,0.5,0.382,2.5,900,LTCUSDT
-1.4686938505000162,-0.10736659874497718,0.5980811961374649,16,50.0,0.9039257689400481,1997.8526680251005,-0.09179336565625101,0.5,0.5,2.5,900,LTCUSDT
-1.4686938505000162,-0.10736659874497718,0.5980811961374649,16,50.0,0.9039257689400481,1997.8526680251005,-0.09179336565625101,0.5,0.618,2.5,900,LTCUSDT
-1.4686938505000162,-0.10736659874497718,0.5980811961374649,16,50.0,0.9039257689400481,1997.8526680251005,-0.09179336565625101,0.618,0.382,2.5,900,LTCUSDT
-1.4686938505000162,-0.10736659874497718,0.5980811961374649,16,50.0,0.9039257689400481,1997.8526680251005,-0.09179336565625101,0.618,0.5,2.5,900,LTCUSDT
-1.4686938505000162,-0.10736659874497718,0.5980811961374649,16,50.0,0.9039257689400481,1997.8526680251005,-0.09179336565625101,0.618,0.618,2.5,900,LTCUSDT
-1.482728781500031,-0.11441637213500827,0.7155679559950436,16,50.0,0.9189756373375273,1997.7116725572998,-0.09267054884375193,0.786,0.382,2.0,900,LTCUSDT
-1.482728781500031,-0.11441637213500827,0.7155679559950436,16,50.0,0.9189756373375273,1997.7116725572998,-0.09267054884375193,0.786,0.5,2.0,900,LTCUSDT
-1.482728781500031,-0.11441637213500827,0.7155679559950436,16,50.0,0.9189756373375273,1997.7116725572998,-0.09267054884375193,0.786,0.618,2.0,900,LTCUSDT
-1.829480429500027,-0.1325498848550069,0.7328408503650143,16,50.0,0.9018863383568761,1997.3490023028999,-0.1143425268437517,0.5,0.382,2.0,900,LTCUSDT
-1.829480429500027,-0.1325498848550069,0.7328408503650143,16,50.0,0.9018863383568761,1997.3490023028999,-0.1143425268437517,0.5,0.5,2.0,900,LTCUSDT
-1.829480429500027,-0.1325498848550069,0.7328408503650143,16,50.0,0.9018863383568761,1997.3490023028999,-0.1143425268437517,0.5,0.618,2.0,900,LTCUSDT
-1.829480429500027,-0.1325498848550069,0.7328408503650143,16,50.0,0.9018863383568761,1997.3490023028999,-0.1143425268437517,0.618,0.382,2.0,900,LTCUSDT
-1.829480429500027,-0.1325498848550069,0.7328408503650143,16,50.0,0.9018863383568761,1997.3490023028999,-0.1143425268437517,0.618,0.5,2.0,900,LTCUSDT
-1.829480429500027,-0.1325498848550069,0.7328408503650143,16,50.0,0.9018863383568761,1997.3490023028999,-0.1143425268437517,0.618,0.618,2.0,900,LTCUSDT
-1.9338693860000467,-0.14774049254000374,0.9237816143377455,16,50.0,0.9175677314371306,1997.0451901492,-0.12086683662500292,0.786,0.382,1.5,900,LTCUSDT
-1.9338693860000467,-0.14774049254000374,0.9237816143377455,16,50.0,0.9175677314371306,1997.0451901492,-0.12086683662500292,0.786,0.5,1.5,900,LTCUSDT
-1.9338693860000467,-0.14774049254000374,0.9237816143377455,16,50.0,0.9175677314371306,1997.0451901492,-0.12086683662500292,0.786,0.618,1.5,900,LTCUSDT
-2.417857834000042,-0.17305085726000016,0.9478667371844367,16,50.0,0.8990206835625358,1996.5389828548,-0.15111611462500263,0.5,0.382,1.5,900,LTCUSDT
-2.417857834000042,-0.17305085726000016,0.9478667371844367,16,50.0,0.8990206835625358,1996.5389828548,-0.15111611462500263,0.5,0.5,1.5,900,LTCUSDT
-2.417857834000042,-0.17305085726000016,0.9478667371844367,16,50.0,0.8990206835625358,1996.5389828548,-0.15111611462500263,0.5,0.618,1.5,900,LTCUSDT
-2.417857834000042,-0.17305085726000016,0.9478667371844367,16,50.0,0.8990206835625358,1996.5389828548,-0.15111611462500263,0.618,0.382,1.5,900,LTCUSDT
-2.417857834000042,-0.17305085726000016,0.9478667371844367,16,50.0,0.8990206835625358,1996.5389828548,-0.15111611462500263,0.618,0.5,1.5,900,LTCUSDT
-2.417857834000042,-0.17305085726000016,0.9478667371844367,16,50.0,0.8990206835625358,1996.5389828548,-0.15111611462500263,0.618,0.618,1.5,900,LTCUSDT
0.5205936008531349,-0.029519597977321156,1.4312683178774872,20,65.0,1.0153500173850076,1999.4096080404536,0.026029680042656746,0.5,0.382,1.5,600,BCHUSDT
0.5205936008531349,-0.029519597977321156,1.4312683178774872,20,65.0,1.0153500173850076,1999.4096080404536,0.026029680042656746,0.5,0.382,1.5,300,BCHUSDT
0.5205936008531349,-0.029519597977321156,1.4312683178774872,20,65.0,1.0153500173850076,1999.4096080404536,0.026029680042656746,0.5,0.5,1.5,600,BCHUSDT
0.5205936008531349,-0.029519597977321156,1.4312683178774872,20,65.0,1.0153500173850076,1999.4096080404536,0.026029680042656746,0.5,0.5,1.5,300,BCHUSDT
0.5205936008531349,-0.029519597977321156,1.4312683178774872,20,65.0,1.0153500173850076,1999.4096080404536,0.026029680042656746,0.5,0.618,1.5,300,BCHUSDT
0.5205936008531349,-0.029519597977321156,1.4312683178774872,20,65.0,1.0153500173850076,1999.4096080404536,0.026029680042656746,0.5,0.618,1.5,600,BCHUSDT
0.5205936008531349,-0.029519597977321156,1.4312683178774872,20,65.0,1.0153500173850076,1999.4096080404536,0.026029680042656746,0.618,0.382,1.5,300,BCHUSDT
0.5205936008531349,-0.029519597977321156,1.4312683178774872,20,65.0,1.0153500173850076,1999.4096080404536,0.026029680042656746,0.618,0.382,1.5,600,BCHUSDT
0.5205936008531349,-0.029519597977321156,1.4312683178774872,20,65.0,1.0153500173850076,1999.4096080404536,0.026029680042656746,0.618,0.5,1.5,300,BCHUSDT
0.5205936008531349,-0.029519597977321156,1.4312683178774872,20,65.0,1.0153500173850076,1999.4096080404536,0.026029680042656746,0.618,0.5,1.5,600,BCHUSDT
0.5205936008531349,-0.029519597977321156,1.4312683178774872,20,65.0,1.0153500173850076,1999.4096080404536,0.026029680042656746,0.618,0.618,1.5,300,BCHUSDT
0.5205936008531349,-0.029519597977321156,1.4312683178774872,20,65.0,1.0153500173850076,1999.4096080404536,0.026029680042656746,0.618,0.618,1.5,600,BCHUSDT
-0.9046087651466028,-0.10111906451729738,1.4312683178774872,20,65.0,0.9733406597965205,1997.977618709654,-0.04523043825733014,0.786,0.382,1.5,300,BCHUSDT
-0.9046087651466028,-0.10111906451729738,1.4312683178774872,20,65.0,0.9733406597965205,1997.977618709654,-0.04523043825733014,0.786,0.382,1.5,600,BCHUSDT
-0.9046087651466028,-0.10111906451729738,1.4312683178774872,20,65.0,0.9733406597965205,1997.977618709654,-0.04523043825733014,0.786,0.5,1.5,300,BCHUSDT
-0.9046087651466028,-0.10111906451729738,1.4312683178774872,20,65.0,0.9733406597965205,1997.977618709654,-0.04523043825733014,0.786,0.5,1.5,600,BCHUSDT
-0.9046087651466028,-0.10111906451729738,1.4312683178774872,20,65.0,0.9733406597965205,1997.977618709654,-0.04523043825733014,0.786,0.618,1.5,300,BCHUSDT
-0.9046087651466028,-0.10111906451729738,1.4312683178774872,20,65.0,0.9733406597965205,1997.977618709654,-0.04523043825733014,0.786,0.618,1.5,600,BCHUSDT
-1.1674544181467337,-0.11741064408730607,1.5156268087008415,21,61.904761904761905,0.9672090097453777,1997.6517871182539,-0.05559306753079684,0.5,0.382,1.5,900,BCHUSDT
-1.1674544181467337,-0.11741064408730607,1.5156268087008415,21,61.904761904761905,0.9672090097453777,1997.6517871182539,-0.05559306753079684,0.5,0.5,1.5,900,BCHUSDT
-1.1674544181467337,-0.11741064408730607,1.5156268087008415,21,61.904761904761905,0.9672090097453777,1997.6517871182539,-0.05559306753079684,0.5,0.618,1.5,900,BCHUSDT
-1.1674544181467337,-0.11741064408730607,1.5156268087008415,21,61.904761904761905,0.9672090097453777,1997.6517871182539,-0.05559306753079684,0.618,0.382,1.5,900,BCHUSDT
-1.1674544181467337,-0.11741064408730607,1.5156268087008415,21,61.904761904761905,0.9672090097453777,1997.6517871182539,-0.05559306753079684,0.618,0.5,1.5,900,BCHUSDT
-1.1674544181467337,-0.11741064408730607,1.5156268087008415,21,61.904761904761905,0.9672090097453777,1997.6517871182539,-0.05559306753079684,0.618,0.618,1.5,900,BCHUSDT
-2.592656784146471,-0.1890101106272823,1.5156268087008415,21,61.904761904761905,0.9272138608360131,1996.2197977874544,-0.12345984686411768,0.786,0.382,1.5,900,BCHUSDT
-2.592656784146471,-0.1890101106272823,1.5156268087008415,21,61.904761904761905,0.9272138608360131,1996.2197977874544,-0.12345984686411768,0.786,0.5,1.5,900,BCHUSDT
-2.592656784146471,-0.1890101106272823,1.5156268087008415,21,61.904761904761905,0.9272138608360131,1996.2197977874544,-0.12345984686411768,0.786,0.618,1.5,900,BCHUSDT
-3.9938874435001948,-0.24327050777501424,1.330032837359192,20,65.0,0.8705059724572631,1995.1345898444997,-0.19969437217500974,0.5,0.382,2.0,300,BCHUSDT
-3.9938874435001948,-0.24327050777501424,1.330032837359192,20,65.0,0.8705059724572631,1995.1345898444997,-0.19969437217500974,0.5,0.382,2.0,600,BCHUSDT
-3.9938874435001948,-0.24327050777501424,1.330032837359192,20,65.0,0.8705059724572631,1995.1345898444997,-0.19969437217500974,0.5,0.5,2.0,300,BCHUSDT
-3.9938874435001948,-0.24327050777501424,1.330032837359192,20,65.0,0.8705059724572631,1995.1345898444997,-0.19969437217500974,0.5,0.5,2.0,600,BCHUSDT
-3.9938874435001948,-0.24327050777501424,1.330032837359192,20,65.0,0.8705059724572631,1995.1345898444997,-0.19969437217500974,0.5,0.618,2.0,300,BCHUSDT
-3.9938874435001948,-0.24327050777501424,1.330032837359192,20,65.0,0.8705059724572631,1995.1345898444997,-0.19969437217500974,0.5,0.618,2.0,600,BCHUSDT
-3.9938874435001948,-0.24327050777501424,1.330032837359192,20,65.0,0.8705059724572631,1995.1345898444997,-0.19969437217500974,0.618,0.382,2.0,300,BCHUSDT
-3.9938874435001948,-0.24327050777501424,1.330032837359192,20,65.0,0.8705059724572631,1995.1345898444997,-0.19969437217500974,0.618,0.382,2.0,600,BCHUSDT
-3.9938874435001948,-0.24327050777501424,1.330032837359192,20,65.0,0.8705059724572631,1995.1345898444997,-0.19969437217500974,0.618,0.5,2.0,300,BCHUSDT
-3.9938874435001948,-0.24327050777501424,1.330032837359192,20,65.0,0.8705059724572631,1995.1345898444997,-0.19969437217500974,0.618,0.5,2.0,600,BCHUSDT
-3.9938874435001948,-0.24327050777501424,1.330032837359192,20,65.0,0.8705059724572631,1995.1345898444997,-0.19969437217500974,0.618,0.618,2.0,300,BCHUSDT
-3.9938874435001948,-0.24327050777501424,1.330032837359192,20,65.0,0.8705059724572631,1995.1345898444997,-0.19969437217500974,0.618,0.618,2.0,600,BCHUSDT
-5.060815066999997,-0.2968408504900026,1.330032837359192,20,65.0,0.8359736999548543,1994.0631829902,-0.25304075334999987,0.786,0.382,2.0,300,BCHUSDT
-5.060815066999997,-0.2968408504900026,1.330032837359192,20,65.0,0.8359736999548543,1994.0631829902,-0.25304075334999987,0.786,0.382,2.0,600,BCHUSDT
-5.060815066999997,-0.2968408504900026,1.330032837359192,20,65.0,0.8359736999548543,1994.0631829902,-0.25304075334999987,0.786,0.5,2.0,300,BCHUSDT
-5.060815066999997,-0.2968408504900026,1.330032837359192,20,65.0,0.8359736999548543,1994.0631829902,-0.25304075334999987,0.786,0.5,2.0,600,BCHUSDT
-5.060815066999997,-0.2968408504900026,1.330032837359192,20,65.0,0.8359736999548543,1994.0631829902,-0.25304075334999987,0.786,0.618,2.0,300,BCHUSDT
-5.060815066999997,-0.2968408504900026,1.330032837359192,20,65.0,0.8359736999548543,1994.0631829902,-0.25304075334999987,0.786,0.618,2.0,600,BCHUSDT
-5.378265448500085,-0.31535046622501567,1.3992228521315502,21,61.904761904761905,0.8331111434789885,1993.6929906754997,-0.25610787850000405,0.5,0.382,2.0,900,BCHUSDT
-5.378265448500085,-0.31535046622501567,1.3992228521315502,21,61.904761904761905,0.8331111434789885,1993.6929906754997,-0.25610787850000405,0.5,0.5,2.0,900,BCHUSDT
-5.378265448500085,-0.31535046622501567,1.3992228521315502,21,61.904761904761905,0.8331111434789885,1993.6929906754997,-0.25610787850000405,0.5,0.618,2.0,900,BCHUSDT
-5.378265448500085,-0.31535046622501567,1.3992228521315502,21,61.904761904761905,0.8331111434789885,1993.6929906754997,-0.25610787850000405,0.618,0.382,2.0,900,BCHUSDT
-5.378265448500085,-0.31535046622501567,1.3992228521315502,21,61.904761904761905,0.8331111434789885,1993.6929906754997,-0.25610787850000405,0.618,0.5,2.0,900,BCHUSDT
-5.378265448500085,-0.31535046622501567,1.3992228521315502,21,61.904761904761905,0.8331111434789885,1993.6929906754997,-0.25610787850000405,0.618,0.618,2.0,900,BCHUSDT
-6.445193071999889,-0.368920808940004,1.3992228521315502,21,61.904761904761905,0.8000750244743916,1992.6215838212,-0.3069139558095185,0.786,0.382,2.0,900,BCHUSDT
-6.445193071999889,-0.368920808940004,1.3992228521315502,21,61.904761904761905,0.8000750244743916,1992.6215838212,-0.3069139558095185,0.786,0.5,2.0,900,BCHUSDT
-6.445193071999889,-0.368920808940004,1.3992228521315502,21,61.904761904761905,0.8000750244743916,1992.6215838212,-0.3069139558095185,0.786,0.618,2.0,900,BCHUSDT
-6.924496165397757,-0.3821361713498959,1.2706530768293658,20,65.0,0.7608423688163318,1992.357276573002,-0.3462248082698879,0.5,0.382,2.5,300,BCHUSDT
-6.924496165397757,-0.3821361713498959,1.2706530768293658,20,65.0,0.7608423688163318,1992.357276573002,-0.3462248082698879,0.5,0.382,2.5,600,BCHUSDT
-6.924496165397757,-0.3821361713498959,1.2706530768293658,20,65.0,0.7608423688163318,1992.357276573002,-0.3462248082698879,0.5,0.5,2.5,300,BCHUSDT
-6.924496165397757,-0.3821361713498959,1.2706530768293658,20,65.0,0.7608423688163318,1992.357276573002,-0.3462248082698879,0.5,0.5,2.5,600,BCHUSDT
-6.924496165397757,-0.3821361713498959,1.2706530768293658,20,65.0,0.7608423688163318,1992.357276573002,-0.3462248082698879,0.5,0.618,2.5,300,BCHUSDT
-6.924496165397757,-0.3821361713498959,1.2706530768293658,20,65.0,0.7608423688163318,1992.357276573002,-0.3462248082698879,0.5,0.618,2.5,600,BCHUSDT
-6.924496165397757,-0.3821361713498959,1.2706530768293658,20,65.0,0.7608423688163318,1992.357276573002,-0.3462248082698879,0.618,0.382,2.5,300,BCHUSDT
-6.924496165397757,-0.3821361713498959,1.2706530768293658,20,65.0,0.7608423688163318,1992.357276573002,-0.3462248082698879,0.618,0.382,2.5,600,BCHUSDT
-6.924496165397757,-0.3821361713498959,1.2706530768293658,20,65.0,0.7608423688163318,1992.357276573002,-0.3462248082698879,0.618,0.5,2.5,300,BCHUSDT
-6.924496165397757,-0.3821361713498959,1.2706530768293658,20,65.0,0.7608423688163318,1992.357276573002,-0.3462248082698879,0.618,0.5,2.5,600,BCHUSDT
-6.924496165397757,-0.3821361713498959,1.2706530768293658,20,65.0,0.7608423688163318,1992.357276573002,-0.3462248082698879,0.618,0.618,2.5,300,BCHUSDT
-6.924496165397757,-0.3821361713498959,1.2706530768293658,20,65.0,0.7608423688163318,1992.357276573002,-0.3462248082698879,0.618,0.618,2.5,600,BCHUSDT
-7.776582494397601,-0.42489766135988705,1.2706530768293658,20,65.0,0.7314875637985726,1991.5020467728023,-0.38882912471988007,0.786,0.382,2.5,300,BCHUSDT
-7.776582494397601,-0.42489766135988705,1.2706530768293658,20,65.0,0.7314875637985726,1991.5020467728023,-0.38882912471988007,0.786,0.382,2.5,600,BCHUSDT
-7.776582494397601,-0.42489766135988705,1.2706530768293658,20,65.0,0.7314875637985726,1991.5020467728023,-0.38882912471988007,0.786,0.5,2.5,300,BCHUSDT
-7.776582494397601,-0.42489766135988705,1.2706530768293658,20,65.0,0.7314875637985726,1991.5020467728023,-0.38882912471988007,0.786,0.5,2.5,600,BCHUSDT
-7.776582494397601,-0.42489766135988705,1.2706530768293658,20,65.0,0.7314875637985726,1991.5020467728023,-0.38882912471988007,0.786,0.618,2.5,300,BCHUSDT
-7.776582494397601,-0.42489766135988705,1.2706530768293658,20,65.0,0.7314875637985726,1991.5020467728023,-0.38882912471988007,0.786,0.618,2.5,600,BCHUSDT
-8.098984601897664,-0.4432878780348915,1.3293570581364647,21,61.904761904761905,0.7311824099531602,1991.1342424393022,-0.38566593342369826,0.5,0.382,2.5,900,BCHUSDT
-8.098984601897664,-0.4432878780348915,1.3293570581364647,21,61.904761904761905,0.7311824099531602,1991.1342424393022,-0.38566593342369826,0.5,0.5,2.5,900,BCHUSDT
-8.098984601897664,-0.4432878780348915,1.3293570581364647,21,61.904761904761905,0.7311824099531602,1991.1342424393022,-0.38566593342369826,0.5,0.618,2.5,900,BCHUSDT
-8.098984601897664,-0.4432878780348915,1.3293570581364647,21,61.904761904761905,0.7311824099531602,1991.1342424393022,-0.38566593342369826,0.618,0.382,2.5,900,BCHUSDT
-8.098984601897664,-0.4432878780348915,1.3293570581364647,21,61.904761904761905,0.7311824099531602,1991.1342424393022,-0.38566593342369826,0.618,0.5,2.5,900,BCHUSDT
-8.098984601897664,-0.4432878780348915,1.3293570581364647,21,61.904761904761905,0.7311824099531602,1991.1342424393022,-0.38566593342369826,0.618,0.618,2.5,900,BCHUSDT
-8.951070930897508,-0.48604936804488263,1.3293570581364647,21,61.904761904761905,0.7029795438270197,1990.2790126391023,-0.42624147289988135,0.786,0.382,2.5,900,BCHUSDT
-8.951070930897508,-0.48604936804488263,1.3293570581364647,21,61.904761904761905,0.7029795438270197,1990.2790126391023,-0.42624147289988135,0.786,0.5,2.5,900,BCHUSDT
-8.951070930897508,-0.48604936804488263,1.3293570581364647,21,61.904761904761905,0.7029795438270197,1990.2790126391023,-0.42624147289988135,0.786,0.618,2.5,900,BCHUSDT
-18.01672233250008,-0.9080021701250076,1.0265221655486059,13,46.15384615384615,0.13264653590484848,1981.8399565974998,-1.3859017178846216,0.5,0.382,2.5,900,NEARUSDT
-18.01672233250008,-0.9080021701250076,1.0265221655486059,13,46.15384615384615,0.13264653590484848,1981.8399565974998,-1.3859017178846216,0.5,0.5,2.5,900,NEARUSDT
-18.01672233250008,-0.9080021701250076,1.0265221655486059,13,46.15384615384615,0.13264653590484848,1981.8399565974998,-1.3859017178846216,0.5,0.618,2.5,900,NEARUSDT
-18.01672233250008,-0.9080021701250076,1.0265221655486059,13,46.15384615384615,0.13264653590484848,1981.8399565974998,-1.3859017178846216,0.618,0.382,2.5,900,NEARUSDT
-18.01672233250008,-0.9080021701250076,1.0265221655486059,13,46.15384615384615,0.13264653590484848,1981.8399565974998,-1.3859017178846216,0.618,0.5,2.5,900,NEARUSDT
-18.01672233250008,-0.9080021701250076,1.0265221655486059,13,46.15384615384615,0.13264653590484848,1981.8399565974998,-1.3859017178846216,0.618,0.618,2.5,900,NEARUSDT
-18.57657101650011,-0.934726672685008,1.0265221655486059,12,41.66666666666667,0.10167434315171962,1981.3054665462998,-1.5480475847083426,0.786,0.382,2.5,300,NEARUSDT
-18.57657101650011,-0.934726672685008,1.0265221655486059,12,41.66666666666667,0.10167434315171962,1981.3054665462998,-1.5480475847083426,0.786,0.382,2.5,900,NEARUSDT
-18.57657101650011,-0.934726672685008,1.0265221655486059,12,41.66666666666667,0.10167434315171962,1981.3054665462998,-1.5480475847083426,0.786,0.382,2.5,600,NEARUSDT
-18.57657101650011,-0.934726672685008,1.0265221655486059,12,41.66666666666667,0.10167434315171962,1981.3054665462998,-1.5480475847083426,0.786,0.5,2.5,300,NEARUSDT
-18.57657101650011,-0.934726672685008,1.0265221655486059,12,41.66666666666667,0.10167434315171962,1981.3054665462998,-1.5480475847083426,0.786,0.5,2.5,600,NEARUSDT
-18.57657101650011,-0.934726672685008,1.0265221655486059,12,41.66666666666667,0.10167434315171962,1981.3054665462998,-1.5480475847083426,0.786,0.5,2.5,900,NEARUSDT
-18.57657101650011,-0.934726672685008,1.0265221655486059,12,41.66666666666667,0.10167434315171962,1981.3054665462998,-1.5480475847083426,0.786,0.618,2.5,300,NEARUSDT
-18.57657101650011,-0.934726672685008,1.0265221655486059,12,41.66666666666667,0.10167434315171962,1981.3054665462998,-1.5480475847083426,0.786,0.618,2.5,600,NEARUSDT
-18.57657101650011,-0.934726672685008,1.0265221655486059,12,41.66666666666667,0.10167434315171962,1981.3054665462998,-1.5480475847083426,0.786,0.618,2.5,900,NEARUSDT
-18.669530300500128,-0.939709344845005,1.0265221655486059,12,41.66666666666667,0.10121932944719163,1981.2058131031,-1.555794191708344,0.5,0.382,2.5,300,NEARUSDT
-18.669530300500128,-0.939709344845005,1.0265221655486059,12,41.66666666666667,0.10121932944719163,1981.2058131031,-1.555794191708344,0.5,0.382,2.5,600,NEARUSDT
-18.669530300500128,-0.939709344845005,1.0265221655486059,12,41.66666666666667,0.10121932944719163,1981.2058131031,-1.555794191708344,0.5,0.5,2.5,300,NEARUSDT
-18.669530300500128,-0.939709344845005,1.0265221655486059,12,41.66666666666667,0.10121932944719163,1981.2058131031,-1.555794191708344,0.5,0.5,2.5,600,NEARUSDT
-18.669530300500128,-0.939709344845005,1.0265221655486059,12,41.66666666666667,0.10121932944719163,1981.2058131031,-1.555794191708344,0.5,0.618,2.5,300,NEARUSDT
-18.669530300500128,-0.939709344845005,1.0265221655486059,12,41.66666666666667,0.10121932944719163,1981.2058131031,-1.555794191708344,0.5,0.618,2.5,600,NEARUSDT
-18.669530300500128,-0.939709344845005,1.0265221655486059,12,41.66666666666667,0.10121932944719163,1981.2058131031,-1.555794191708344,0.618,0.382,2.5,600,NEARUSDT
-18.669530300500128,-0.939709344845005,1.0265221655486059,12,41.66666666666667,0.10121932944719163,1981.2058131031,-1.555794191708344,0.618,0.382,2.5,300,NEARUSDT
-18.669530300500128,-0.939709344845005,1.0265221655486059,12,41.66666666666667,0.10121932944719163,1981.2058131031,-1.555794191708344,0.618,0.5,2.5,600,NEARUSDT
-18.669530300500128,-0.939709344845005,1.0265221655486059,12,41.66666666666667,0.10121932944719163,1981.2058131031,-1.555794191708344,0.618,0.5,2.5,300,NEARUSDT
-18.669530300500128,-0.939709344845005,1.0265221655486059,12,41.66666666666667,0.10121932944719163,1981.2058131031,-1.555794191708344,0.618,0.618,2.5,300,NEARUSDT
-18.669530300500128,-0.939709344845005,1.0265221655486059,12,41.66666666666667,0.10121932944719163,1981.2058131031,-1.555794191708344,0.618,0.618,2.5,600,NEARUSDT
-24.751016577575047,-1.24643054169876,1.3939912790133255,13,46.15384615384615,0.12158640899552438,1975.0713891660248,-1.9039243521211575,0.5,0.382,2.0,900,NEARUSDT
-24.751016577575047,-1.24643054169876,1.3939912790133255,13,46.15384615384615,0.12158640899552438,1975.0713891660248,-1.9039243521211575,0.5,0.5,2.0,900,NEARUSDT
-24.751016577575047,-1.24643054169876,1.3939912790133255,13,46.15384615384615,0.12158640899552438,1975.0713891660248,-1.9039243521211575,0.5,0.618,2.0,900,NEARUSDT
-24.751016577575047,-1.24643054169876,1.3939912790133255,13,46.15384615384615,0.12158640899552438,1975.0713891660248,-1.9039243521211575,0.618,0.382,2.0,900,NEARUSDT
-24.751016577575047,-1.24643054169876,1.3939912790133255,13,46.15384615384615,0.12158640899552438,1975.0713891660248,-1.9039243521211575,0.618,0.5,2.0,900,NEARUSDT
-24.751016577575047,-1.24643054169876,1.3939912790133255,13,46.15384615384615,0.12158640899552438,1975.0713891660248,-1.9039243521211575,0.618,0.618,2.0,900,NEARUSDT
-25.439039117575085,-1.2792043092987568,1.3939912790133255,12,41.66666666666667,0.09304886851662282,1974.4159138140249,-2.1199199264645903,0.786,0.382,2.0,300,NEARUSDT
-25.439039117575085,-1.2792043092987568,1.3939912790133255,12,41.66666666666667,0.09304886851662282,1974.4159138140249,-2.1199199264645903,0.786,0.382,2.0,600,NEARUSDT
-25.439039117575085,-1.2792043092987568,1.3939912790133255,12,41.66666666666667,0.09304886851662282,1974.4159138140249,-2.1199199264645903,0.786,0.382,2.0,900,NEARUSDT
-25.439039117575085,-1.2792043092987568,1.3939912790133255,12,41.66666666666667,0.09304886851662282,1974.4159138140249,-2.1199199264645903,0.786,0.5,2.0,300,NEARUSDT
-25.439039117575085,-1.2792043092987568,1.3939912790133255,12,41.66666666666667,0.09304886851662282,1974.4159138140249,-2.1199199264645903,0.786,0.5,2.0,600,NEARUSDT
-25.439039117575085,-1.2792043092987568,1.3939912790133255,12,41.66666666666667,0.09304886851662282,1974.4159138140249,-2.1199199264645903,0.786,0.5,2.0,900,NEARUSDT
-25.439039117575085,-1.2792043092987568,1.3939912790133255,12,41.66666666666667,0.09304886851662282,1974.4159138140249,-2.1199199264645903,0.786,0.618,2.0,300,NEARUSDT
-25.439039117575085,-1.2792043092987568,1.3939912790133255,12,41.66666666666667,0.09304886851662282,1974.4159138140249,-2.1199199264645903,0.786,0.618,2.0,600,NEARUSDT
-25.439039117575085,-1.2792043092987568,1.3939912790133255,12,41.66666666666667,0.09304886851662282,1974.4159138140249,-2.1199199264645903,0.786,0.618,2.0,900,NEARUSDT
-25.567026537575106,-1.286064510098754,1.3939912790133255,12,41.66666666666667,0.09262621509752908,1974.278709798025,-2.1305855447979254,0.5,0.382,2.0,300,NEARUSDT
-25.567026537575106,-1.286064510098754,1.3939912790133255,12,41.66666666666667,0.09262621509752908,1974.278709798025,-2.1305855447979254,0.5,0.382,2.0,600,NEARUSDT
-25.567026537575106,-1.286064510098754,1.3939912790133255,12,41.66666666666667,0.09262621509752908,1974.278709798025,-2.1305855447979254,0.5,0.5,2.0,600,NEARUSDT
-25.567026537575106,-1.286064510098754,1.3939912790133255,12,41.66666666666667,0.09262621509752908,1974.278709798025,-2.1305855447979254,0.5,0.5,2.0,300,NEARUSDT
-25.567026537575106,-1.286064510098754,1.3939912790133255,12,41.66666666666667,0.09262621509752908,1974.278709798025,-2.1305855447979254,0.5,0.618,2.0,600,NEARUSDT
-25.567026537575106,-1.286064510098754,1.3939912790133255,12,41.66666666666667,0.09262621509752908,1974.278709798025,-2.1305855447979254,0.5,0.618,2.0,300,NEARUSDT
-25.567026537575106,-1.286064510098754,1.3939912790133255,12,41.66666666666667,0.09262621509752908,1974.278709798025,-2.1305855447979254,0.618,0.382,2.0,300,NEARUSDT
-25.567026537575106,-1.286064510098754,1.3939912790133255,12,41.66666666666667,0.09262621509752908,1974.278709798025,-2.1305855447979254,0.618,0.382,2.0,600,NEARUSDT
-25.567026537575106,-1.286064510098754,1.3939912790133255,12,41.66666666666667,0.09262621509752908,1974.278709798025,-2.1305855447979254,0.618,0.5,2.0,300,NEARUSDT
-25.567026537575106,-1.286064510098754,1.3939912790133255,12,41.66666666666667,0.09262621509752908,1974.278709798025,-2.1305855447979254,0.618,0.5,2.0,600,NEARUSDT
-25.567026537575106,-1.286064510098754,1.3939912790133255,12,41.66666666666667,0.09262621509752908,1974.278709798025,-2.1305855447979254,0.618,0.618,2.0,300,NEARUSDT
-25.567026537575106,-1.286064510098754,1.3939912790133255,12,41.66666666666667,0.09262621509752908,1974.278709798025,-2.1305855447979254,0.618,0.618,2.0,600,NEARUSDT
-26.18534118075289,-1.3209452089976366,1.516676895499119,13,46.15384615384615,0.14753296286674733,1973.5810958200473,-2.0142570139040683,0.5,0.382,1.5,900,NEARUSDT
-26.18534118075289,-1.3209452089976366,1.516676895499119,13,46.15384615384615,0.14753296286674733,1973.5810958200473,-2.0142570139040683,0.5,0.5,1.5,900,NEARUSDT
-26.18534118075289,-1.3209452089976366,1.516676895499119,13,46.15384615384615,0.14753296286674733,1973.5810958200473,-2.0142570139040683,0.5,0.618,1.5,900,NEARUSDT
-26.18534118075289,-1.3209452089976366,1.516676895499119,13,46.15384615384615,0.14753296286674733,1973.5810958200473,-2.0142570139040683,0.618,0.382,1.5,900,NEARUSDT
-26.18534118075289,-1.3209452089976366,1.516676895499119,13,46.15384615384615,0.14753296286674733,1973.5810958200473,-2.0142570139040683,0.618,0.5,1.5,900,NEARUSDT
-26.18534118075289,-1.3209452089976366,1.516676895499119,13,46.15384615384615,0.14753296286674733,1973.5810958200473,-2.0142570139040683,0.618,0.618,1.5,900,NEARUSDT
-27.088141462252935,-1.3638458721326514,1.516676895499119,12,41.66666666666667,0.11269384288197785,1972.723082557347,-2.2573451218544114,0.786,0.382,1.5,300,NEARUSDT
-27.088141462252935,-1.3638458721326514,1.516676895499119,12,41.66666666666667,0.11269384288197785,1972.723082557347,-2.2573451218544114,0.786,0.382,1.5,600,NEARUSDT
-27.088141462252935,-1.3638458721326514,1.516676895499119,12,41.66666666666667,0.11269384288197785,1972.723082557347,-2.2573451218544114,0.786,0.382,1.5,900,NEARUSDT
-27.088141462252935,-1.3638458721326514,1.516676895499119,12,41.66666666666667,0.11269384288197785,1972.723082557347,-2.2573451218544114,0.786,0.5,1.5,300,NEARUSDT
-27.088141462252935,-1.3638458721326514,1.516676895499119,12,41.66666666666667,0.11269384288197785,1972.723082557347,-2.2573451218544114,0.786,0.5,1.5,600,NEARUSDT
-27.088141462252935,-1.3638458721326514,1.516676895499119,12,41.66666666666667,0.11269384288197785,1972.723082557347,-2.2573451218544114,0.786,0.5,1.5,900,NEARUSDT
-27.088141462252935,-1.3638458721326514,1.516676895499119,12,41.66666666666667,0.11269384288197785,1972.723082557347,-2.2573451218544114,0.786,0.618,1.5,300,NEARUSDT
-27.088141462252935,-1.3638458721326514,1.516676895499119,12,41.66666666666667,0.11269384288197785,1972.723082557347,-2.2573451218544114,0.786,0.618,1.5,900,NEARUSDT
-27.088141462252935,-1.3638458721326514,1.516676895499119,12,41.66666666666667,0.11269384288197785,1972.723082557347,-2.2573451218544114,0.786,0.618,1.5,600,NEARUSDT
-27.276754502252967,-1.373955641732641,1.516676895499119,12,41.66666666666667,0.11200186651613707,1972.5208871653472,-2.273062875187747,0.5,0.382,1.5,300,NEARUSDT
-27.276754502252967,-1.373955641732641,1.516676895499119,12,41.66666666666667,0.11200186651613707,1972.5208871653472,-2.273062875187747,0.5,0.382,1.5,600,NEARUSDT
-27.276754502252967,-1.373955641732641,1.516676895499119,12,41.66666666666667,0.11200186651613707,1972.5208871653472,-2.273062875187747,0.5,0.5,1.5,600,NEARUSDT
-27.276754502252967,-1.373955641732641,1.516676895499119,12,41.66666666666667,0.11200186651613707,1972.5208871653472,-2.273062875187747,0.5,0.5,1.5,300,NEARUSDT
-27.276754502252967,-1.373955641732641,1.516676895499119,12,41.66666666666667,0.11200186651613707,1972.5208871653472,-2.273062875187747,0.5,0.618,1.5,300,NEARUSDT
-27.276754502252967,-1.373955641732641,1.516676895499119,12,41.66666666666667,0.11200186651613707,1972.5208871653472,-2.273062875187747,0.5,0.618,1.5,600,NEARUSDT
-27.276754502252967,-1.373955641732641,1.516676895499119,12,41.66666666666667,0.11200186651613707,1972.5208871653472,-2.273062875187747,0.618,0.382,1.5,300,NEARUSDT
-27.276754502252967,-1.373955641732641,1.516676895499119,12,41.66666666666667,0.11200186651613707,1972.5208871653472,-2.273062875187747,0.618,0.382,1.5,600,NEARUSDT
-27.276754502252967,-1.373955641732641,1.516676895499119,12,41.66666666666667,0.11200186651613707,1972.5208871653472,-2.273062875187747,0.618,0.5,1.5,300,NEARUSDT
-27.276754502252967,-1.373955641732641,1.516676895499119,12,41.66666666666667,0.11200186651613707,1972.5208871653472,-2.273062875187747,0.618,0.5,1.5,600,NEARUSDT
-27.276754502252967,-1.373955641732641,1.516676895499119,12,41.66666666666667,0.11200186651613707,1972.5208871653472,-2.273062875187747,0.618,0.618,1.5,300,NEARUSDT
-27.276754502252967,-1.373955641732641,1.516676895499119,12,41.66666666666667,0.11200186651613707,1972.5208871653472,-2.273062875187747,0.618,0.618,1.5,600,NEARUSDT
-2.9773972337129195,-0.21593399322568985,1.2770115982847674,35,51.42857142857142,0.9496483001410143,1995.6813201354862,-0.0850684923917977,0.5,0.618,1.5,900,APTUSDT
-2.9773972337129195,-0.21593399322568985,1.2770115982847674,35,51.42857142857142,0.9496483001410143,1995.6813201354862,-0.0850684923917977,0.618,0.618,1.5,900,APTUSDT
-7.153790716712712,-0.43387278509567295,1.279654620325564,38,52.63157894736842,0.8864124735646374,1991.3225442980865,-0.18825765043980822,0.618,0.382,1.5,900,APTUSDT
-7.153790716712712,-0.43387278509567295,1.279654620325564,38,52.63157894736842,0.8864124735646374,1991.3225442980865,-0.18825765043980822,0.618,0.5,1.5,900,APTUSDT
-7.928090148057268,-0.43813414326286876,1.1242345944075514,35,51.42857142857142,0.815727340794616,1991.2373171347426,-0.2265168613730648,0.5,0.618,2.5,900,APTUSDT
-7.928090148057268,-0.43813414326286876,1.1242345944075514,35,51.42857142857142,0.815727340794616,1991.2373171347426,-0.2265168613730648,0.618,0.618,2.5,900,APTUSDT
-7.943714627213143,-0.4592207182406924,1.2801557528680225,34,50.0,0.8648698522445699,1990.8155856351862,-0.2336386655062689,0.786,0.618,1.5,900,APTUSDT
-8.069380173713148,-0.46257552482568376,1.280235512046286,33,51.515151515151516,0.8621934968893619,1990.7484895034863,-0.24452667193070143,0.786,0.618,1.5,300,APTUSDT
-8.069380173713148,-0.46257552482568376,1.280235512046286,33,51.515151515151516,0.8621934968893619,1990.7484895034863,-0.24452667193070143,0.786,0.618,1.5,600,APTUSDT
-8.143734500213077,-0.467399321810683,1.2802827089772122,33,51.515151515151516,0.8617414816271789,1990.6520135637863,-0.2467798333397902,0.5,0.618,1.5,300,APTUSDT
-8.143734500213077,-0.467399321810683,1.2802827089772122,33,51.515151515151516,0.8617414816271789,1990.6520135637863,-0.2467798333397902,0.5,0.618,1.5,600,APTUSDT
-8.143734500213077,-0.467399321810683,1.2802827089772122,33,51.515151515151516,0.8617414816271789,1990.6520135637863,-0.2467798333397902,0.618,0.618,1.5,600,APTUSDT
-8.143734500213077,-0.467399321810683,1.2802827089772122,33,51.515151515151516,0.8617414816271789,1990.6520135637863,-0.2467798333397902,0.618,0.618,1.5,300,APTUSDT
-8.334965577713023,-0.47809951878566603,1.2804041102322468,35,54.285714285714285,0.8617326603711982,1990.4380096242867,-0.23814187364894351,0.786,0.382,1.5,300,APTUSDT
-8.334965577713023,-0.47809951878566603,1.2804041102322468,35,54.285714285714285,0.8617326603711982,1990.4380096242867,-0.23814187364894351,0.786,0.382,1.5,600,APTUSDT
-8.334965577713023,-0.47809951878566603,1.2804041102322468,35,54.285714285714285,0.8617326603711982,1990.4380096242867,-0.23814187364894351,0.786,0.5,1.5,300,APTUSDT
-8.334965577713023,-0.47809951878566603,1.2804041102322468,35,54.285714285714285,0.8617326603711982,1990.4380096242867,-0.23814187364894351,0.786,0.5,1.5,600,APTUSDT
-8.544043542212767,-0.49660624279066495,1.280536867765508,36,52.77777777777778,0.8638413344110832,1990.0678751441867,-0.23733454283924355,0.618,0.382,1.5,300,APTUSDT
-8.544043542212767,-0.49660624279066495,1.280536867765508,36,52.77777777777778,0.8638413344110832,1990.0678751441867,-0.23733454283924355,0.618,0.382,1.5,600,APTUSDT
-8.544043542212767,-0.49660624279066495,1.280536867765508,36,52.77777777777778,0.8638413344110832,1990.0678751441867,-0.23733454283924355,0.618,0.5,1.5,300,APTUSDT
-8.544043542212767,-0.49660624279066495,1.280536867765508,36,52.77777777777778,0.8638413344110832,1990.0678751441867,-0.23733454283924355,0.618,0.5,1.5,600,APTUSDT
-9.590756330213067,-0.5426053643106798,1.2812019095896896,35,51.42857142857142,0.8415047197407236,1989.1478927137864,-0.27402160943465903,0.786,0.382,1.5,900,APTUSDT
-9.590756330213067,-0.5426053643106798,1.2812019095896896,35,51.42857142857142,0.8415047197407236,1989.1478927137864,-0.27402160943465903,0.786,0.5,1.5,900,APTUSDT
-9.950697218212612,-0.5740271874306814,1.2814307620950265,38,52.63157894736842,0.8496056981572035,1988.5194562513864,-0.2618604531108582,0.5,0.382,1.5,900,APTUSDT
-9.950697218212612,-0.5740271874306814,1.2814307620950265,38,52.63157894736842,0.8496056981572035,1988.5194562513864,-0.2618604531108582,0.5,0.5,1.5,900,APTUSDT
-10.457374409557127,-0.5705511265978543,1.1242345944075514,38,52.63157894736842,0.7705895124558488,1988.588977468043,-0.2751940634093981,0.618,0.382,2.5,900,APTUSDT
-10.457374409557127,-0.5705511265978543,1.1242345944075514,38,52.63157894736842,0.7705895124558488,1988.588977468043,-0.2751940634093981,0.618,0.5,2.5,900,APTUSDT
-10.9632293015574,-0.5870253010778698,1.1242345944075514,34,50.0,0.7442351132301609,1988.2594939784426,-0.32244792063404115,0.786,0.618,2.5,900,APTUSDT
-11.046237464557361,-0.589960835547879,1.1002879100189873,33,51.515151515151516,0.7425291995605855,1988.2007832890424,-0.3347344686229503,0.5,0.618,2.5,300,APTUSDT
-11.046237464557361,-0.589960835547879,1.1002879100189873,33,51.515151515151516,0.7425291995605855,1988.2007832890424,-0.3347344686229503,0.5,0.618,2.5,600,APTUSDT
-11.046237464557361,-0.589960835547879,1.1002879100189873,33,51.515151515151516,0.7425291995605855,1988.2007832890424,-0.3347344686229503,0.618,0.618,2.5,300,APTUSDT
-11.046237464557361,-0.589960835547879,1.1002879100189873,33,51.515151515151516,0.7425291995605855,1988.2007832890424,-0.3347344686229503,0.618,0.618,2.5,600,APTUSDT
-11.056020718057402,-0.5899387783628753,1.1002879100189873,33,51.515151515151516,0.7413412975669387,1988.2012244327425,-0.3350309308502243,0.786,0.618,2.5,300,APTUSDT
-11.056020718057402,-0.5899387783628753,1.1002879100189873,33,51.515151515151516,0.7413412975669387,1988.2012244327425,-0.3350309308502243,0.786,0.618,2.5,600,APTUSDT
-11.1966100685573,-0.5989020763078656,1.1002879100189873,35,54.285714285714285,0.7460391345765085,1988.0219584738427,-0.31990314481592286,0.786,0.382,2.5,300,APTUSDT
-11.1966100685573,-0.5989020763078656,1.1002879100189873,35,54.285714285714285,0.7460391345765085,1988.0219584738427,-0.31990314481592286,0.786,0.382,2.5,600,APTUSDT
-11.1966100685573,-0.5989020763078656,1.1002879100189873,35,54.285714285714285,0.7460391345765085,1988.0219584738427,-0.31990314481592286,0.786,0.5,2.5,300,APTUSDT
-11.1966100685573,-0.5989020763078656,1.1002879100189873,35,54.285714285714285,0.7460391345765085,1988.0219584738427,-0.31990314481592286,0.786,0.5,2.5,600,APTUSDT
-11.308674300057158,-0.6090803425428704,1.1002879100189873,36,52.77777777777778,0.7512546834341317,1987.8183931491426,-0.31412984166825436,0.618,0.382,2.5,300,APTUSDT
-11.308674300057158,-0.6090803425428704,1.1002879100189873,36,52.77777777777778,0.7512546834341317,1987.8183931491426,-0.31412984166825436,0.618,0.382,2.5,600,APTUSDT
-11.308674300057158,-0.6090803425428704,1.1002879100189873,36,52.77777777777778,0.7512546834341317,1987.8183931491426,-0.31412984166825436,0.618,0.5,2.5,300,APTUSDT
-11.308674300057158,-0.6090803425428704,1.1002879100189873,36,52.77777777777778,0.7512546834341317,1987.8183931491426,-0.31412984166825436,0.618,0.5,2.5,600,APTUSDT
-11.64337769065957,-0.6336044143129812,1.2187642167433974,35,51.42857142857142,0.7876265666153567,1987.3279117137404,-0.33266793401884487,0.5,0.618,2.0,900,APTUSDT
-11.64337769065957,-0.6336044143129812,1.2187642167433974,35,51.42857142857142,0.7876265666153567,1987.3279117137404,-0.33266793401884487,0.618,0.618,2.0,900,APTUSDT
-11.859164868712602,-0.6626703493756736,1.2826455441554176,36,52.77777777777778,0.8201365647402576,1986.7465930124865,-0.32942124635312786,0.5,0.382,1.5,300,APTUSDT
-11.859164868712602,-0.6626703493756736,1.2826455441554176,36,52.77777777777778,0.8201365647402576,1986.7465930124865,-0.32942124635312786,0.5,0.382,1.5,600,APTUSDT
-11.859164868712602,-0.6626703493756736,1.2826455441554176,36,52.77777777777778,0.8201365647402576,1986.7465930124865,-0.32942124635312786,0.5,0.5,1.5,300,APTUSDT
-11.859164868712602,-0.6626703493756736,1.2826455441554176,36,52.77777777777778,0.8201365647402576,1986.7465930124865,-0.32942124635312786,0.5,0.5,1.5,600,APTUSDT
-11.98400605705706,-0.6470094012728396,1.1242345944075514,38,52.63157894736842,0.7469710739939545,1987.0598119745432,-0.31536858044887,0.5,0.382,2.5,900,APTUSDT
-11.98400605705706,-0.6470094012728396,1.1242345944075514,38,52.63157894736842,0.7469710739939545,1987.0598119745432,-0.31536858044887,0.5,0.5,2.5,900,APTUSDT
-12.244470642057339,-0.6520203301228662,1.1242345944075514,35,51.42857142857142,0.7230306213143737,1986.9595933975427,-0.3498420183444954,0.786,0.382,2.5,900,APTUSDT
-12.244470642057339,-0.6520203301228662,1.1242345944075514,35,51.42857142857142,0.7230306213143737,1986.9595933975427,-0.3498420183444954,0.786,0.5,2.5,900,APTUSDT
-13.146134897557056,-0.701079442717844,1.1002879100189873,36,52.77777777777778,0.7217241581017445,1985.9784111456431,-0.3651704138210293,0.5,0.382,2.5,600,APTUSDT
-13.146134897557056,-0.701079442717844,1.1002879100189873,36,52.77777777777778,0.7217241581017445,1985.9784111456431,-0.3651704138210293,0.5,0.382,2.5,300,APTUSDT
-13.146134897557056,-0.701079442717844,1.1002879100189873,36,52.77777777777778,0.7217241581017445,1985.9784111456431,-0.3651704138210293,0.5,0.5,2.5,300,APTUSDT
-13.146134897557056,-0.701079442717844,1.1002879100189873,36,52.77777777777778,0.7217241581017445,1985.9784111456431,-0.3651704138210293,0.5,0.5,2.5,600,APTUSDT
-14.788699908659401,-0.798068214932971,1.2206722204324794,38,52.63157894736842,0.7445690584353933,1984.0386357013406,-0.38917631338577374,0.618,0.382,2.0,900,APTUSDT
-14.788699908659401,-0.798068214932971,1.2206722204324794,38,52.63157894736842,0.7445690584353933,1984.0386357013406,-0.38917631338577374,0.618,0.5,2.0,900,APTUSDT
-15.405697340659733,-0.8180537716129946,1.2210472022259815,34,50.0,0.7178380324141914,1983.63892456774,-0.4531087453135216,0.786,0.618,2.0,900,APTUSDT
-15.511621722659742,-0.8211806275929802,1.2211116012166134,33,51.515151515151516,0.7150644805113319,1983.5763874481404,-0.4700491431109013,0.786,0.618,2.0,300,APTUSDT
-15.511621722659742,-0.8211806275929802,1.2211116012166134,33,51.515151515151516,0.7150644805113319,1983.5763874481404,-0.4700491431109013,0.786,0.618,2.0,600,APTUSDT
-15.529805862659687,-0.8228141617929624,1.2211226573361234,33,51.515151515151516,0.7159111141254941,1983.5437167641408,-0.47060017765635415,0.5,0.618,2.0,300,APTUSDT
-15.529805862659687,-0.8228141617929624,1.2211226573361234,33,51.515151515151516,0.7159111141254941,1983.5437167641408,-0.47060017765635415,0.5,0.618,2.0,600,APTUSDT
-15.529805862659687,-0.8228141617929624,1.2211226573361234,33,51.515151515151516,0.7159111141254941,1983.5437167641408,-0.47060017765635415,0.618,0.618,2.0,300,APTUSDT
-15.529805862659687,-0.8228141617929624,1.2211226573361234,33,51.515151515151516,0.7159111141254941,1983.5437167641408,-0.47060017765635415,0.618,0.618,2.0,600,APTUSDT
-15.701010238659626,-0.8327333884329732,1.2212267609424434,35,54.285714285714285,0.7193686480271192,1983.3453322313405,-0.44860029253313216,0.786,0.382,2.0,300,APTUSDT
-15.701010238659626,-0.8327333884329732,1.2212267609424434,35,54.285714285714285,0.7193686480271192,1983.3453322313405,-0.44860029253313216,0.786,0.382,2.0,600,APTUSDT
-15.701010238659626,-0.8327333884329732,1.2212267609424434,35,54.285714285714285,0.7193686480271192,1983.3453322313405,-0.44860029253313216,0.786,0.5,2.0,300,APTUSDT
-15.701010238659626,-0.8327333884329732,1.2212267609424434,35,54.285714285714285,0.7193686480271192,1983.3453322313405,-0.44860029253313216,0.786,0.5,2.0,600,APTUSDT
-15.843369616659443,-0.8457433742529589,1.2213133383955754,36,52.77777777777778,0.7255957995511273,1983.0851325149408,-0.4400936004627623,0.618,0.382,2.0,300,APTUSDT
-15.843369616659443,-0.8457433742529589,1.2213133383955754,36,52.77777777777778,0.7255957995511273,1983.0851325149408,-0.4400936004627623,0.618,0.382,2.0,600,APTUSDT
-15.843369616659443,-0.8457433742529589,1.2213133383955754,36,52.77777777777778,0.7255957995511273,1983.0851325149408,-0.4400936004627623,0.618,0.5,2.0,300,APTUSDT
-15.843369616659443,-0.8457433742529589,1.2213133383955754,36,52.77777777777778,0.7255957995511273,1983.0851325149408,-0.4400936004627623,0.618,0.5,2.0,600,APTUSDT
-16.779122776159323,-0.8977792422079575,1.2218827328608894,38,52.63157894736842,0.7212322266780538,1982.0444151558409,-0.4415558625305085,0.5,0.382,2.0,900,APTUSDT
-16.779122776159323,-0.8977792422079575,1.2218827328608894,38,52.63157894736842,0.7212322266780538,1982.0444151558409,-0.4415558625305085,0.5,0.5,2.0,900,APTUSDT
-16.845578408659666,-0.891033911732984,1.2219231905005539,35,51.42857142857142,0.6997683096200397,1982.1793217653403,-0.481302240247419,0.786,0.382,2.0,900,APTUSDT
-16.845578408659666,-0.891033911732984,1.2219231905005539,35,51.42857142857142,0.6997683096200397,1982.1793217653403,-0.481302240247419,0.786,0.5,2.0,900,APTUSDT
-18.222578534159315,-0.9648929260279487,1.2487961118724045,36,52.77777777777778,0.6964452252816037,1980.702141479441,-0.506182737059981,0.5,0.382,2.0,300,APTUSDT
-18.222578534159315,-0.9648929260279487,1.2487961118724045,36,52.77777777777778,0.6964452252816037,1980.702141479441,-0.506182737059981,0.5,0.382,2.0,600,APTUSDT
-18.222578534159315,-0.9648929260279487,1.2487961118724045,36,52.77777777777778,0.6964452252816037,1980.702141479441,-0.506182737059981,0.5,0.5,2.0,300,APTUSDT
-18.222578534159315,-0.9648929260279487,1.2487961118724045,36,52.77777777777778,0.6964452252816037,1980.702141479441,-0.506182737059981,0.5,0.5,2.0,600,APTUSDT
33.02526166433944,1.6103961288569735,1.1193598598732897,23,69.56521739130434,2.047483749341261,2032.2079225771395,1.4358809419278018,0.5,0.382,1.5,900,FILUSDT
33.02526166433944,1.6103961288569735,1.1193598598732897,23,69.56521739130434,2.047483749341261,2032.2079225771395,1.4358809419278018,0.5,0.5,1.5,900,FILUSDT
33.02526166433944,1.6103961288569735,1.1193598598732897,23,69.56521739130434,2.047483749341261,2032.2079225771395,1.4358809419278018,0.5,0.618,1.5,900,FILUSDT
33.02526166433944,1.6103961288569735,1.1193598598732897,23,69.56521739130434,2.047483749341261,2032.2079225771395,1.4358809419278018,0.618,0.382,1.5,900,FILUSDT
33.02526166433944,1.6103961288569735,1.1193598598732897,23,69.56521739130434,2.047483749341261,2032.2079225771395,1.4358809419278018,0.618,0.5,1.5,900,FILUSDT
33.02526166433944,1.6103961288569735,1.1193598598732897,23,69.56521739130434,2.047483749341261,2032.2079225771395,1.4358809419278018,0.618,0.618,1.5,900,FILUSDT
31.518212921839503,1.5343844742319788,1.1201809370321363,24,66.66666666666666,1.954078695415458,2030.6876894846396,1.3132588717433127,0.5,0.382,1.5,300,FILUSDT
31.518212921839503,1.5343844742319788,1.1201809370321363,24,66.66666666666666,1.954078695415458,2030.6876894846396,1.3132588717433127,0.5,0.382,1.5,600,FILUSDT
31.518212921839503,1.5343844742319788,1.1201809370321363,24,66.66666666666666,1.954078695415458,2030.6876894846396,1.3132588717433127,0.5,0.5,1.5,300,FILUSDT
31.518212921839503,1.5343844742319788,1.1201809370321363,24,66.66666666666666,1.954078695415458,2030.6876894846396,1.3132588717433127,0.5,0.5,1.5,600,FILUSDT
31.518212921839503,1.5343844742319788,1.1201809370321363,24,66.66666666666666,1.954078695415458,2030.6876894846396,1.3132588717433127,0.5,0.618,1.5,300,FILUSDT
31.518212921839503,1.5343844742319788,1.1201809370321363,24,66.66666666666666,1.954078695415458,2030.6876894846396,1.3132588717433127,0.5,0.618,1.5,600,FILUSDT
31.518212921839503,1.5343844742319788,1.1201809370321363,24,66.66666666666666,1.954078695415458,2030.6876894846396,1.3132588717433127,0.618,0.382,1.5,300,FILUSDT
31.518212921839503,1.5343844742319788,1.1201809370321363,24,66.66666666666666,1.954078695415458,2030.6876894846396,1.3132588717433127,0.618,0.382,1.5,600,FILUSDT
31.518212921839503,1.5343844742319788,1.1201809370321363,24,66.66666666666666,1.954078695415458,2030.6876894846396,1.3132588717433127,0.618,0.5,1.5,300,FILUSDT
31.518212921839503,1.5343844742319788,1.1201809370321363,24,66.66666666666666,1.954078695415458,2030.6876894846396,1.3132588717433127,0.618,0.5,1.5,600,FILUSDT
31.518212921839503,1.5343844742319788,1.1201809370321363,24,66.66666666666666,1.954078695415458,2030.6876894846396,1.3132588717433127,0.618,0.618,1.5,300,FILUSDT
31.518212921839503,1.5343844742319788,1.1201809370321363,24,66.66666666666666,1.954078695415458,2030.6876894846396,1.3132588717433127,0.618,0.618,1.5,600,FILUSDT
30.14304357733944,1.465450267826941,1.1209312148186679,23,69.56521739130434,1.9560665597100295,2029.3090053565388,1.3105671120582365,0.786,0.382,1.5,900,FILUSDT
30.14304357733944,1.465450267826941,1.1209312148186679,23,69.56521739130434,1.9560665597100295,2029.3090053565388,1.3105671120582365,0.786,0.5,1.5,900,FILUSDT
30.14304357733944,1.465450267826941,1.1209312148186679,23,69.56521739130434,1.9560665597100295,2029.3090053565388,1.3105671120582365,0.786,0.618,1.5,900,FILUSDT
28.635994834839504,1.3894386132019463,1.1217545996960963,24,66.66666666666666,1.8668319064186627,2027.788772264039,1.193166451451646,0.786,0.382,1.5,300,FILUSDT
28.635994834839504,1.3894386132019463,1.1217545996960963,24,66.66666666666666,1.8668319064186627,2027.788772264039,1.193166451451646,0.786,0.382,1.5,600,FILUSDT
28.635994834839504,1.3894386132019463,1.1217545996960963,24,66.66666666666666,1.8668319064186627,2027.788772264039,1.193166451451646,0.786,0.5,1.5,300,FILUSDT
28.635994834839504,1.3894386132019463,1.1217545996960963,24,66.66666666666666,1.8668319064186627,2027.788772264039,1.193166451451646,0.786,0.5,1.5,600,FILUSDT
28.635994834839504,1.3894386132019463,1.1217545996960963,24,66.66666666666666,1.8668319064186627,2027.788772264039,1.193166451451646,0.786,0.618,1.5,300,FILUSDT
28.635994834839504,1.3894386132019463,1.1217545996960963,24,66.66666666666666,1.8668319064186627,2027.788772264039,1.193166451451646,0.786,0.618,1.5,600,FILUSDT
22.01834535749994,1.075500837975028,0.6061715530649424,23,69.56521739130434,2.2455742574241637,2021.5100167595006,0.9573193633695626,0.5,0.382,2.5,900,FILUSDT
22.01834535749994,1.075500837975028,0.6061715530649424,23,69.56521739130434,2.2455742574241637,2021.5100167595006,0.9573193633695626,0.5,0.5,2.5,900,FILUSDT
22.01834535749994,1.075500837975028,0.6061715530649424,23,69.56521739130434,2.2455742574241637,2021.5100167595006,0.9573193633695626,0.5,0.618,2.5,900,FILUSDT
22.01834535749994,1.075500837975028,0.6061715530649424,23,69.56521739130434,2.2455742574241637,2021.5100167595006,0.9573193633695626,0.618,0.382,2.5,900,FILUSDT
22.01834535749994,1.075500837975028,0.6061715530649424,23,69.56521739130434,2.2455742574241637,2021.5100167595006,0.9573193633695626,0.618,0.5,2.5,900,FILUSDT
22.01834535749994,1.075500837975028,0.6061715530649424,23,69.56521739130434,2.2455742574241637,2021.5100167595006,0.9573193633695626,0.618,0.618,2.5,900,FILUSDT
20.976175085999976,1.0227946733400244,0.6064822458011522,24,66.66666666666666,2.1205560190677,2020.4558934668005,0.874007295249999,0.5,0.382,2.5,600,FILUSDT
20.976175085999976,1.0227946733400244,0.6064822458011522,24,66.66666666666666,2.1205560190677,2020.4558934668005,0.874007295249999,0.5,0.382,2.5,300,FILUSDT
20.976175085999976,1.0227946733400244,0.6064822458011522,24,66.66666666666666,2.1205560190677,2020.4558934668005,0.874007295249999,0.5,0.5,2.5,300,FILUSDT
20.976175085999976,1.0227946733400244,0.6064822458011522,24,66.66666666666666,2.1205560190677,2020.4558934668005,0.874007295249999,0.5,0.5,2.5,600,FILUSDT
20.976175085999976,1.0227946733400244,0.6064822458011522,24,66.66666666666666,2.1205560190677,2020.4558934668005,0.874007295249999,0.5,0.618,2.5,300,FILUSDT
20.976175085999976,1.0227946733400244,0.6064822458011522,24,66.66666666666666,2.1205560190677,2020.4558934668005,0.874007295249999,0.5,0.618,2.5,600,FILUSDT
20.976175085999976,1.0227946733400244,0.6064822458011522,24,66.66666666666666,2.1205560190677,2020.4558934668005,0.874007295249999,0.618,0.382,2.5,300,FILUSDT
20.976175085999976,1.0227946733400244,0.6064822458011522,24,66.66666666666666,2.1205560190677,2020.4558934668005,0.874007295249999,0.618,0.382,2.5,600,FILUSDT
20.976175085999976,1.0227946733400244,0.6064822458011522,24,66.66666666666666,2.1205560190677,2020.4558934668005,0.874007295249999,0.618,0.5,2.5,300,FILUSDT
20.976175085999976,1.0227946733400244,0.6064822458011522,24,66.66666666666666,2.1205560190677,2020.4558934668005,0.874007295249999,0.618,0.5,2.5,600,FILUSDT
20.976175085999976,1.0227946733400244,0.6064822458011522,24,66.66666666666666,2.1205560190677,2020.4558934668005,0.874007295249999,0.618,0.618,2.5,300,FILUSDT
20.976175085999976,1.0227946733400244,0.6064822458011522,24,66.66666666666666,2.1205560190677,2020.4558934668005,0.874007295249999,0.618,0.618,2.5,600,FILUSDT
20.271636494371503,0.9822548997385753,1.0925935963970634,23,69.56521739130434,1.7019123303906862,2019.6450979947715,0.8813754997552827,0.5,0.382,2.0,900,FILUSDT
20.271636494371503,0.9822548997385753,1.0925935963970634,23,69.56521739130434,1.7019123303906862,2019.6450979947715,0.8813754997552827,0.5,0.5,2.0,900,FILUSDT
20.271636494371503,0.9822548997385753,1.0925935963970634,23,69.56521739130434,1.7019123303906862,2019.6450979947715,0.8813754997552827,0.5,0.618,2.0,900,FILUSDT
20.271636494371503,0.9822548997385753,1.0925935963970634,23,69.56521739130434,1.7019123303906862,2019.6450979947715,0.8813754997552827,0.618,0.382,2.0,900,FILUSDT
20.271636494371503,0.9822548997385753,1.0925935963970634,23,69.56521739130434,1.7019123303906862,2019.6450979947715,0.8813754997552827,0.618,0.5,2.0,900,FILUSDT
20.271636494371503,0.9822548997385753,1.0925935963970634,23,69.56521739130434,1.7019123303906862,2019.6450979947715,0.8813754997552827,0.618,0.618,2.0,900,FILUSDT
20.199092656499936,0.9842033412850355,0.6067141176675405,23,69.56521739130434,2.1426594245735147,2019.6840668257007,0.8782214198478233,0.786,0.382,2.5,900,FILUSDT
20.199092656499936,0.9842033412850355,0.6067141176675405,23,69.56521739130434,2.1426594245735147,2019.6840668257007,0.8782214198478233,0.786,0.5,2.5,900,FILUSDT
20.199092656499936,0.9842033412850355,0.6067141176675405,23,69.56521739130434,2.1426594245735147,2019.6840668257007,0.8782214198478233,0.786,0.618,2.5,900,FILUSDT
19.156922384999973,0.9314971766500322,0.6070253669775423,24,66.66666666666666,2.023370781246563,2018.6299435330006,0.7982050993749988,0.786,0.382,2.5,300,FILUSDT
19.156922384999973,0.9314971766500322,0.6070253669775423,24,66.66666666666666,2.023370781246563,2018.6299435330006,0.7982050993749988,0.786,0.382,2.5,600,FILUSDT
19.156922384999973,0.9314971766500322,0.6070253669775423,24,66.66666666666666,2.023370781246563,2018.6299435330006,0.7982050993749988,0.786,0.5,2.5,300,FILUSDT
19.156922384999973,0.9314971766500322,0.6070253669775423,24,66.66666666666666,2.023370781246563,2018.6299435330006,0.7982050993749988,0.786,0.5,2.5,600,FILUSDT
19.156922384999973,0.9314971766500322,0.6070253669775423,24,66.66666666666666,2.023370781246563,2018.6299435330006,0.7982050993749988,0.786,0.618,2.5,300,FILUSDT
19.156922384999973,0.9314971766500322,0.6070253669775423,24,66.66666666666666,2.023370781246563,2018.6299435330006,0.7982050993749988,0.786,0.618,2.5,600,FILUSDT
19.035772777371548,0.9198127674085754,1.0932550678841995,24,66.66666666666666,1.6320723588888035,2018.3962553481715,0.7931571990571479,0.5,0.382,2.0,300,FILUSDT
19.035772777371548,0.9198127674085754,1.0932550678841995,24,66.66666666666666,1.6320723588888035,2018.3962553481715,0.7931571990571479,0.5,0.382,2.0,600,FILUSDT
19.035772777371548,0.9198127674085754,1.0932550678841995,24,66.66666666666666,1.6320723588888035,2018.3962553481715,0.7931571990571479,0.5,0.5,2.0,300,FILUSDT
19.035772777371548,0.9198127674085754,1.0932550678841995,24,66.66666666666666,1.6320723588888035,2018.3962553481715,0.7931571990571479,0.5,0.5,2.0,600,FILUSDT
19.035772777371548,0.9198127674085754,1.0932550678841995,24,66.66666666666666,1.6320723588888035,2018.3962553481715,0.7931571990571479,0.5,0.618,2.0,300,FILUSDT
19.035772777371548,0.9198127674085754,1.0932550678841995,24,66.66666666666666,1.6320723588888035,2018.3962553481715,0.7931571990571479,0.5,0.618,2.0,600,FILUSDT
19.035772777371548,0.9198127674085754,1.0932550678841995,24,66.66666666666666,1.6320723588888035,2018.3962553481715,0.7931571990571479,0.618,0.382,2.0,300,FILUSDT
19.035772777371548,0.9198127674085754,1.0932550678841995,24,66.66666666666666,1.6320723588888035,2018.3962553481715,0.7931571990571479,0.618,0.382,2.0,600,FILUSDT
19.035772777371548,0.9198127674085754,1.0932550678841995,24,66.66666666666666,1.6320723588888035,2018.3962553481715,0.7931571990571479,0.618,0.5,2.0,300,FILUSDT
19.035772777371548,0.9198127674085754,1.0932550678841995,24,66.66666666666666,1.6320723588888035,2018.3962553481715,0.7931571990571479,0.618,0.5,2.0,600,FILUSDT
19.035772777371548,0.9198127674085754,1.0932550678841995,24,66.66666666666666,1.6320723588888035,2018.3962553481715,0.7931571990571479,0.618,0.618,2.0,300,FILUSDT
19.035772777371548,0.9198127674085754,1.0932550678841995,24,66.66666666666666,1.6320723588888035,2018.3962553481715,0.7931571990571479,0.618,0.618,2.0,600,FILUSDT
18.043046385871502,0.8703254193735802,1.0937869853057594,23,69.56521739130434,1.6247466374789572,2017.4065083874716,0.784480277646587,0.786,0.382,2.0,900,FILUSDT
18.043046385871502,0.8703254193735802,1.0937869853057594,23,69.56521739130434,1.6247466374789572,2017.4065083874716,0.784480277646587,0.786,0.5,2.0,900,FILUSDT
18.043046385871502,0.8703254193735802,1.0937869853057594,23,69.56521739130434,1.6247466374789572,2017.4065083874716,0.784480277646587,0.786,0.618,2.0,900,FILUSDT
16.807182668871548,0.8078832870435805,1.0944499030091726,24,66.66666666666666,1.5580732508226296,2016.1576657408716,0.7002992778696479,0.786,0.382,2.0,600,FILUSDT
16.807182668871548,0.8078832870435805,1.0944499030091726,24,66.66666666666666,1.5580732508226296,2016.1576657408716,0.7002992778696479,0.786,0.382,2.0,300,FILUSDT
16.807182668871548,0.8078832870435805,1.0944499030091726,24,66.66666666666666,1.5580732508226296,2016.1576657408716,0.7002992778696479,0.786,0.5,2.0,300,FILUSDT
16.807182668871548,0.8078832870435805,1.0944499030091726,24,66.66666666666666,1.5580732508226296,2016.1576657408716,0.7002992778696479,0.786,0.5,2.0,600,FILUSDT
16.807182668871548,0.8078832870435805,1.0944499030091726,24,66.66666666666666,1.5580732508226296,2016.1576657408716,0.7002992778696479,0.786,0.618,2.0,300,FILUSDT
16.807182668871548,0.8078832870435805,1.0944499030091726,24,66.66666666666666,1.5580732508226296,2016.1576657408716,0.7002992778696479,0.786,0.618,2.0,600,FILUSDT
-22.375417551999956,-1.1437420664200204,1.2114587765199152,20,40.0,0.23755231861120366,1977.1251586715996,-1.1187708775999978,0.786,0.382,2.5,300,ARBUSDT
-22.375417551999956,-1.1437420664200204,1.2114587765199152,20,40.0,0.23755231861120366,1977.1251586715996,-1.1187708775999978,0.786,0.382,2.5,600,ARBUSDT
-22.375417551999956,-1.1437420664200204,1.2114587765199152,20,40.0,0.23755231861120366,1977.1251586715996,-1.1187708775999978,0.786,0.5,2.5,600,ARBUSDT
-22.375417551999956,-1.1437420664200204,1.2114587765199152,20,40.0,0.23755231861120366,1977.1251586715996,-1.1187708775999978,0.786,0.5,2.5,300,ARBUSDT
-22.375417551999956,-1.1437420664200204,1.2114587765199152,20,40.0,0.23755231861120366,1977.1251586715996,-1.1187708775999978,0.786,0.618,2.5,300,ARBUSDT
-22.375417551999956,-1.1437420664200204,1.2114587765199152,20,40.0,0.23755231861120366,1977.1251586715996,-1.1187708775999978,0.786,0.618,2.5,600,ARBUSDT
-23.59624171450001,-1.206684725365028,1.2724427666938602,21,38.095238095238095,0.2280648495919062,1975.8663054926994,-1.1236305578333339,0.5,0.382,2.5,600,ARBUSDT
-23.59624171450001,-1.206684725365028,1.2724427666938602,21,38.095238095238095,0.2280648495919062,1975.8663054926994,-1.1236305578333339,0.5,0.382,2.5,300,ARBUSDT
-23.59624171450001,-1.206684725365028,1.2724427666938602,21,38.095238095238095,0.2280648495919062,1975.8663054926994,-1.1236305578333339,0.5,0.5,2.5,300,ARBUSDT
-23.59624171450001,-1.206684725365028,1.2724427666938602,21,38.095238095238095,0.2280648495919062,1975.8663054926994,-1.1236305578333339,0.5,0.5,2.5,600,ARBUSDT
-23.59624171450001,-1.206684725365028,1.2724427666938602,21,38.095238095238095,0.2280648495919062,1975.8663054926994,-1.1236305578333339,0.5,0.618,2.5,300,ARBUSDT
-23.59624171450001,-1.206684725365028,1.2724427666938602,21,38.095238095238095,0.2280648495919062,1975.8663054926994,-1.1236305578333339,0.5,0.618,2.5,600,ARBUSDT
-23.59624171450001,-1.206684725365028,1.2724427666938602,21,38.095238095238095,0.2280648495919062,1975.8663054926994,-1.1236305578333339,0.618,0.382,2.5,300,ARBUSDT
-23.59624171450001,-1.206684725365028,1.2724427666938602,21,38.095238095238095,0.2280648495919062,1975.8663054926994,-1.1236305578333339,0.618,0.382,2.5,600,ARBUSDT
-23.59624171450001,-1.206684725365028,1.2724427666938602,21,38.095238095238095,0.2280648495919062,1975.8663054926994,-1.1236305578333339,0.618,0.5,2.5,300,ARBUSDT
-23.59624171450001,-1.206684725365028,1.2724427666938602,21,38.095238095238095,0.2280648495919062,1975.8663054926994,-1.1236305578333339,0.618,0.5,2.5,600,ARBUSDT
-23.59624171450001,-1.206684725365028,1.2724427666938602,21,38.095238095238095,0.2280648495919062,1975.8663054926994,-1.1236305578333339,0.618,0.618,2.5,300,ARBUSDT
-23.59624171450001,-1.206684725365028,1.2724427666938602,21,38.095238095238095,0.2280648495919062,1975.8663054926994,-1.1236305578333339,0.618,0.618,2.5,600,ARBUSDT
-24.38570647349998,-1.2501986768350435,1.3559854448627124,24,37.5,0.26189676877137247,1974.9960264632991,-1.0160711030624991,0.786,0.382,2.5,900,ARBUSDT
-24.38570647349998,-1.2501986768350435,1.3559854448627124,24,37.5,0.26189676877137247,1974.9960264632991,-1.0160711030624991,0.786,0.5,2.5,900,ARBUSDT
-24.38570647349998,-1.2501986768350435,1.3559854448627124,24,37.5,0.26189676877137247,1974.9960264632991,-1.0160711030624991,0.786,0.618,2.5,900,ARBUSDT
-24.742544898000038,-1.2683711657200434,1.3738026751062618,24,37.5,0.2590983160874816,1974.6325766855991,-1.0309393707500016,0.5,0.382,2.5,900,ARBUSDT
-24.742544898000038,-1.2683711657200434,1.3738026751062618,24,37.5,0.2590983160874816,1974.6325766855991,-1.0309393707500016,0.5,0.5,2.5,900,ARBUSDT
-24.742544898000038,-1.2683711657200434,1.3738026751062618,24,37.5,0.2590983160874816,1974.6325766855991,-1.0309393707500016,0.5,0.618,2.5,900,ARBUSDT
-24.742544898000038,-1.2683711657200434,1.3738026751062618,24,37.5,0.2590983160874816,1974.6325766855991,-1.0309393707500016,0.618,0.382,2.5,900,ARBUSDT
-24.742544898000038,-1.2683711657200434,1.3738026751062618,24,37.5,0.2590983160874816,1974.6325766855991,-1.0309393707500016,0.618,0.5,2.5,900,ARBUSDT
-24.742544898000038,-1.2683711657200434,1.3738026751062618,24,37.5,0.2590983160874816,1974.6325766855991,-1.0309393707500016,0.618,0.618,2.5,900,ARBUSDT
-27.28801239499994,-1.3949640459100239,1.4784765787775915,20,40.0,0.23966232983733282,1972.1007190817995,-1.364400619749997,0.786,0.382,2.0,300,ARBUSDT
-27.28801239499994,-1.3949640459100239,1.4784765787775915,20,40.0,0.23966232983733282,1972.1007190817995,-1.364400619749997,0.786,0.382,2.0,600,ARBUSDT
-27.28801239499994,-1.3949640459100239,1.4784765787775915,20,40.0,0.23966232983733282,1972.1007190817995,-1.364400619749997,0.786,0.5,2.0,300,ARBUSDT
-27.28801239499994,-1.3949640459100239,1.4784765787775915,20,40.0,0.23966232983733282,1972.1007190817995,-1.364400619749997,0.786,0.5,2.0,600,ARBUSDT
-27.28801239499994,-1.3949640459100239,1.4784765787775915,20,40.0,0.23966232983733282,1972.1007190817995,-1.364400619749997,0.786,0.618,2.0,300,ARBUSDT
-27.28801239499994,-1.3949640459100239,1.4784765787775915,20,40.0,0.23966232983733282,1972.1007190817995,-1.364400619749997,0.786,0.618,2.0,600,ARBUSDT
-28.88367716400001,-1.4771713216400373,1.5581675447671757,21,38.095238095238095,0.2294603623449958,1970.4565735671993,-1.3754131982857147,0.5,0.382,2.0,300,ARBUSDT
-28.88367716400001,-1.4771713216400373,1.5581675447671757,21,38.095238095238095,0.2294603623449958,1970.4565735671993,-1.3754131982857147,0.5,0.382,2.0,600,ARBUSDT
-28.88367716400001,-1.4771713216400373,1.5581675447671757,21,38.095238095238095,0.2294603623449958,1970.4565735671993,-1.3754131982857147,0.5,0.5,2.0,300,ARBUSDT
-28.88367716400001,-1.4771713216400373,1.5581675447671757,21,38.095238095238095,0.2294603623449958,1970.4565735671993,-1.3754131982857147,0.5,0.5,2.0,600,ARBUSDT
-28.88367716400001,-1.4771713216400373,1.5581675447671757,21,38.095238095238095,0.2294603623449958,1970.4565735671993,-1.3754131982857147,0.5,0.618,2.0,300,ARBUSDT
-28.88367716400001,-1.4771713216400373,1.5581675447671757,21,38.095238095238095,0.2294603623449958,1970.4565735671993,-1.3754131982857147,0.5,0.618,2.0,600,ARBUSDT
-28.88367716400001,-1.4771713216400373,1.5581675447671757,21,38.095238095238095,0.2294603623449958,1970.4565735671993,-1.3754131982857147,0.618,0.382,2.0,300,ARBUSDT
-28.88367716400001,-1.4771713216400373,1.5581675447671757,21,38.095238095238095,0.2294603623449958,1970.4565735671993,-1.3754131982857147,0.618,0.382,2.0,600,ARBUSDT
-28.88367716400001,-1.4771713216400373,1.5581675447671757,21,38.095238095238095,0.2294603623449958,1970.4565735671993,-1.3754131982857147,0.618,0.5,2.0,300,ARBUSDT
-28.88367716400001,-1.4771713216400373,1.5581675447671757,21,38.095238095238095,0.2294603623449958,1970.4565735671993,-1.3754131982857147,0.618,0.5,2.0,600,ARBUSDT
-28.88367716400001,-1.4771713216400373,1.5581675447671757,21,38.095238095238095,0.2294603623449958,1970.4565735671993,-1.3754131982857147,0.618,0.618,2.0,300,ARBUSDT
-28.88367716400001,-1.4771713216400373,1.5581675447671757,21,38.095238095238095,0.2294603623449958,1970.4565735671993,-1.3754131982857147,0.618,0.618,2.0,600,ARBUSDT
-29.836281721499972,-1.5298087945550265,1.6621590922362053,24,37.5,0.26400973782441817,1969.4038241088995,-1.2431784050624988,0.786,0.382,2.0,900,ARBUSDT
-29.836281721499972,-1.5298087945550265,1.6621590922362053,24,37.5,0.26400973782441817,1969.4038241088995,-1.2431784050624988,0.786,0.5,2.0,900,ARBUSDT
-29.836281721499972,-1.5298087945550265,1.6621590922362053,24,37.5,0.26400973782441817,1969.4038241088995,-1.2431784050624988,0.786,0.618,2.0,900,ARBUSDT
-30.352027419500043,-1.556056627515045,1.6879017845456195,24,37.5,0.26069314169899294,1968.878867449699,-1.2646678091458352,0.5,0.382,2.0,900,ARBUSDT
-30.352027419500043,-1.556056627515045,1.6879017845456195,24,37.5,0.26069314169899294,1968.878867449699,-1.2646678091458352,0.5,0.5,2.0,900,ARBUSDT
-30.352027419500043,-1.556056627515045,1.6879017845456195,24,37.5,0.26069314169899294,1968.878867449699,-1.2646678091458352,0.5,0.618,2.0,900,ARBUSDT
-30.352027419500043,-1.556056627515045,1.6879017845456195,24,37.5,0.26069314169899294,1968.878867449699,-1.2646678091458352,0.618,0.382,2.0,900,ARBUSDT
-30.352027419500043,-1.556056627515045,1.6879017845456195,24,37.5,0.26069314169899294,1968.878867449699,-1.2646678091458352,0.618,0.5,2.0,900,ARBUSDT
-30.352027419500043,-1.556056627515045,1.6879017845456195,24,37.5,0.26069314169899294,1968.878867449699,-1.2646678091458352,0.618,0.618,2.0,900,ARBUSDT
-35.02478570949991,-1.790681890094993,1.8996379162941366,20,40.0,0.24288877983463564,1964.1863621981001,-1.7512392854749954,0.786,0.382,1.5,300,ARBUSDT
-35.02478570949991,-1.790681890094993,1.8996379162941366,20,40.0,0.24288877983463564,1964.1863621981001,-1.7512392854749954,0.786,0.382,1.5,600,ARBUSDT
-35.02478570949991,-1.790681890094993,1.8996379162941366,20,40.0,0.24288877983463564,1964.1863621981001,-1.7512392854749954,0.786,0.5,1.5,300,ARBUSDT
-35.02478570949991,-1.790681890094993,1.8996379162941366,20,40.0,0.24288877983463564,1964.1863621981001,-1.7512392854749954,0.786,0.5,1.5,600,ARBUSDT
-35.02478570949991,-1.790681890094993,1.8996379162941366,20,40.0,0.24288877983463564,1964.1863621981001,-1.7512392854749954,0.786,0.618,1.5,300,ARBUSDT
-35.02478570949991,-1.790681890094993,1.8996379162941366,20,40.0,0.24288877983463564,1964.1863621981001,-1.7512392854749954,0.786,0.618,1.5,600,ARBUSDT
-37.25807223900001,-1.9056501943900004,2.011133580762209,21,38.095238095238095,0.2317031466385063,1961.8869961122,-1.7741939161428575,0.5,0.382,1.5,300,ARBUSDT
-37.25807223900001,-1.9056501943900004,2.011133580762209,21,38.095238095238095,0.2317031466385063,1961.8869961122,-1.7741939161428575,0.5,0.382,1.5,600,ARBUSDT
-37.25807223900001,-1.9056501943900004,2.011133580762209,21,38.095238095238095,0.2317031466385063,1961.8869961122,-1.7741939161428575,0.5,0.5,1.5,300,ARBUSDT
-37.25807223900001,-1.9056501943900004,2.011133580762209,21,38.095238095238095,0.2317031466385063,1961.8869961122,-1.7741939161428575,0.5,0.5,1.5,600,ARBUSDT
-37.25807223900001,-1.9056501943900004,2.011133580762209,21,38.095238095238095,0.2317031466385063,1961.8869961122,-1.7741939161428575,0.5,0.618,1.5,300,ARBUSDT
-37.25807223900001,-1.9056501943900004,2.011133580762209,21,38.095238095238095,0.2317031466385063,1961.8869961122,-1.7741939161428575,0.5,0.618,1.5,600,ARBUSDT
-37.25807223900001,-1.9056501943900004,2.011133580762209,21,38.095238095238095,0.2317031466385063,1961.8869961122,-1.7741939161428575,0.618,0.382,1.5,300,ARBUSDT
-37.25807223900001,-1.9056501943900004,2.011133580762209,21,38.095238095238095,0.2317031466385063,1961.8869961122,-1.7741939161428575,0.618,0.382,1.5,600,ARBUSDT
-37.25807223900001,-1.9056501943900004,2.011133580762209,21,38.095238095238095,0.2317031466385063,1961.8869961122,-1.7741939161428575,0.618,0.5,1.5,300,ARBUSDT
-37.25807223900001,-1.9056501943900004,2.011133580762209,21,38.095238095238095,0.2317031466385063,1961.8869961122,-1.7741939161428575,0.618,0.5,1.5,600,ARBUSDT
-37.25807223900001,-1.9056501943900004,2.011133580762209,21,38.095238095238095,0.2317031466385063,1961.8869961122,-1.7741939161428575,0.618,0.618,1.5,300,ARBUSDT
-37.25807223900001,-1.9056501943900004,2.011133580762209,21,38.095238095238095,0.2317031466385063,1961.8869961122,-1.7741939161428575,0.618,0.618,1.5,600,ARBUSDT
-38.49418802399996,-1.9740680115199896,2.1507064831640244,24,37.5,0.2672331107113228,1960.5186397696002,-1.6039245009999983,0.786,0.382,1.5,900,ARBUSDT
-38.49418802399996,-1.9740680115199896,2.1507064831640244,24,37.5,0.2672331107113228,1960.5186397696002,-1.6039245009999983,0.786,0.5,1.5,900,ARBUSDT
-38.49418802399996,-1.9740680115199896,2.1507064831640244,24,37.5,0.2672331107113228,1960.5186397696002,-1.6039245009999983,0.786,0.618,1.5,900,ARBUSDT
-39.28749832350005,-2.0144193657150025,2.1902805960072125,24,37.5,0.26325758416140066,1959.7116126857,-1.6369790968125022,0.5,0.382,1.5,900,ARBUSDT
-39.28749832350005,-2.0144193657150025,2.1902805960072125,24,37.5,0.26325758416140066,1959.7116126857,-1.6369790968125022,0.5,0.5,1.5,900,ARBUSDT
-39.28749832350005,-2.0144193657150025,2.1902805960072125,24,37.5,0.26325758416140066,1959.7116126857,-1.6369790968125022,0.5,0.618,1.5,900,ARBUSDT
-39.28749832350005,-2.0144193657150025,2.1902805960072125,24,37.5,0.26325758416140066,1959.7116126857,-1.6369790968125022,0.618,0.382,1.5,900,ARBUSDT
-39.28749832350005,-2.0144193657150025,2.1902805960072125,24,37.5,0.26325758416140066,1959.7116126857,-1.6369790968125022,0.618,0.5,1.5,900,ARBUSDT
-39.28749832350005,-2.0144193657150025,2.1902805960072125,24,37.5,0.26325758416140066,1959.7116126857,-1.6369790968125022,0.618,0.618,1.5,900,ARBUSDT
12.702016668500487,0.5729582454250022,1.0688363126043476,31,48.38709677419355,1.3001237341558545,2011.4591649085,0.40974247317743506,0.618,0.382,1.5,900,OPUSDT
12.702016668500487,0.5729582454250022,1.0688363126043476,31,48.38709677419355,1.3001237341558545,2011.4591649085,0.40974247317743506,0.618,0.5,1.5,900,OPUSDT
8.990324900500378,0.40174440848503534,0.8228021054018008,31,48.38709677419355,1.273747764597994,2008.0348881697007,0.2900104806613025,0.618,0.382,2.0,900,OPUSDT
8.990324900500378,0.40174440848503534,0.8228021054018008,31,48.38709677419355,1.273747764597994,2008.0348881697007,0.2900104806613025,0.618,0.5,2.0,900,OPUSDT
6.904457966500311,0.3063929219450074,0.6693438206892108,31,48.38709677419355,1.2571317816876855,2006.1278584389001,0.22272445053226808,0.618,0.382,2.5,900,OPUSDT
6.904457966500311,0.3063929219450074,0.6693438206892108,31,48.38709677419355,1.2571317816876855,2006.1278584389001,0.22272445053226808,0.618,0.5,2.5,900,OPUSDT
-0.9874860629997062,-0.08700557668998954,0.6719691482185619,30,46.666666666666664,0.9632246221205435,1998.2598884662002,-0.03291620209999021,0.5,0.618,2.5,900,OPUSDT
-0.9874860629997062,-0.08700557668998954,0.6719691482185619,30,46.666666666666664,0.9632246221205435,1998.2598884662002,-0.03291620209999021,0.618,0.618,2.5,900,OPUSDT
-1.0269343544996905,-0.08897791232498094,0.6719823227835782,30,46.666666666666664,0.9617555119417083,1998.2204417535004,-0.034231145149989685,0.5,0.382,2.5,900,OPUSDT
-1.0269343544996905,-0.08897791232498094,0.6719823227835782,30,46.666666666666664,0.9617555119417083,1998.2204417535004,-0.034231145149989685,0.5,0.5,2.5,900,OPUSDT
-1.0668654804996414,-0.09958769270498351,0.8269086967303432,30,46.666666666666664,0.9675148513934924,1998.0082461459003,-0.035562182683321376,0.5,0.618,2.0,900,OPUSDT
-1.0668654804996414,-0.09958769270498351,0.8269086967303432,30,46.666666666666664,0.9675148513934924,1998.0082461459003,-0.035562182683321376,0.618,0.618,2.0,900,OPUSDT
-1.1039619439995403,-0.1152442591599879,1.0761415393996314,30,46.666666666666664,0.9739155450944459,1997.6951148168002,-0.036798731466651344,0.5,0.618,1.5,900,OPUSDT
-1.1039619439995403,-0.1152442591599879,1.0761415393996314,30,46.666666666666664,0.9739155450944459,1997.6951148168002,-0.036798731466651344,0.618,0.618,1.5,900,OPUSDT
-1.1149889979996233,-0.1019937722799682,0.8269284452576809,30,46.666666666666664,0.9660495311201973,1997.9601245544006,-0.037166299933320775,0.5,0.382,2.0,900,OPUSDT
-1.1149889979996233,-0.1019937722799682,0.8269284452576809,30,46.666666666666664,0.9660495311201973,1997.9601245544006,-0.037166299933320775,0.5,0.5,2.0,900,OPUSDT
-1.1656479979995162,-0.11832843841999648,1.0761744037426724,30,46.666666666666664,0.9724580246585198,1997.6334312316,-0.03885493326665054,0.5,0.382,1.5,900,OPUSDT
-1.1656479979995162,-0.11832843841999648,1.0761744037426724,30,46.666666666666664,0.9724580246585198,1997.6334312316,-0.03885493326665054,0.5,0.5,1.5,900,OPUSDT
-3.3574726884997315,-0.2050949623449924,0.6812177080490462,30,46.666666666666664,0.8743694339254662,1995.8981007531002,-0.11191575628332438,0.786,0.618,2.5,900,OPUSDT
-3.3923015399997203,-0.206835349259984,0.6812295128240392,30,46.666666666666664,0.8730662011859545,1995.8632930148003,-0.11307671799999068,0.786,0.382,2.5,900,OPUSDT
-3.3923015399997203,-0.206835349259984,0.6812295128240392,30,46.666666666666664,0.8730662011859545,1995.8632930148003,-0.11307671799999068,0.786,0.5,2.5,900,OPUSDT
-4.374129012499672,-0.264373834904984,0.8417442694166275,30,46.666666666666664,0.8661891937267373,1994.7125233019003,-0.14580430041665574,0.786,0.618,2.0,900,OPUSDT
-4.4147891594996596,-0.2664055284349956,0.8417612800963293,30,46.666666666666664,0.8649453421993338,1994.6718894313,-0.14715963864998866,0.786,0.382,2.0,900,OPUSDT
-4.4147891594996596,-0.2664055284349956,0.8417612800963293,30,46.666666666666664,0.8649453421993338,1994.6718894313,-0.14715963864998866,0.786,0.5,2.0,900,OPUSDT
-6.067982934999582,-0.3625716507899824,1.1016360963882388,30,46.666666666666664,0.8559674184232413,1992.7485669842004,-0.20226609783331942,0.786,0.618,1.5,900,OPUSDT
-6.119230768999568,-0.3651319680099846,1.1016641086581216,30,46.666666666666664,0.8547509750168731,1992.6973606398003,-0.20397435896665225,0.786,0.382,1.5,900,OPUSDT
-6.119230768999568,-0.3651319680099846,1.1016641086581216,30,46.666666666666664,0.8547509750168731,1992.6973606398003,-0.20397435896665225,0.786,0.5,1.5,900,OPUSDT
-7.434327261999943,-0.40199995652001236,0.6323311741329418,26,46.15384615384615,0.705535433441007,1991.9600008695998,-0.28593566392307473,0.5,0.382,2.5,300,OPUSDT
-7.434327261999943,-0.40199995652001236,0.6323311741329418,26,46.15384615384615,0.705535433441007,1991.9600008695998,-0.28593566392307473,0.5,0.382,2.5,600,OPUSDT
-7.434327261999943,-0.40199995652001236,0.6323311741329418,26,46.15384615384615,0.705535433441007,1991.9600008695998,-0.28593566392307473,0.5,0.5,2.5,300,OPUSDT
-7.434327261999943,-0.40199995652001236,0.6323311741329418,26,46.15384615384615,0.705535433441007,1991.9600008695998,-0.28593566392307473,0.5,0.5,2.5,600,OPUSDT
-7.434327261999943,-0.40199995652001236,0.6323311741329418,26,46.15384615384615,0.705535433441007,1991.9600008695998,-0.28593566392307473,0.5,0.618,2.5,300,OPUSDT
-7.434327261999943,-0.40199995652001236,0.6323311741329418,26,46.15384615384615,0.705535433441007,1991.9600008695998,-0.28593566392307473,0.5,0.618,2.5,600,OPUSDT
-7.434327261999943,-0.40199995652001236,0.6323311741329418,26,46.15384615384615,0.705535433441007,1991.9600008695998,-0.28593566392307473,0.618,0.382,2.5,600,OPUSDT
-7.434327261999943,-0.40199995652001236,0.6323311741329418,26,46.15384615384615,0.705535433441007,1991.9600008695998,-0.28593566392307473,0.618,0.382,2.5,300,OPUSDT
-7.434327261999943,-0.40199995652001236,0.6323311741329418,26,46.15384615384615,0.705535433441007,1991.9600008695998,-0.28593566392307473,0.618,0.5,2.5,300,OPUSDT
-7.434327261999943,-0.40199995652001236,0.6323311741329418,26,46.15384615384615,0.705535433441007,1991.9600008695998,-0.28593566392307473,0.618,0.5,2.5,600,OPUSDT
-7.434327261999943,-0.40199995652001236,0.6323311741329418,26,46.15384615384615,0.705535433441007,1991.9600008695998,-0.28593566392307473,0.618,0.618,2.5,300,OPUSDT
-7.434327261999943,-0.40199995652001236,0.6323311741329418,26,46.15384615384615,0.705535433441007,1991.9600008695998,-0.28593566392307473,0.618,0.618,2.5,600,OPUSDT
-8.105423776499908,-0.435424306185007,0.6486168377511053,26,46.15384615384615,0.6792879091653496,1991.2915138762999,-0.31174706832691956,0.786,0.382,2.5,300,OPUSDT
-8.105423776499908,-0.435424306185007,0.6486168377511053,26,46.15384615384615,0.6792879091653496,1991.2915138762999,-0.31174706832691956,0.786,0.382,2.5,600,OPUSDT
-8.105423776499908,-0.435424306185007,0.6486168377511053,26,46.15384615384615,0.6792879091653496,1991.2915138762999,-0.31174706832691956,0.786,0.5,2.5,300,OPUSDT
-8.105423776499908,-0.435424306185007,0.6486168377511053,26,46.15384615384615,0.6792879091653496,1991.2915138762999,-0.31174706832691956,0.786,0.5,2.5,600,OPUSDT
-8.105423776499908,-0.435424306185007,0.6486168377511053,26,46.15384615384615,0.6792879091653496,1991.2915138762999,-0.31174706832691956,0.786,0.618,2.5,300,OPUSDT
-8.105423776499908,-0.435424306185007,0.6486168377511053,26,46.15384615384615,0.6792879091653496,1991.2915138762999,-0.31174706832691956,0.786,0.618,2.5,600,OPUSDT
-8.973517081499931,-0.485880295014988,0.7780359369244639,26,46.15384615384615,0.7094074209378372,1990.2823940997002,-0.345135272365382,0.5,0.382,2.0,300,OPUSDT
-8.973517081499931,-0.485880295014988,0.7780359369244639,26,46.15384615384615,0.7094074209378372,1990.2823940997002,-0.345135272365382,0.5,0.382,2.0,600,OPUSDT
-8.973517081499931,-0.485880295014988,0.7780359369244639,26,46.15384615384615,0.7094074209378372,1990.2823940997002,-0.345135272365382,0.5,0.5,2.0,600,OPUSDT
-8.973517081499931,-0.485880295014988,0.7780359369244639,26,46.15384615384615,0.7094074209378372,1990.2823940997002,-0.345135272365382,0.5,0.5,2.0,300,OPUSDT
-8.973517081499931,-0.485880295014988,0.7780359369244639,26,46.15384615384615,0.7094074209378372,1990.2823940997002,-0.345135272365382,0.5,0.618,2.0,300,OPUSDT
-8.973517081499931,-0.485880295014988,0.7780359369244639,26,46.15384615384615,0.7094074209378372,1990.2823940997002,-0.345135272365382,0.5,0.618,2.0,600,OPUSDT
-8.973517081499931,-0.485880295014988,0.7780359369244639,26,46.15384615384615,0.7094074209378372,1990.2823940997002,-0.345135272365382,0.618,0.382,2.0,300,OPUSDT
-8.973517081499931,-0.485880295014988,0.7780359369244639,26,46.15384615384615,0.7094074209378372,1990.2823940997002,-0.345135272365382,0.618,0.382,2.0,600,OPUSDT
-8.973517081499931,-0.485880295014988,0.7780359369244639,26,46.15384615384615,0.7094074209378372,1990.2823940997002,-0.345135272365382,0.618,0.5,2.0,300,OPUSDT
-8.973517081499931,-0.485880295014988,0.7780359369244639,26,46.15384615384615,0.7094074209378372,1990.2823940997002,-0.345135272365382,0.618,0.5,2.0,600,OPUSDT
-8.973517081499931,-0.485880295014988,0.7780359369244639,26,46.15384615384615,0.7094074209378372,1990.2823940997002,-0.345135272365382,0.618,0.618,2.0,300,OPUSDT
-8.973517081499931,-0.485880295014988,0.7780359369244639,26,46.15384615384615,0.7094074209378372,1990.2823940997002,-0.345135272365382,0.618,0.618,2.0,600,OPUSDT
-9.877705506999888,-0.5309042350499907,0.801381896820905,26,46.15384615384615,0.6805269773541737,1989.3819152990002,-0.37991175026922647,0.786,0.382,2.0,300,OPUSDT
-9.877705506999888,-0.5309042350499907,0.801381896820905,26,46.15384615384615,0.6805269773541737,1989.3819152990002,-0.37991175026922647,0.786,0.382,2.0,600,OPUSDT
-9.877705506999888,-0.5309042350499907,0.801381896820905,26,46.15384615384615,0.6805269773541737,1989.3819152990002,-0.37991175026922647,0.786,0.5,2.0,300,OPUSDT
-9.877705506999888,-0.5309042350499907,0.801381896820905,26,46.15384615384615,0.6805269773541737,1989.3819152990002,-0.37991175026922647,0.786,0.5,2.0,600,OPUSDT
-9.877705506999888,-0.5309042350499907,0.801381896820905,26,46.15384615384615,0.6805269773541737,1989.3819152990002,-0.37991175026922647,0.786,0.618,2.0,300,OPUSDT
-9.877705506999888,-0.5309042350499907,0.801381896820905,26,46.15384615384615,0.6805269773541737,1989.3819152990002,-0.37991175026922647,0.786,0.618,2.0,600,OPUSDT
-11.323607884999918,-0.6144604670100079,1.0123602193894434,26,46.15384615384615,0.7154486244227316,1987.7107906597998,-0.4355233801923045,0.5,0.382,1.5,300,OPUSDT
-11.323607884999918,-0.6144604670100079,1.0123602193894434,26,46.15384615384615,0.7154486244227316,1987.7107906597998,-0.4355233801923045,0.5,0.382,1.5,600,OPUSDT
-11.323607884999918,-0.6144604670100079,1.0123602193894434,26,46.15384615384615,0.7154486244227316,1987.7107906597998,-0.4355233801923045,0.5,0.5,1.5,300,OPUSDT
-11.323607884999918,-0.6144604670100079,1.0123602193894434,26,46.15384615384615,0.7154486244227316,1987.7107906597998,-0.4355233801923045,0.5,0.5,1.5,600,OPUSDT
-11.323607884999918,-0.6144604670100079,1.0123602193894434,26,46.15384615384615,0.7154486244227316,1987.7107906597998,-0.4355233801923045,0.5,0.618,1.5,300,OPUSDT
-11.323607884999918,-0.6144604670100079,1.0123602193894434,26,46.15384615384615,0.7154486244227316,1987.7107906597998,-0.4355233801923045,0.5,0.618,1.5,600,OPUSDT
-11.323607884999918,-0.6144604670100079,1.0123602193894434,26,46.15384615384615,0.7154486244227316,1987.7107906597998,-0.4355233801923045,0.618,0.382,1.5,300,OPUSDT
-11.323607884999918,-0.6144604670100079,1.0123602193894434,26,46.15384615384615,0.7154486244227316,1987.7107906597998,-0.4355233801923045,0.618,0.382,1.5,600,OPUSDT
-11.323607884999918,-0.6144604670100079,1.0123602193894434,26,46.15384615384615,0.7154486244227316,1987.7107906597998,-0.4355233801923045,0.618,0.5,1.5,300,OPUSDT
-11.323607884999918,-0.6144604670100079,1.0123602193894434,26,46.15384615384615,0.7154486244227316,1987.7107906597998,-0.4355233801923045,0.618,0.5,1.5,600,OPUSDT
-11.323607884999918,-0.6144604670100079,1.0123602193894434,26,46.15384615384615,0.7154486244227316,1987.7107906597998,-0.4355233801923045,0.618,0.618,1.5,300,OPUSDT
-11.323607884999918,-0.6144604670100079,1.0123602193894434,26,46.15384615384615,0.7154486244227316,1987.7107906597998,-0.4355233801923045,0.618,0.618,1.5,600,OPUSDT
-12.64036540799986,-0.6800137025200002,1.0485539376061683,26,46.15384615384615,0.6828527581723425,1986.3997259496,-0.486167900307687,0.786,0.382,1.5,300,OPUSDT
-12.64036540799986,-0.6800137025200002,1.0485539376061683,26,46.15384615384615,0.6828527581723425,1986.3997259496,-0.486167900307687,0.786,0.382,1.5,600,OPUSDT
-12.64036540799986,-0.6800137025200002,1.0485539376061683,26,46.15384615384615,0.6828527581723425,1986.3997259496,-0.486167900307687,0.786,0.5,1.5,300,OPUSDT
-12.64036540799986,-0.6800137025200002,1.0485539376061683,26,46.15384615384615,0.6828527581723425,1986.3997259496,-0.486167900307687,0.786,0.5,1.5,600,OPUSDT
-12.64036540799986,-0.6800137025200002,1.0485539376061683,26,46.15384615384615,0.6828527581723425,1986.3997259496,-0.486167900307687,0.786,0.618,1.5,300,OPUSDT
-12.64036540799986,-0.6800137025200002,1.0485539376061683,26,46.15384615384615,0.6828527581723425,1986.3997259496,-0.486167900307687,0.786,0.618,1.5,600,OPUSDT
-61.39701269400005,-3.116220383859968,3.1831332710749622,45,37.77777777777778,0.3832193636034035,1937.6755923228006,-1.3643780598666677,0.618,0.5,2.5,900,SUIUSDT
-62.20700506600003,-3.156601004539971,3.1831332710749622,45,37.77777777777778,0.3801262753677657,1936.8679799092006,-1.3823778903555561,0.618,0.382,2.5,900,SUIUSDT
-62.41479844100011,-3.1639002092899657,3.318139551174966,43,37.2093023255814,0.3622161071201189,1936.7219958142007,-1.4515069404883747,0.5,0.618,2.5,900,SUIUSDT
-62.41479844100011,-3.1639002092899657,3.318139551174966,43,37.2093023255814,0.3622161071201189,1936.7219958142007,-1.4515069404883747,0.618,0.618,2.5,900,SUIUSDT
-62.457464242999976,-3.171445351269972,3.173217244774958,46,36.95652173913043,0.38040134200349485,1936.5710929746006,-1.3577709618043472,0.5,0.5,2.5,900,SUIUSDT
-63.11250823600007,-3.1980635316399684,3.353025040924967,43,37.2093023255814,0.35508657886287176,1936.0387293672006,-1.4677327496744201,0.786,0.618,2.5,900,SUIUSDT
-63.911418451499976,-3.238737226434955,3.337105618824955,44,36.36363636363637,0.3542950059991663,1935.225255471301,-1.4525322375340903,0.786,0.5,2.5,900,SUIUSDT
-64.50602475799997,-3.2684131654199517,3.337105618824955,44,36.36363636363637,0.35217933046675626,1934.631736691601,-1.466046017227272,0.786,0.382,2.5,900,SUIUSDT
-65.79140372999994,-3.338161330299965,3.2895701864999523,46,36.95652173913043,0.3682228214155103,1933.2367733940007,-1.4302479071739118,0.5,0.382,2.5,900,SUIUSDT
-68.56962655699995,-3.47067738472997,3.541763964224958,41,34.146341463414636,0.31042961818328774,1930.5864523054006,-1.672429916024389,0.618,0.5,2.5,300,SUIUSDT
-68.56962655699995,-3.47067738472997,3.541763964224958,41,34.146341463414636,0.31042961818328774,1930.5864523054006,-1.672429916024389,0.618,0.5,2.5,600,SUIUSDT
-69.1786718545,-3.4998983555049676,3.6004682889749575,41,34.146341463414636,0.30032898880327474,1930.0020328899006,-1.6872846793780487,0.786,0.5,2.5,300,SUIUSDT
-69.1786718545,-3.4998983555049676,3.6004682889749575,41,34.146341463414636,0.30032898880327474,1930.0020328899006,-1.6872846793780487,0.786,0.5,2.5,600,SUIUSDT
-69.27314641900003,-3.5029691981099744,3.661056950074965,39,33.33333333333333,0.29136567767820537,1929.9406160378005,-1.7762345235641033,0.5,0.618,2.5,300,SUIUSDT
-69.27314641900003,-3.5029691981099744,3.661056950074965,39,33.33333333333333,0.29136567767820537,1929.9406160378005,-1.7762345235641033,0.5,0.618,2.5,600,SUIUSDT
-69.27314641900003,-3.5029691981099744,3.661056950074965,39,33.33333333333333,0.29136567767820537,1929.9406160378005,-1.7762345235641033,0.618,0.618,2.5,300,SUIUSDT
-69.27314641900003,-3.5029691981099744,3.661056950074965,39,33.33333333333333,0.29136567767820537,1929.9406160378005,-1.7762345235641033,0.618,0.618,2.5,600,SUIUSDT
-69.27314641900003,-3.5029691981099744,3.661056950074965,39,33.33333333333333,0.29136567767820537,1929.9406160378005,-1.7762345235641033,0.786,0.618,2.5,300,SUIUSDT
-69.27314641900003,-3.5029691981099744,3.661056950074965,39,33.33333333333333,0.29136567767820537,1929.9406160378005,-1.7762345235641033,0.786,0.618,2.5,600,SUIUSDT
-69.37961892899993,-3.5110580054099727,3.541763964224958,41,34.146341463414636,0.30792138679501607,1929.7788398918005,-1.6921858275365838,0.618,0.382,2.5,300,SUIUSDT
-69.37961892899993,-3.5110580054099727,3.541763964224958,41,34.146341463414636,0.30792138679501607,1929.7788398918005,-1.6921858275365838,0.618,0.382,2.5,600,SUIUSDT
-69.773278161,-3.529574294489964,3.6004682889749575,41,34.146341463414636,0.29853365803285553,1929.4085141102007,-1.701787272219512,0.786,0.382,2.5,300,SUIUSDT
-69.773278161,-3.529574294489964,3.6004682889749575,41,34.146341463414636,0.29853365803285553,1929.4085141102007,-1.701787272219512,0.786,0.382,2.5,600,SUIUSDT
-69.88058025400002,-3.538426958259981,3.5443730453249596,42,33.33333333333333,0.3060308580461905,1929.2314608348004,-1.663823339380953,0.5,0.5,2.5,300,SUIUSDT
-69.88058025400002,-3.538426958259981,3.5443730453249596,42,33.33333333333333,0.3060308580461905,1929.2314608348004,-1.663823339380953,0.5,0.5,2.5,600,SUIUSDT
-73.214519741,-3.705142937289975,3.660725987049955,42,33.33333333333333,0.296223306590707,1925.8971412542005,-1.7432028509761905,0.5,0.382,2.5,300,SUIUSDT
-73.214519741,-3.705142937289975,3.660725987049955,42,33.33333333333333,0.296223306590707,1925.8971412542005,-1.7432028509761905,0.5,0.382,2.5,600,SUIUSDT
-77.20037049850481,-3.9169913279652517,4.005649373675226,45,37.77777777777778,0.378497075925433,1921.660173440695,-1.7155637888556625,0.618,0.5,2.0,900,SUIUSDT
-78.0870775645048,-3.9611708495052427,4.005649373675226,45,37.77777777777778,0.3758143437819415,1920.7765830098951,-1.7352683903223287,0.618,0.382,2.0,900,SUIUSDT
-78.59837944350471,-3.989686294015246,3.99361671317522,46,36.95652173913043,0.3754810829830148,1920.206274119695,-1.708660422684885,0.5,0.5,2.0,900,SUIUSDT
-78.61366712650488,-3.983760708485261,4.1729592605752375,43,37.2093023255814,0.3571154746462658,1920.3247858302948,-1.8282248168954622,0.5,0.618,2.0,900,SUIUSDT
-78.61366712650488,-3.983760708485261,4.1729592605752375,43,37.2093023255814,0.3571154746462658,1920.3247858302948,-1.8282248168954622,0.618,0.618,2.0,900,SUIUSDT
-79.53867614650483,-4.02905372508526,4.219209711575241,43,37.2093023255814,0.3495509632005189,1919.4189254982948,-1.8497366545698797,0.786,0.618,2.0,900,SUIUSDT
-80.41935005450473,-4.073876126405253,4.202137141725234,44,36.36363636363637,0.34885670961326465,1918.522477471895,-1.8277125012387438,0.786,0.5,2.0,900,SUIUSDT
-81.05598430600472,-4.1056423744402535,4.202137141725234,44,36.36363636363637,0.3470676691204342,1917.887152511195,-1.8421814615001073,0.786,0.382,2.0,900,SUIUSDT
-82.71328624350468,-4.195461914015243,4.135664312175232,46,36.95652173913043,0.36359311411494394,1916.0907617196951,-1.7981149183370584,0.5,0.382,2.0,900,SUIUSDT
-86.1284552695047,-4.358183241355254,4.452053612225222,41,34.146341463414636,0.3058797155170924,1912.836335172895,-2.1006940309635294,0.618,0.5,2.0,300,SUIUSDT
-86.1284552695047,-4.358183241355254,4.452053612225222,41,34.146341463414636,0.3058797155170924,1912.836335172895,-2.1006940309635294,0.618,0.5,2.0,600,SUIUSDT
-86.96573425050475,-4.398448200045254,4.529456351525233,41,34.146341463414636,0.2950941111213642,1912.031035999095,-2.121115469524506,0.786,0.5,2.0,300,SUIUSDT
-86.96573425050475,-4.398448200045254,4.529456351525233,41,34.146341463414636,0.2950941111213642,1912.031035999095,-2.121115469524506,0.786,0.5,2.0,600,SUIUSDT
-87.01516233550467,-4.402362762895246,4.452053612225222,41,34.146341463414636,0.30370938210944687,1911.952744742095,-2.1223210325732844,0.618,0.382,2.0,300,SUIUSDT
-87.01516233550467,-4.402362762895246,4.452053612225222,41,34.146341463414636,0.30370938210944687,1911.952744742095,-2.1223210325732844,0.618,0.382,2.0,600,SUIUSDT
-87.0713413275048,-4.401918993775257,4.595842970625233,39,33.33333333333333,0.28717687461186875,1911.9616201244949,-2.232598495577046,0.5,0.618,2.0,300,SUIUSDT
-87.0713413275048,-4.401918993775257,4.595842970625233,39,33.33333333333333,0.28717687461186875,1911.9616201244949,-2.232598495577046,0.5,0.618,2.0,600,SUIUSDT
-87.0713413275048,-4.401918993775257,4.595842970625233,39,33.33333333333333,0.28717687461186875,1911.9616201244949,-2.232598495577046,0.618,0.618,2.0,300,SUIUSDT
-87.0713413275048,-4.401918993775257,4.595842970625233,39,33.33333333333333,0.28717687461186875,1911.9616201244949,-2.232598495577046,0.618,0.618,2.0,600,SUIUSDT
-87.0713413275048,-4.401918993775257,4.595842970625233,39,33.33333333333333,0.28717687461186875,1911.9616201244949,-2.232598495577046,0.786,0.618,2.0,300,SUIUSDT
-87.0713413275048,-4.401918993775257,4.595842970625233,39,33.33333333333333,0.28717687461186875,1911.9616201244949,-2.232598495577046,0.786,0.618,2.0,600,SUIUSDT
-87.60236850200474,-4.430214448080255,4.529456351525233,41,34.146341463414636,0.2935791614796147,1911.395711038395,-2.1366431341952374,0.786,0.382,2.0,300,SUIUSDT
-87.60236850200474,-4.430214448080255,4.529456351525233,41,34.146341463414636,0.2935791614796147,1911.395711038395,-2.1366431341952374,0.786,0.382,2.0,600,SUIUSDT
-87.83959189950478,-4.446533965055255,4.455677335975224,42,33.33333333333333,0.3013163932363774,1911.069320698895,-2.091418854750114,0.5,0.5,2.0,300,SUIUSDT
-87.83959189950478,-4.446533965055255,4.455677335975224,42,33.33333333333333,0.3013163932363774,1911.069320698895,-2.091418854750114,0.5,0.5,2.0,600,SUIUSDT
-91.95449869950475,-4.652309585055252,4.597724934975235,42,33.33333333333333,0.29176677346524194,1906.953808298895,-2.189392826178685,0.5,0.382,2.0,300,SUIUSDT
-91.95449869950475,-4.652309585055252,4.597724934975235,42,33.33333333333333,0.29176677346524194,1906.953808298895,-2.189392826178685,0.5,0.382,2.0,600,SUIUSDT
-93.5726270142617,-4.7526164920730825,4.879637958463059,45,37.77777777777778,0.39584540540925106,1904.9476701585384,-2.0793917114280376,0.618,0.5,1.5,900,SUIUSDT
-94.55237639876168,-4.801394756878085,4.879637958463059,45,37.77777777777778,0.3933571138381232,1903.9721048624383,-2.101163919972482,0.618,0.382,1.5,900,SUIUSDT
-95.55670410726158,-4.855604693243071,4.864569399363051,46,36.95652173913043,0.39200673964927224,1902.8879061351386,-2.0773196545056867,0.5,0.5,1.5,900,SUIUSDT
-95.71319218676177,-4.854657533798081,5.100057968713066,43,37.2093023255814,0.37284170953536117,1902.9068493240384,-2.2258881903898087,0.5,0.618,1.5,900,SUIUSDT
-95.71319218676177,-4.854657533798081,5.100057968713066,43,37.2093023255814,0.37284170953536117,1902.9068493240384,-2.2258881903898087,0.618,0.618,1.5,900,SUIUSDT
-97.00187996676169,-4.917758061198083,5.164492357713061,43,37.2093023255814,0.364397615188676,1901.6448387760383,-2.255857673645621,0.786,0.618,1.5,900,SUIUSDT
-97.9858781277616,-4.967817491288088,5.1461941317630595,44,36.36363636363637,0.3635795108359439,1900.6436501742382,-2.2269517756309454,0.786,0.5,1.5,900,SUIUSDT
-98.67509636076157,-5.002199995058083,5.1461941317630595,44,36.36363636363637,0.36195920480881244,1899.9560000988383,-2.242615826380945,0.786,0.382,1.5,900,SUIUSDT
-100.93036606476154,-5.124337560418075,5.046518303238065,46,36.95652173913043,0.37904686344198213,1897.5132487916385,-2.1941383927122073,0.5,0.382,1.5,900,SUIUSDT
-105.39523586176155,-5.336809957548075,5.470768400838062,41,34.146341463414636,0.3187339657957646,1893.2638008490385,-2.5706155088234524,0.618,0.5,1.5,300,SUIUSDT
-105.39523586176155,-5.336809957548075,5.470768400838062,41,34.146341463414636,0.3187339657957646,1893.2638008490385,-2.5706155088234524,0.618,0.5,1.5,600,SUIUSDT
-106.37498524626152,-5.385588222353078,5.470768400838062,41,34.146341463414636,0.31672812075008455,1892.2882355529384,-2.594511835274671,0.618,0.382,1.5,300,SUIUSDT
-106.37498524626152,-5.385588222353078,5.470768400838062,41,34.146341463414636,0.31672812075008455,1892.2882355529384,-2.594511835274671,0.618,0.382,1.5,600,SUIUSDT
-106.63420388526163,-5.396582357063096,5.578610419638073,41,34.146341463414636,0.30661147042542874,1892.068352858738,-2.600834241103942,0.786,0.5,1.5,300,SUIUSDT
-106.63420388526163,-5.396582357063096,5.578610419638073,41,34.146341463414636,0.30661147042542874,1892.068352858738,-2.600834241103942,0.786,0.5,1.5,600,SUIUSDT
-106.75112457926167,-5.400429359123087,5.6519545883380715,39,33.33333333333333,0.29970390562582955,1891.9914128175383,-2.737208322545171,0.5,0.618,1.5,600,SUIUSDT
-106.75112457926167,-5.400429359123087,5.6519545883380715,39,33.33333333333333,0.29970390562582955,1891.9914128175383,-2.737208322545171,0.5,0.618,1.5,300,SUIUSDT
-106.75112457926167,-5.400429359123087,5.6519545883380715,39,33.33333333333333,0.29970390562582955,1891.9914128175383,-2.737208322545171,0.618,0.618,1.5,300,SUIUSDT
-106.75112457926167,-5.400429359123087,5.6519545883380715,39,33.33333333333333,0.29970390562582955,1891.9914128175383,-2.737208322545171,0.618,0.618,1.5,600,SUIUSDT
-106.75112457926167,-5.400429359123087,5.6519545883380715,39,33.33333333333333,0.29970390562582955,1891.9914128175383,-2.737208322545171,0.786,0.618,1.5,300,SUIUSDT
-106.75112457926167,-5.400429359123087,5.6519545883380715,39,33.33333333333333,0.29970390562582955,1891.9914128175383,-2.737208322545171,0.786,0.618,1.5,600,SUIUSDT
-107.32342211826162,-5.430964860833091,5.578610419638073,41,34.146341463414636,0.3052434793146393,1891.3807027833382,-2.61764444190882,0.786,0.382,1.5,300,SUIUSDT
-107.32342211826162,-5.430964860833091,5.578610419638073,41,34.146341463414636,0.3052434793146393,1891.3807027833382,-2.61764444190882,0.786,0.382,1.5,600,SUIUSDT
-107.79664329676166,-5.4606638406980785,5.476566358838068,42,33.33333333333333,0.31335523500960527,1890.7867231860384,-2.566586745160992,0.5,0.5,1.5,300,SUIUSDT
-107.79664329676166,-5.4606638406980785,5.476566358838068,42,33.33333333333333,0.31335523500960527,1890.7867231860384,-2.566586745160992,0.5,0.5,1.5,600,SUIUSDT
-113.17030525426163,-5.729396707873081,5.658515262713081,42,33.33333333333333,0.30298431314559365,1885.4120658425384,-2.69453107748242,0.5,0.382,1.5,300,SUIUSDT
-113.17030525426163,-5.729396707873081,5.658515262713081,42,33.33333333333333,0.30298431314559365,1885.4120658425384,-2.69453107748242,0.5,0.382,1.5,600,SUIUSDT
-13.120605013000143,-0.6829344366899932,0.8563915037331098,19,36.84210526315789,0.4167221312298551,1986.3413112662001,-0.6905581585789549,0.5,0.382,2.5,300,HYPEUSDT
-13.120605013000143,-0.6829344366899932,0.8563915037331098,19,36.84210526315789,0.4167221312298551,1986.3413112662001,-0.6905581585789549,0.5,0.382,2.5,600,HYPEUSDT
-13.120605013000143,-0.6829344366899932,0.8563915037331098,19,36.84210526315789,0.4167221312298551,1986.3413112662001,-0.6905581585789549,0.5,0.5,2.5,300,HYPEUSDT
-13.120605013000143,-0.6829344366899932,0.8563915037331098,19,36.84210526315789,0.4167221312298551,1986.3413112662001,-0.6905581585789549,0.5,0.5,2.5,600,HYPEUSDT
-13.120605013000143,-0.6829344366899932,0.8563915037331098,19,36.84210526315789,0.4167221312298551,1986.3413112662001,-0.6905581585789549,0.5,0.618,2.5,300,HYPEUSDT
-13.120605013000143,-0.6829344366899932,0.8563915037331098,19,36.84210526315789,0.4167221312298551,1986.3413112662001,-0.6905581585789549,0.5,0.618,2.5,600,HYPEUSDT
-13.120605013000143,-0.6829344366899932,0.8563915037331098,19,36.84210526315789,0.4167221312298551,1986.3413112662001,-0.6905581585789549,0.618,0.382,2.5,300,HYPEUSDT
-13.120605013000143,-0.6829344366899932,0.8563915037331098,19,36.84210526315789,0.4167221312298551,1986.3413112662001,-0.6905581585789549,0.618,0.382,2.5,600,HYPEUSDT
-13.120605013000143,-0.6829344366899932,0.8563915037331098,19,36.84210526315789,0.4167221312298551,1986.3413112662001,-0.6905581585789549,0.618,0.5,2.5,300,HYPEUSDT
-13.120605013000143,-0.6829344366899932,0.8563915037331098,19,36.84210526315789,0.4167221312298551,1986.3413112662001,-0.6905581585789549,0.618,0.5,2.5,600,HYPEUSDT
-13.120605013000143,-0.6829344366899932,0.8563915037331098,19,36.84210526315789,0.4167221312298551,1986.3413112662001,-0.6905581585789549,0.618,0.618,2.5,300,HYPEUSDT
-13.120605013000143,-0.6829344366899932,0.8563915037331098,19,36.84210526315789,0.4167221312298551,1986.3413112662001,-0.6905581585789549,0.618,0.618,2.5,600,HYPEUSDT
-14.094190085000047,-0.7317579760499938,0.8568079017991022,19,36.84210526315789,0.3734413049798555,1985.3648404790001,-0.7417994781578973,0.786,0.382,2.5,300,HYPEUSDT
-14.094190085000047,-0.7317579760499938,0.8568079017991022,19,36.84210526315789,0.3734413049798555,1985.3648404790001,-0.7417994781578973,0.786,0.382,2.5,600,HYPEUSDT
-14.094190085000047,-0.7317579760499938,0.8568079017991022,19,36.84210526315789,0.3734413049798555,1985.3648404790001,-0.7417994781578973,0.786,0.5,2.5,300,HYPEUSDT
-14.094190085000047,-0.7317579760499938,0.8568079017991022,19,36.84210526315789,0.3734413049798555,1985.3648404790001,-0.7417994781578973,0.786,0.5,2.5,600,HYPEUSDT
-14.094190085000047,-0.7317579760499938,0.8568079017991022,19,36.84210526315789,0.3734413049798555,1985.3648404790001,-0.7417994781578973,0.786,0.618,2.5,300,HYPEUSDT
-14.094190085000047,-0.7317579760499938,0.8568079017991022,19,36.84210526315789,0.3734413049798555,1985.3648404790001,-0.7417994781578973,0.786,0.618,2.5,600,HYPEUSDT
-15.074956273000181,-0.7793487654899991,0.9539474975623425,18,33.33333333333333,0.3289340781146217,1984.4130246902,-0.8374975707222323,0.5,0.382,2.5,900,HYPEUSDT
-15.074956273000181,-0.7793487654899991,0.9539474975623425,18,33.33333333333333,0.3289340781146217,1984.4130246902,-0.8374975707222323,0.5,0.5,2.5,900,HYPEUSDT
-15.074956273000181,-0.7793487654899991,0.9539474975623425,18,33.33333333333333,0.3289340781146217,1984.4130246902,-0.8374975707222323,0.5,0.618,2.5,900,HYPEUSDT
-15.074956273000181,-0.7793487654899991,0.9539474975623425,18,33.33333333333333,0.3289340781146217,1984.4130246902,-0.8374975707222323,0.618,0.382,2.5,900,HYPEUSDT
-15.074956273000181,-0.7793487654899991,0.9539474975623425,18,33.33333333333333,0.3289340781146217,1984.4130246902,-0.8374975707222323,0.618,0.5,2.5,900,HYPEUSDT
-15.074956273000181,-0.7793487654899991,0.9539474975623425,18,33.33333333333333,0.3289340781146217,1984.4130246902,-0.8374975707222323,0.618,0.618,2.5,900,HYPEUSDT
-15.937768513000181,-0.8297900999700233,1.0465696124922321,19,36.84210526315789,0.42054767079741523,1983.4041980005995,-0.8388299217368517,0.5,0.382,2.0,300,HYPEUSDT
-15.937768513000181,-0.8297900999700233,1.0465696124922321,19,36.84210526315789,0.42054767079741523,1983.4041980005995,-0.8388299217368517,0.5,0.382,2.0,600,HYPEUSDT
-15.937768513000181,-0.8297900999700233,1.0465696124922321,19,36.84210526315789,0.42054767079741523,1983.4041980005995,-0.8388299217368517,0.5,0.5,2.0,300,HYPEUSDT
-15.937768513000181,-0.8297900999700233,1.0465696124922321,19,36.84210526315789,0.42054767079741523,1983.4041980005995,-0.8388299217368517,0.5,0.5,2.0,600,HYPEUSDT
-15.937768513000181,-0.8297900999700233,1.0465696124922321,19,36.84210526315789,0.42054767079741523,1983.4041980005995,-0.8388299217368517,0.5,0.618,2.0,600,HYPEUSDT
-15.937768513000181,-0.8297900999700233,1.0465696124922321,19,36.84210526315789,0.42054767079741523,1983.4041980005995,-0.8388299217368517,0.5,0.618,2.0,300,HYPEUSDT
-15.937768513000181,-0.8297900999700233,1.0465696124922321,19,36.84210526315789,0.42054767079741523,1983.4041980005995,-0.8388299217368517,0.618,0.382,2.0,300,HYPEUSDT
-15.937768513000181,-0.8297900999700233,1.0465696124922321,19,36.84210526315789,0.42054767079741523,1983.4041980005995,-0.8388299217368517,0.618,0.382,2.0,600,HYPEUSDT
-15.937768513000181,-0.8297900999700233,1.0465696124922321,19,36.84210526315789,0.42054767079741523,1983.4041980005995,-0.8388299217368517,0.618,0.5,2.0,300,HYPEUSDT
-15.937768513000181,-0.8297900999700233,1.0465696124922321,19,36.84210526315789,0.42054767079741523,1983.4041980005995,-0.8388299217368517,0.618,0.5,2.0,600,HYPEUSDT
-15.937768513000181,-0.8297900999700233,1.0465696124922321,19,36.84210526315789,0.42054767079741523,1983.4041980005995,-0.8388299217368517,0.618,0.618,2.0,300,HYPEUSDT
-15.937768513000181,-0.8297900999700233,1.0465696124922321,19,36.84210526315789,0.42054767079741523,1983.4041980005995,-0.8388299217368517,0.618,0.618,2.0,600,HYPEUSDT
-16.048541345000086,-0.8281723048499998,0.9544113296897182,18,33.33333333333333,0.28559466458374366,1983.436553903,-0.8915856302777825,0.786,0.382,2.5,900,HYPEUSDT
-16.048541345000086,-0.8281723048499998,0.9544113296897182,18,33.33333333333333,0.28559466458374366,1983.436553903,-0.8915856302777825,0.786,0.5,2.5,900,HYPEUSDT
-16.048541345000086,-0.8281723048499998,0.9544113296897182,18,33.33333333333333,0.28559466458374366,1983.436553903,-0.8915856302777825,0.786,0.618,2.5,900,HYPEUSDT
-17.12788231500006,-0.8895099426300248,1.0471914660000643,19,36.84210526315789,0.37727848828780186,1982.2098011473995,-0.9014674902631611,0.786,0.382,2.0,300,HYPEUSDT
-17.12788231500006,-0.8895099426300248,1.0471914660000643,19,36.84210526315789,0.37727848828780186,1982.2098011473995,-0.9014674902631611,0.786,0.382,2.0,600,HYPEUSDT
-17.12788231500006,-0.8895099426300248,1.0471914660000643,19,36.84210526315789,0.37727848828780186,1982.2098011473995,-0.9014674902631611,0.786,0.5,2.0,300,HYPEUSDT
-17.12788231500006,-0.8895099426300248,1.0471914660000643,19,36.84210526315789,0.37727848828780186,1982.2098011473995,-0.9014674902631611,0.786,0.5,2.0,600,HYPEUSDT
-17.12788231500006,-0.8895099426300248,1.0471914660000643,19,36.84210526315789,0.37727848828780186,1982.2098011473995,-0.9014674902631611,0.786,0.618,2.0,300,HYPEUSDT
-17.12788231500006,-0.8895099426300248,1.0471914660000643,19,36.84210526315789,0.37727848828780186,1982.2098011473995,-0.9014674902631611,0.786,0.618,2.0,600,HYPEUSDT
-18.372014681500225,-0.9500096221350076,1.1680309327389975,18,33.33333333333333,0.33120150545279065,1980.9998075572998,-1.0206674823055681,0.5,0.382,2.0,900,HYPEUSDT
-18.372014681500225,-0.9500096221350076,1.1680309327389975,18,33.33333333333333,0.33120150545279065,1980.9998075572998,-1.0206674823055681,0.5,0.5,2.0,900,HYPEUSDT
-18.372014681500225,-0.9500096221350076,1.1680309327389975,18,33.33333333333333,0.33120150545279065,1980.9998075572998,-1.0206674823055681,0.5,0.618,2.0,900,HYPEUSDT
-18.372014681500225,-0.9500096221350076,1.1680309327389975,18,33.33333333333333,0.33120150545279065,1980.9998075572998,-1.0206674823055681,0.618,0.382,2.0,900,HYPEUSDT
-18.372014681500225,-0.9500096221350076,1.1680309327389975,18,33.33333333333333,0.33120150545279065,1980.9998075572998,-1.0206674823055681,0.618,0.5,2.0,900,HYPEUSDT
-18.372014681500225,-0.9500096221350076,1.1680309327389975,18,33.33333333333333,0.33120150545279065,1980.9998075572998,-1.0206674823055681,0.618,0.618,2.0,900,HYPEUSDT
-19.562128483500103,-1.0097294647950092,1.168724956456207,18,33.33333333333333,0.28787766030483,1979.8054107040998,-1.0867849157500058,0.786,0.382,2.0,900,HYPEUSDT
-19.562128483500103,-1.0097294647950092,1.168724956456207,18,33.33333333333333,0.28787766030483,1979.8054107040998,-1.0867849157500058,0.786,0.5,2.0,900,HYPEUSDT
-19.562128483500103,-1.0097294647950092,1.168724956456207,18,33.33333333333333,0.28787766030483,1979.8054107040998,-1.0867849157500058,0.786,0.618,2.0,900,HYPEUSDT
-29.297176387049902,-1.5072477240925082,1.7949015900317777,19,36.84210526315789,0.3403536885873062,1969.8550455181498,-1.5419566519499948,0.5,0.382,1.5,600,HYPEUSDT
-29.297176387049902,-1.5072477240925082,1.7949015900317777,19,36.84210526315789,0.3403536885873062,1969.8550455181498,-1.5419566519499948,0.5,0.382,1.5,300,HYPEUSDT
-29.297176387049902,-1.5072477240925082,1.7949015900317777,19,36.84210526315789,0.3403536885873062,1969.8550455181498,-1.5419566519499948,0.5,0.5,1.5,300,HYPEUSDT
-29.297176387049902,-1.5072477240925082,1.7949015900317777,19,36.84210526315789,0.3403536885873062,1969.8550455181498,-1.5419566519499948,0.5,0.5,1.5,600,HYPEUSDT
-29.297176387049902,-1.5072477240925082,1.7949015900317777,19,36.84210526315789,0.3403536885873062,1969.8550455181498,-1.5419566519499948,0.5,0.618,1.5,300,HYPEUSDT
-29.297176387049902,-1.5072477240925082,1.7949015900317777,19,36.84210526315789,0.3403536885873062,1969.8550455181498,-1.5419566519499948,0.5,0.618,1.5,600,HYPEUSDT
-29.297176387049902,-1.5072477240925082,1.7949015900317777,19,36.84210526315789,0.3403536885873062,1969.8550455181498,-1.5419566519499948,0.618,0.382,1.5,300,HYPEUSDT
-29.297176387049902,-1.5072477240925082,1.7949015900317777,19,36.84210526315789,0.3403536885873062,1969.8550455181498,-1.5419566519499948,0.618,0.382,1.5,600,HYPEUSDT
-29.297176387049902,-1.5072477240925082,1.7949015900317777,19,36.84210526315789,0.3403536885873062,1969.8550455181498,-1.5419566519499948,0.618,0.5,1.5,300,HYPEUSDT
-29.297176387049902,-1.5072477240925082,1.7949015900317777,19,36.84210526315789,0.3403536885873062,1969.8550455181498,-1.5419566519499948,0.618,0.5,1.5,600,HYPEUSDT
-29.297176387049902,-1.5072477240925082,1.7949015900317777,19,36.84210526315789,0.3403536885873062,1969.8550455181498,-1.5419566519499948,0.618,0.618,1.5,300,HYPEUSDT
-29.297176387049902,-1.5072477240925082,1.7949015900317777,19,36.84210526315789,0.3403536885873062,1969.8550455181498,-1.5419566519499948,0.618,0.618,1.5,600,HYPEUSDT
-30.829697819049738,-1.584227500652503,1.7962742339742634,19,36.84210526315789,0.30584790221307917,1968.31544998695,-1.6226156746868283,0.786,0.382,1.5,300,HYPEUSDT
-30.829697819049738,-1.584227500652503,1.7962742339742634,19,36.84210526315789,0.30584790221307917,1968.31544998695,-1.6226156746868283,0.786,0.382,1.5,600,HYPEUSDT
-30.829697819049738,-1.584227500652503,1.7962742339742634,19,36.84210526315789,0.30584790221307917,1968.31544998695,-1.6226156746868283,0.786,0.5,1.5,300,HYPEUSDT
-30.829697819049738,-1.584227500652503,1.7962742339742634,19,36.84210526315789,0.30584790221307917,1968.31544998695,-1.6226156746868283,0.786,0.5,1.5,600,HYPEUSDT
-30.829697819049738,-1.584227500652503,1.7962742339742634,19,36.84210526315789,0.30584790221307917,1968.31544998695,-1.6226156746868283,0.786,0.618,1.5,300,HYPEUSDT
-30.829697819049738,-1.584227500652503,1.7962742339742634,19,36.84210526315789,0.30584790221307917,1968.31544998695,-1.6226156746868283,0.786,0.618,1.5,600,HYPEUSDT
-32.52429077754995,-1.6668884969575175,1.9558153047560243,18,33.33333333333333,0.2670403002322155,1966.6622300608497,-1.8069050431972196,0.5,0.382,1.5,900,HYPEUSDT
-32.52429077754995,-1.6668884969575175,1.9558153047560243,18,33.33333333333333,0.2670403002322155,1966.6622300608497,-1.8069050431972196,0.5,0.5,1.5,900,HYPEUSDT
-32.52429077754995,-1.6668884969575175,1.9558153047560243,18,33.33333333333333,0.2670403002322155,1966.6622300608497,-1.8069050431972196,0.5,0.618,1.5,900,HYPEUSDT
-32.52429077754995,-1.6668884969575175,1.9558153047560243,18,33.33333333333333,0.2670403002322155,1966.6622300608497,-1.8069050431972196,0.618,0.382,1.5,900,HYPEUSDT
-32.52429077754995,-1.6668884969575175,1.9558153047560243,18,33.33333333333333,0.2670403002322155,1966.6622300608497,-1.8069050431972196,0.618,0.5,1.5,900,HYPEUSDT
-32.52429077754995,-1.6668884969575175,1.9558153047560243,18,33.33333333333333,0.2670403002322155,1966.6622300608497,-1.8069050431972196,0.618,0.618,1.5,900,HYPEUSDT
-34.05681220954978,-1.743868273517512,1.957311006829945,18,33.33333333333333,0.23250376086940658,1965.1226345296498,-1.8920451227527657,0.786,0.382,1.5,900,HYPEUSDT
-34.05681220954978,-1.743868273517512,1.957311006829945,18,33.33333333333333,0.23250376086940658,1965.1226345296498,-1.8920451227527657,0.786,0.5,1.5,900,HYPEUSDT
-34.05681220954978,-1.743868273517512,1.957311006829945,18,33.33333333333333,0.23250376086940658,1965.1226345296498,-1.8920451227527657,0.786,0.618,1.5,900,HYPEUSDT
4.7984297029999965,0.18177817287000833,1.2724680614364683,30,56.666666666666664,1.0975889018387017,2003.6355634574002,0.15994765676666656,0.5,0.382,1.5,300,IMXUSDT
4.7984297029999965,0.18177817287000833,1.2724680614364683,30,56.666666666666664,1.0975889018387017,2003.6355634574002,0.15994765676666656,0.5,0.382,1.5,600,IMXUSDT
4.7984297029999965,0.18177817287000833,1.2724680614364683,30,56.666666666666664,1.0975889018387017,2003.6355634574002,0.15994765676666656,0.5,0.5,1.5,300,IMXUSDT
4.7984297029999965,0.18177817287000833,1.2724680614364683,30,56.666666666666664,1.0975889018387017,2003.6355634574002,0.15994765676666656,0.5,0.5,1.5,600,IMXUSDT
4.7984297029999965,0.18177817287000833,1.2724680614364683,30,56.666666666666664,1.0975889018387017,2003.6355634574002,0.15994765676666656,0.5,0.618,1.5,300,IMXUSDT
4.7984297029999965,0.18177817287000833,1.2724680614364683,30,56.666666666666664,1.0975889018387017,2003.6355634574002,0.15994765676666656,0.5,0.618,1.5,600,IMXUSDT
4.7984297029999965,0.18177817287000833,1.2724680614364683,30,56.666666666666664,1.0975889018387017,2003.6355634574002,0.15994765676666656,0.618,0.382,1.5,300,IMXUSDT
4.7984297029999965,0.18177817287000833,1.2724680614364683,30,56.666666666666664,1.0975889018387017,2003.6355634574002,0.15994765676666656,0.618,0.382,1.5,600,IMXUSDT
4.7984297029999965,0.18177817287000833,1.2724680614364683,30,56.666666666666664,1.0975889018387017,2003.6355634574002,0.15994765676666656,0.618,0.5,1.5,300,IMXUSDT
4.7984297029999965,0.18177817287000833,1.2724680614364683,30,56.666666666666664,1.0975889018387017,2003.6355634574002,0.15994765676666656,0.618,0.5,1.5,600,IMXUSDT
4.7984297029999965,0.18177817287000833,1.2724680614364683,30,56.666666666666664,1.0975889018387017,2003.6355634574002,0.15994765676666656,0.618,0.618,1.5,300,IMXUSDT
4.7984297029999965,0.18177817287000833,1.2724680614364683,30,56.666666666666664,1.0975889018387017,2003.6355634574002,0.15994765676666656,0.618,0.618,1.5,600,IMXUSDT
4.005062684000073,0.14241617687998767,1.2729663037406589,30,56.666666666666664,1.081453661576488,2002.8483235375998,0.1335020894666691,0.786,0.382,1.5,300,IMXUSDT
4.005062684000073,0.14241617687998767,1.2729663037406589,30,56.666666666666664,1.081453661576488,2002.8483235375998,0.1335020894666691,0.786,0.382,1.5,600,IMXUSDT
4.005062684000073,0.14241617687998767,1.2729663037406589,30,56.666666666666664,1.081453661576488,2002.8483235375998,0.1335020894666691,0.786,0.5,1.5,300,IMXUSDT
4.005062684000073,0.14241617687998767,1.2729663037406589,30,56.666666666666664,1.081453661576488,2002.8483235375998,0.1335020894666691,0.786,0.5,1.5,600,IMXUSDT
4.005062684000073,0.14241617687998767,1.2729663037406589,30,56.666666666666664,1.081453661576488,2002.8483235375998,0.1335020894666691,0.786,0.618,1.5,300,IMXUSDT
4.005062684000073,0.14241617687998767,1.2729663037406589,30,56.666666666666664,1.081453661576488,2002.8483235375998,0.1335020894666691,0.786,0.618,1.5,600,IMXUSDT
3.5729830045,0.1336925803850022,0.9863396029766398,30,56.666666666666664,1.094171524599352,2002.6738516077,0.11909943348333334,0.5,0.382,2.0,300,IMXUSDT
3.5729830045,0.1336925803850022,0.9863396029766398,30,56.666666666666664,1.094171524599352,2002.6738516077,0.11909943348333334,0.5,0.382,2.0,600,IMXUSDT
3.5729830045,0.1336925803850022,0.9863396029766398,30,56.666666666666664,1.094171524599352,2002.6738516077,0.11909943348333334,0.5,0.5,2.0,600,IMXUSDT
3.5729830045,0.1336925803850022,0.9863396029766398,30,56.666666666666664,1.094171524599352,2002.6738516077,0.11909943348333334,0.5,0.5,2.0,300,IMXUSDT
3.5729830045,0.1336925803850022,0.9863396029766398,30,56.666666666666664,1.094171524599352,2002.6738516077,0.11909943348333334,0.5,0.618,2.0,300,IMXUSDT
3.5729830045,0.1336925803850022,0.9863396029766398,30,56.666666666666664,1.094171524599352,2002.6738516077,0.11909943348333334,0.5,0.618,2.0,600,IMXUSDT
3.5729830045,0.1336925803850022,0.9863396029766398,30,56.666666666666664,1.094171524599352,2002.6738516077,0.11909943348333334,0.618,0.382,2.0,300,IMXUSDT
3.5729830045,0.1336925803850022,0.9863396029766398,30,56.666666666666664,1.094171524599352,2002.6738516077,0.11909943348333334,0.618,0.382,2.0,600,IMXUSDT
3.5729830045,0.1336925803850022,0.9863396029766398,30,56.666666666666664,1.094171524599352,2002.6738516077,0.11909943348333334,0.618,0.5,2.0,300,IMXUSDT
3.5729830045,0.1336925803850022,0.9863396029766398,30,56.666666666666664,1.094171524599352,2002.6738516077,0.11909943348333334,0.618,0.5,2.0,600,IMXUSDT
3.5729830045,0.1336925803850022,0.9863396029766398,30,56.666666666666664,1.094171524599352,2002.6738516077,0.11909943348333334,0.618,0.618,2.0,300,IMXUSDT
3.5729830045,0.1336925803850022,0.9863396029766398,30,56.666666666666664,1.094171524599352,2002.6738516077,0.11909943348333334,0.618,0.618,2.0,600,IMXUSDT
3.0054299245000524,0.10551701460501589,0.9866167257888728,30,56.666666666666664,1.0792127803883276,2002.1103402921003,0.10018099748333507,0.786,0.382,2.0,300,IMXUSDT
3.0054299245000524,0.10551701460501589,0.9866167257888728,30,56.666666666666664,1.0792127803883276,2002.1103402921003,0.10018099748333507,0.786,0.382,2.0,600,IMXUSDT
3.0054299245000524,0.10551701460501589,0.9866167257888728,30,56.666666666666664,1.0792127803883276,2002.1103402921003,0.10018099748333507,0.786,0.5,2.0,300,IMXUSDT
3.0054299245000524,0.10551701460501589,0.9866167257888728,30,56.666666666666664,1.0792127803883276,2002.1103402921003,0.10018099748333507,0.786,0.5,2.0,600,IMXUSDT
3.0054299245000524,0.10551701460501589,0.9866167257888728,30,56.666666666666664,1.0792127803883276,2002.1103402921003,0.10018099748333507,0.786,0.618,2.0,300,IMXUSDT
3.0054299245000524,0.10551701460501589,0.9866167257888728,30,56.666666666666664,1.0792127803883276,2002.1103402921003,0.10018099748333507,0.786,0.618,2.0,600,IMXUSDT
2.8383128649999936,0.1052477072300576,0.8057691638230822,30,56.666666666666664,1.091836147233022,2002.1049541446012,0.09461042883333312,0.5,0.382,2.5,300,IMXUSDT
2.8383128649999936,0.1052477072300576,0.8057691638230822,30,56.666666666666664,1.091836147233022,2002.1049541446012,0.09461042883333312,0.5,0.382,2.5,600,IMXUSDT
2.8383128649999936,0.1052477072300576,0.8057691638230822,30,56.666666666666664,1.091836147233022,2002.1049541446012,0.09461042883333312,0.5,0.5,2.5,300,IMXUSDT
2.8383128649999936,0.1052477072300576,0.8057691638230822,30,56.666666666666664,1.091836147233022,2002.1049541446012,0.09461042883333312,0.5,0.5,2.5,600,IMXUSDT
2.8383128649999936,0.1052477072300576,0.8057691638230822,30,56.666666666666664,1.091836147233022,2002.1049541446012,0.09461042883333312,0.5,0.618,2.5,300,IMXUSDT
2.8383128649999936,0.1052477072300576,0.8057691638230822,30,56.666666666666664,1.091836147233022,2002.1049541446012,0.09461042883333312,0.5,0.618,2.5,600,IMXUSDT
2.8383128649999936,0.1052477072300576,0.8057691638230822,30,56.666666666666664,1.091836147233022,2002.1049541446012,0.09461042883333312,0.618,0.382,2.5,600,IMXUSDT
2.8383128649999936,0.1052477072300576,0.8057691638230822,30,56.666666666666664,1.091836147233022,2002.1049541446012,0.09461042883333312,0.618,0.382,2.5,300,IMXUSDT
2.8383128649999936,0.1052477072300576,0.8057691638230822,30,56.666666666666664,1.091836147233022,2002.1049541446012,0.09461042883333312,0.618,0.5,2.5,300,IMXUSDT
2.8383128649999936,0.1052477072300576,0.8057691638230822,30,56.666666666666664,1.091836147233022,2002.1049541446012,0.09461042883333312,0.618,0.5,2.5,600,IMXUSDT
2.8383128649999936,0.1052477072300576,0.8057691638230822,30,56.666666666666664,1.091836147233022,2002.1049541446012,0.09461042883333312,0.618,0.618,2.5,300,IMXUSDT
2.8383128649999936,0.1052477072300576,0.8057691638230822,30,56.666666666666664,1.091836147233022,2002.1049541446012,0.09461042883333312,0.618,0.618,2.5,600,IMXUSDT
2.4057961715000378,0.08376442699504878,0.8059420142559852,30,56.666666666666664,1.0778416833968438,2001.675288539901,0.08019320571666792,0.786,0.382,2.5,300,IMXUSDT
2.4057961715000378,0.08376442699504878,0.8059420142559852,30,56.666666666666664,1.0778416833968438,2001.675288539901,0.08019320571666792,0.786,0.382,2.5,600,IMXUSDT
2.4057961715000378,0.08376442699504878,0.8059420142559852,30,56.666666666666664,1.0778416833968438,2001.675288539901,0.08019320571666792,0.786,0.5,2.5,300,IMXUSDT
2.4057961715000378,0.08376442699504878,0.8059420142559852,30,56.666666666666664,1.0778416833968438,2001.675288539901,0.08019320571666792,0.786,0.5,2.5,600,IMXUSDT
2.4057961715000378,0.08376442699504878,0.8059420142559852,30,56.666666666666664,1.0778416833968438,2001.675288539901,0.08019320571666792,0.786,0.618,2.5,600,IMXUSDT
2.4057961715000378,0.08376442699504878,0.8059420142559852,30,56.666666666666664,1.0778416833968438,2001.675288539901,0.08019320571666792,0.786,0.618,2.5,300,IMXUSDT
2.375479340500088,0.059480171645009246,1.4407982973618474,31,58.06451612903226,1.0438226997599729,2001.1896034329002,0.07662836582258349,0.5,0.382,1.5,900,IMXUSDT
2.375479340500088,0.059480171645009246,1.4407982973618474,31,58.06451612903226,1.0438226997599729,2001.1896034329002,0.07662836582258349,0.5,0.5,1.5,900,IMXUSDT
2.375479340500088,0.059480171645009246,1.4407982973618474,31,58.06451612903226,1.0438226997599729,2001.1896034329002,0.07662836582258349,0.5,0.618,1.5,900,IMXUSDT
2.375479340500088,0.059480171645009246,1.4407982973618474,31,58.06451612903226,1.0438226997599729,2001.1896034329002,0.07662836582258349,0.618,0.382,1.5,900,IMXUSDT
2.375479340500088,0.059480171645009246,1.4407982973618474,31,58.06451612903226,1.0438226997599729,2001.1896034329002,0.07662836582258349,0.618,0.5,1.5,900,IMXUSDT
2.375479340500088,0.059480171645009246,1.4407982973618474,31,58.06451612903226,1.0438226997599729,2001.1896034329002,0.07662836582258349,0.618,0.618,1.5,900,IMXUSDT
1.7213662050000722,0.04044198366999581,1.1066550514060338,31,58.06451612903226,1.0412771924539383,2000.8088396734,0.05552794209677652,0.5,0.382,2.0,900,IMXUSDT
1.7213662050000722,0.04044198366999581,1.1066550514060338,31,58.06451612903226,1.0412771924539383,2000.8088396734,0.05552794209677652,0.5,0.5,2.0,900,IMXUSDT
1.7213662050000722,0.04044198366999581,1.1066550514060338,31,58.06451612903226,1.0412771924539383,2000.8088396734,0.05552794209677652,0.5,0.618,2.0,900,IMXUSDT
1.7213662050000722,0.04044198366999581,1.1066550514060338,31,58.06451612903226,1.0412771924539383,2000.8088396734,0.05552794209677652,0.618,0.382,2.0,900,IMXUSDT
1.7213662050000722,0.04044198366999581,1.1066550514060338,31,58.06451612903226,1.0412771924539383,2000.8088396734,0.05552794209677652,0.618,0.5,2.0,900,IMXUSDT
1.7213662050000722,0.04044198366999581,1.1066550514060338,31,58.06451612903226,1.0412771924539383,2000.8088396734,0.05552794209677652,0.618,0.618,2.0,900,IMXUSDT
1.5821123215001647,0.02011817565498859,1.4413616251344388,31,58.06451612903226,1.0291867127908,2000.4023635130998,0.05103588133871499,0.786,0.382,1.5,900,IMXUSDT
1.5821123215001647,0.02011817565498859,1.4413616251344388,31,58.06451612903226,1.0291867127908,2000.4023635130998,0.05103588133871499,0.786,0.5,1.5,900,IMXUSDT
1.5821123215001647,0.02011817565498859,1.4413616251344388,31,58.06451612903226,1.0291867127908,2000.4023635130998,0.05103588133871499,0.786,0.618,1.5,900,IMXUSDT
1.3384207145000633,0.0298201875650534,0.8988552145920625,31,58.06451612903226,1.03947366914324,2000.596403751301,0.043174861758066556,0.5,0.382,2.5,900,IMXUSDT
1.3384207145000633,0.0298201875650534,0.8988552145920625,31,58.06451612903226,1.03947366914324,2000.596403751301,0.043174861758066556,0.5,0.5,2.5,900,IMXUSDT
1.3384207145000633,0.0298201875650534,0.8988552145920625,31,58.06451612903226,1.03947366914324,2000.596403751301,0.043174861758066556,0.5,0.618,2.5,900,IMXUSDT
1.3384207145000633,0.0298201875650534,0.8988552145920625,31,58.06451612903226,1.03947366914324,2000.596403751301,0.043174861758066556,0.618,0.382,2.5,900,IMXUSDT
1.3384207145000633,0.0298201875650534,0.8988552145920625,31,58.06451612903226,1.03947366914324,2000.596403751301,0.043174861758066556,0.618,0.5,2.5,900,IMXUSDT
1.3384207145000633,0.0298201875650534,0.8988552145920625,31,58.06451612903226,1.03947366914324,2000.596403751301,0.043174861758066556,0.618,0.618,2.5,900,IMXUSDT
1.1538131250001258,0.012266417890009507,1.1069656411322841,31,58.06451612903226,1.0276676550743065,2000.2453283578002,0.03721977822581051,0.786,0.382,2.0,900,IMXUSDT
1.1538131250001258,0.012266417890009507,1.1069656411322841,31,58.06451612903226,1.0276676550743065,2000.2453283578002,0.03721977822581051,0.786,0.5,2.0,900,IMXUSDT
1.1538131250001258,0.012266417890009507,1.1069656411322841,31,58.06451612903226,1.0276676550743065,2000.2453283578002,0.03721977822581051,0.786,0.618,2.0,900,IMXUSDT
0.9059040210000986,0.008336907330044597,0.899047867704417,31,58.06451612903226,1.0267175748350892,2000.166738146601,0.02922271035484189,0.786,0.382,2.5,900,IMXUSDT
0.9059040210000986,0.008336907330044597,0.899047867704417,31,58.06451612903226,1.0267175748350892,2000.166738146601,0.02922271035484189,0.786,0.5,2.5,900,IMXUSDT
0.9059040210000986,0.008336907330044597,0.899047867704417,31,58.06451612903226,1.0267175748350892,2000.166738146601,0.02922271035484189,0.786,0.618,2.5,900,IMXUSDT
-101.11478992128004,-5.077236802823984,6.0131323651074435,29,37.93103448275862,0.2536631643408219,1898.4552639435203,-3.486716893837243,0.5,0.382,2.5,900,PORTALUSDT
-102.09185004128004,-5.1259178994239845,6.016041746068361,29,37.93103448275862,0.2464514007721364,1897.4816420115203,-3.520408622113105,0.618,0.382,2.5,900,PORTALUSDT
-104.37651197563008,-5.238317234701492,6.17457395060029,27,33.33333333333333,0.22958811736956725,1895.2336553059702,-3.865796739838151,0.5,0.382,2.5,300,PORTALUSDT
-104.37651197563008,-5.238317234701492,6.17457395060029,27,33.33333333333333,0.22958811736956725,1895.2336553059702,-3.865796739838151,0.5,0.382,2.5,600,PORTALUSDT
-104.58857490528004,-5.250314854943985,6.023489020373937,28,35.714285714285715,0.22802286290977175,1894.9937029011203,-3.7353062466171445,0.5,0.5,2.5,900,PORTALUSDT
-104.58857490528004,-5.250314854943985,6.023489020373937,28,35.714285714285715,0.22802286290977175,1894.9937029011203,-3.7353062466171445,0.5,0.618,2.5,900,PORTALUSDT
-104.58857490528004,-5.250314854943985,6.023489020373937,28,35.714285714285715,0.22802286290977175,1894.9937029011203,-3.7353062466171445,0.618,0.5,2.5,900,PORTALUSDT
-104.58857490528004,-5.250314854943985,6.023489020373937,28,35.714285714285715,0.22802286290977175,1894.9937029011203,-3.7353062466171445,0.618,0.618,2.5,900,PORTALUSDT
-105.16291743928006,-5.278416826703994,6.134934192092175,28,35.714285714285715,0.22378359198072403,1894.43166346592,-3.755818479974288,0.786,0.382,2.5,900,PORTALUSDT
-105.35357209563008,-5.2869983313014925,6.177561443108836,27,33.33333333333333,0.2223763538008817,1894.2600333739701,-3.9019841516900033,0.618,0.382,2.5,300,PORTALUSDT
-105.35357209563008,-5.2869983313014925,6.177561443108836,27,33.33333333333333,0.2223763538008817,1894.2600333739701,-3.9019841516900033,0.618,0.382,2.5,600,PORTALUSDT
-106.55240549988008,-5.346663513893998,6.2037656443831946,27,33.33333333333333,0.21352766282197516,1893.06672972212,-3.9463853888844476,0.786,0.382,2.5,300,PORTALUSDT
-106.55240549988008,-5.346663513893998,6.2037656443831946,27,33.33333333333333,0.21352766282197516,1893.06672972212,-3.9463853888844476,0.786,0.382,2.5,600,PORTALUSDT
-106.94568309528006,-5.367241439783993,6.140356947181251,27,33.33333333333333,0.21062484755316052,1892.6551712043201,-3.9609512257511135,0.786,0.5,2.5,900,PORTALUSDT
-106.94568309528006,-5.367241439783993,6.140356947181251,27,33.33333333333333,0.21062484755316052,1892.6551712043201,-3.9609512257511135,0.786,0.618,2.5,900,PORTALUSDT
-107.85029695963009,-5.411395286821493,6.185208663083073,26,30.76923076923077,0.20394781593851702,1891.7720942635701,-4.148088344601157,0.5,0.5,2.5,300,PORTALUSDT
-107.85029695963009,-5.411395286821493,6.185208663083073,26,30.76923076923077,0.20394781593851702,1891.7720942635701,-4.148088344601157,0.5,0.5,2.5,600,PORTALUSDT
-107.85029695963009,-5.411395286821493,6.185208663083073,26,30.76923076923077,0.20394781593851702,1891.7720942635701,-4.148088344601157,0.5,0.618,2.5,300,PORTALUSDT
-107.85029695963009,-5.411395286821493,6.185208663083073,26,30.76923076923077,0.20394781593851702,1891.7720942635701,-4.148088344601157,0.5,0.618,2.5,600,PORTALUSDT
-107.85029695963009,-5.411395286821493,6.185208663083073,26,30.76923076923077,0.20394781593851702,1891.7720942635701,-4.148088344601157,0.618,0.5,2.5,300,PORTALUSDT
-107.85029695963009,-5.411395286821493,6.185208663083073,26,30.76923076923077,0.20394781593851702,1891.7720942635701,-4.148088344601157,0.618,0.5,2.5,600,PORTALUSDT
-107.85029695963009,-5.411395286821493,6.185208663083073,26,30.76923076923077,0.20394781593851702,1891.7720942635701,-4.148088344601157,0.618,0.618,2.5,300,PORTALUSDT
-107.85029695963009,-5.411395286821493,6.185208663083073,26,30.76923076923077,0.20394781593851702,1891.7720942635701,-4.148088344601157,0.618,0.618,2.5,600,PORTALUSDT
-108.33517115588008,-5.435488126973996,6.209249240566326,26,30.76923076923077,0.2003689183944116,1891.29023746052,-4.166737352149234,0.786,0.5,2.5,300,PORTALUSDT
-108.33517115588008,-5.435488126973996,6.209249240566326,26,30.76923076923077,0.2003689183944116,1891.29023746052,-4.166737352149234,0.786,0.5,2.5,600,PORTALUSDT
-108.33517115588008,-5.435488126973996,6.209249240566326,26,30.76923076923077,0.2003689183944116,1891.29023746052,-4.166737352149234,0.786,0.618,2.5,300,PORTALUSDT
-108.33517115588008,-5.435488126973996,6.209249240566326,26,30.76923076923077,0.2003689183944116,1891.29023746052,-4.166737352149234,0.786,0.618,2.5,600,PORTALUSDT
-108.88490698149228,-5.478905185274573,6.970489246909427,29,37.93103448275862,0.3372049972355729,1890.4218962945085,-3.754651964879044,0.5,0.382,1.5,900,PORTALUSDT
-110.56466305349228,-5.562597443234585,6.9762538747204035,29,37.93103448275862,0.32698012804801835,1888.7480511353083,-3.812574588051458,0.618,0.382,1.5,900,PORTALUSDT
-113.67638356549229,-5.717635975394581,6.986957983296628,28,35.714285714285715,0.3080387259517321,1885.6472804921084,-4.059870841624725,0.5,0.5,1.5,900,PORTALUSDT
-113.67638356549229,-5.717635975394581,6.986957983296628,28,35.714285714285715,0.3080387259517321,1885.6472804921084,-4.059870841624725,0.5,0.618,1.5,900,PORTALUSDT
-113.67638356549229,-5.717635975394581,6.986957983296628,28,35.714285714285715,0.3080387259517321,1885.6472804921084,-4.059870841624725,0.618,0.5,1.5,900,PORTALUSDT
-113.67638356549229,-5.717635975394581,6.986957983296628,28,35.714285714285715,0.3080387259517321,1885.6472804921084,-4.059870841624725,0.618,0.618,1.5,900,PORTALUSDT
-114.32110913049236,-5.747372502644578,7.237912011469548,27,33.33333333333333,0.3041142069850295,1885.0525499471084,-4.2341151529811984,0.5,0.382,1.5,300,PORTALUSDT
-114.32110913049236,-5.747372502644578,7.237912011469548,27,33.33333333333333,0.3041142069850295,1885.0525499471084,-4.2341151529811984,0.5,0.382,1.5,600,PORTALUSDT
-115.81254784734232,-5.823173192227091,7.187286131472363,28,35.714285714285715,0.29503564728505594,1883.5365361554582,-4.1361624231193685,0.786,0.382,1.5,900,PORTALUSDT
-116.00086520249236,-5.8310647606045904,7.243897799180679,27,33.33333333333333,0.2938893377974749,1883.3787047879082,-4.296328340833051,0.618,0.382,1.5,300,PORTALUSDT
-116.00086520249236,-5.8310647606045904,7.243897799180679,27,33.33333333333333,0.2938893377974749,1883.3787047879082,-4.296328340833051,0.618,0.382,1.5,600,PORTALUSDT
-116.25802948425623,-5.83942590069281,6.980882428759072,29,37.93103448275862,0.26718801743599224,1883.2114819861438,-4.008897568422628,0.5,0.382,2.0,900,PORTALUSDT
-117.51503072425622,-5.902054798892811,6.985218201235973,29,37.93103448275862,0.25926473183708604,1881.9589040221438,-4.052242438767456,0.618,0.382,2.0,900,PORTALUSDT
-117.88826751134232,-5.926593961747085,7.194642462784475,27,33.33333333333333,0.28240050198734346,1881.4681207650583,-4.366232130049716,0.786,0.5,1.5,900,PORTALUSDT
-117.88826751134232,-5.926593961747085,7.194642462784475,27,33.33333333333333,0.28240050198734346,1881.4681207650583,-4.366232130049716,0.786,0.618,1.5,900,PORTALUSDT
-118.12837383674236,-5.936918287537094,7.301360819040166,27,33.33333333333333,0.28093894705728956,1881.2616342492581,-4.375124956916384,0.786,0.382,1.5,300,PORTALUSDT
-118.12837383674236,-5.936918287537094,7.301360819040166,27,33.33333333333333,0.28093894705728956,1881.2616342492581,-4.375124956916384,0.786,0.382,1.5,600,PORTALUSDT
-119.11258571449237,-5.986103292764585,7.2550125707973585,26,30.76923076923077,0.27494793570118864,1880.2779341447083,-4.581253296711245,0.5,0.5,1.5,300,PORTALUSDT
-119.11258571449237,-5.986103292764585,7.2550125707973585,26,30.76923076923077,0.27494793570118864,1880.2779341447083,-4.581253296711245,0.5,0.5,1.5,600,PORTALUSDT
-119.11258571449237,-5.986103292764585,7.2550125707973585,26,30.76923076923077,0.27494793570118864,1880.2779341447083,-4.581253296711245,0.5,0.618,1.5,600,PORTALUSDT
-119.11258571449237,-5.986103292764585,7.2550125707973585,26,30.76923076923077,0.27494793570118864,1880.2779341447083,-4.581253296711245,0.5,0.618,1.5,300,PORTALUSDT
-119.11258571449237,-5.986103292764585,7.2550125707973585,26,30.76923076923077,0.27494793570118864,1880.2779341447083,-4.581253296711245,0.618,0.5,1.5,300,PORTALUSDT
-119.11258571449237,-5.986103292764585,7.2550125707973585,26,30.76923076923077,0.27494793570118864,1880.2779341447083,-4.581253296711245,0.618,0.5,1.5,600,PORTALUSDT
-119.11258571449237,-5.986103292764585,7.2550125707973585,26,30.76923076923077,0.27494793570118864,1880.2779341447083,-4.581253296711245,0.618,0.618,1.5,300,PORTALUSDT
-119.11258571449237,-5.986103292764585,7.2550125707973585,26,30.76923076923077,0.27494793570118864,1880.2779341447083,-4.581253296711245,0.618,0.618,1.5,600,PORTALUSDT
-120.20409350074236,-6.040339057057087,7.308833908079844,26,30.76923076923077,0.26830380175957713,1879.1932188588582,-4.623234365413167,0.786,0.5,1.5,300,PORTALUSDT
-120.20409350074236,-6.040339057057087,7.308833908079844,26,30.76923076923077,0.26830380175957713,1879.1932188588582,-4.623234365413167,0.786,0.5,1.5,600,PORTALUSDT
-120.20409350074236,-6.040339057057087,7.308833908079844,26,30.76923076923077,0.26830380175957713,1879.1932188588582,-4.623234365413167,0.786,0.618,1.5,300,PORTALUSDT
-120.20409350074236,-6.040339057057087,7.308833908079844,26,30.76923076923077,0.26830380175957713,1879.1932188588582,-4.623234365413167,0.786,0.618,1.5,600,PORTALUSDT
-120.28557299625624,-6.040094447852812,6.994793672200131,28,35.714285714285715,0.24180110731043208,1879.1981110429438,-4.295913321294866,0.5,0.5,2.0,900,PORTALUSDT
-120.28557299625624,-6.040094447852812,6.994793672200131,28,35.714285714285715,0.24180110731043208,1879.1981110429438,-4.295913321294866,0.5,0.618,2.0,900,PORTALUSDT
-120.28557299625624,-6.040094447852812,6.994793672200131,28,35.714285714285715,0.24180110731043208,1879.1981110429438,-4.295913321294866,0.618,0.5,2.0,900,PORTALUSDT
-120.28557299625624,-6.040094447852812,6.994793672200131,28,35.714285714285715,0.24180110731043208,1879.1981110429438,-4.295913321294866,0.618,0.618,2.0,900,PORTALUSDT
-120.33518580415628,-6.040776619967812,7.182212275953205,27,33.33333333333333,0.2414883817268394,1879.1844676006438,-4.45685873348727,0.5,0.382,2.0,300,PORTALUSDT
-120.33518580415628,-6.040776619967812,7.182212275953205,27,33.33333333333333,0.2414883817268394,1879.1844676006438,-4.45685873348727,0.5,0.382,2.0,600,PORTALUSDT
-121.40559548020626,-6.0952434733903145,7.138342411325843,28,35.714285714285715,0.2347412431391507,1878.0951305321937,-4.3359141242930805,0.786,0.382,2.0,900,PORTALUSDT
-121.59218704415629,-6.103405518167813,7.186673092852377,27,33.33333333333333,0.2335650961279332,1877.9318896366437,-4.503414334968752,0.618,0.382,2.0,300,PORTALUSDT
-121.59218704415629,-6.103405518167813,7.186673092852377,27,33.33333333333333,0.2335650961279332,1877.9318896366437,-4.503414334968752,0.618,0.382,2.0,600,PORTALUSDT
-123.14246968040628,-6.180552526120311,7.224198632799471,27,33.33333333333333,0.22379316297850063,1876.3889494775938,-4.560832210385418,0.786,0.382,2.0,300,PORTALUSDT
-123.14246968040628,-6.180552526120311,7.224198632799471,27,33.33333333333333,0.22379316297850063,1876.3889494775938,-4.560832210385418,0.786,0.382,2.0,600,PORTALUSDT
-123.32373891220627,-6.190813156150318,7.145117170180313,27,33.33333333333333,0.22265056434920605,1876.1837368769936,-4.567545885637269,0.786,0.5,2.0,900,PORTALUSDT
-123.32373891220627,-6.190813156150318,7.145117170180313,27,33.33333333333333,0.22265056434920605,1876.1837368769936,-4.567545885637269,0.786,0.618,2.0,900,PORTALUSDT
-124.36272931615629,-6.2414451671278135,7.196524722042332,26,30.76923076923077,0.21610147160127924,1875.1710966574437,-4.7831818967752415,0.5,0.5,2.0,300,PORTALUSDT
-124.36272931615629,-6.2414451671278135,7.196524722042332,26,30.76923076923077,0.21610147160127924,1875.1710966574437,-4.7831818967752415,0.5,0.5,2.0,600,PORTALUSDT
-124.36272931615629,-6.2414451671278135,7.196524722042332,26,30.76923076923077,0.21610147160127924,1875.1710966574437,-4.7831818967752415,0.5,0.618,2.0,300,PORTALUSDT
-124.36272931615629,-6.2414451671278135,7.196524722042332,26,30.76923076923077,0.21610147160127924,1875.1710966574437,-4.7831818967752415,0.5,0.618,2.0,600,PORTALUSDT
-124.36272931615629,-6.2414451671278135,7.196524722042332,26,30.76923076923077,0.21610147160127924,1875.1710966574437,-4.7831818967752415,0.618,0.5,2.0,300,PORTALUSDT
-124.36272931615629,-6.2414451671278135,7.196524722042332,26,30.76923076923077,0.21610147160127924,1875.1710966574437,-4.7831818967752415,0.618,0.5,2.0,600,PORTALUSDT
-124.36272931615629,-6.2414451671278135,7.196524722042332,26,30.76923076923077,0.21610147160127924,1875.1710966574437,-4.7831818967752415,0.618,0.618,2.0,300,PORTALUSDT
-124.36272931615629,-6.2414451671278135,7.196524722042332,26,30.76923076923077,0.21610147160127924,1875.1710966574437,-4.7831818967752415,0.618,0.618,2.0,600,PORTALUSDT
-125.06061311240629,-6.276122208880315,7.23105487488396,26,30.76923076923077,0.21170248418855603,1874.4775558223937,-4.810023581246396,0.786,0.5,2.0,300,PORTALUSDT
-125.06061311240629,-6.276122208880315,7.23105487488396,26,30.76923076923077,0.21170248418855603,1874.4775558223937,-4.810023581246396,0.786,0.5,2.0,600,PORTALUSDT
-125.06061311240629,-6.276122208880315,7.23105487488396,26,30.76923076923077,0.21170248418855603,1874.4775558223937,-4.810023581246396,0.786,0.618,2.0,300,PORTALUSDT
-125.06061311240629,-6.276122208880315,7.23105487488396,26,30.76923076923077,0.21170248418855603,1874.4775558223937,-4.810023581246396,0.786,0.618,2.0,600,PORTALUSDT
-31.127820241499844,-1.5985438652350012,1.556391012075005,36,38.88888888888889,0.5007528078499365,1968.0291226953,-0.8646616733749957,0.786,0.618,2.5,300,WIFUSDT
-31.127820241499844,-1.5985438652350012,1.556391012075005,36,38.88888888888889,0.5007528078499365,1968.0291226953,-0.8646616733749957,0.786,0.618,2.5,600,WIFUSDT
-31.575911530499837,-1.620831683645008,1.5787955765250101,36,38.88888888888889,0.4971796944020306,1967.5833663270998,-0.8771086536249955,0.786,0.382,2.5,300,WIFUSDT
-31.575911530499837,-1.620831683645008,1.5787955765250101,36,38.88888888888889,0.4971796944020306,1967.5833663270998,-0.8771086536249955,0.786,0.382,2.5,600,WIFUSDT
-31.575911530499837,-1.620831683645008,1.5787955765250101,36,38.88888888888889,0.4971796944020306,1967.5833663270998,-0.8771086536249955,0.786,0.5,2.5,300,WIFUSDT
-31.575911530499837,-1.620831683645008,1.5787955765250101,36,38.88888888888889,0.4971796944020306,1967.5833663270998,-0.8771086536249955,0.786,0.5,2.5,600,WIFUSDT
-31.62324224249984,-1.6237417265450176,1.581162112125014,36,38.88888888888889,0.49763567876261844,1967.5251654690996,-0.8784233956249955,0.5,0.618,2.5,300,WIFUSDT
-31.62324224249984,-1.6237417265450176,1.581162112125014,36,38.88888888888889,0.49763567876261844,1967.5251654690996,-0.8784233956249955,0.5,0.618,2.5,600,WIFUSDT
-31.62324224249984,-1.6237417265450176,1.581162112125014,36,38.88888888888889,0.49763567876261844,1967.5251654690996,-0.8784233956249955,0.618,0.618,2.5,300,WIFUSDT
-31.62324224249984,-1.6237417265450176,1.581162112125014,36,38.88888888888889,0.49763567876261844,1967.5251654690996,-0.8784233956249955,0.618,0.618,2.5,600,WIFUSDT
-32.58873320399983,-1.6720147287400096,1.6294366602000083,36,38.88888888888889,0.4901183836902582,1966.5597054251998,-0.9052425889999953,0.5,0.382,2.5,300,WIFUSDT
-32.58873320399983,-1.6720147287400096,1.6294366602000083,36,38.88888888888889,0.4901183836902582,1966.5597054251998,-0.9052425889999953,0.5,0.382,2.5,600,WIFUSDT
-32.58873320399983,-1.6720147287400096,1.6294366602000083,36,38.88888888888889,0.4901183836902582,1966.5597054251998,-0.9052425889999953,0.5,0.5,2.5,300,WIFUSDT
-32.58873320399983,-1.6720147287400096,1.6294366602000083,36,38.88888888888889,0.4901183836902582,1966.5597054251998,-0.9052425889999953,0.5,0.5,2.5,600,WIFUSDT
-35.977611307849514,-1.85042620975247,1.7988805653924826,36,38.88888888888889,0.5160573270404604,1962.9914758049506,-0.9993780918847087,0.786,0.618,2.0,300,WIFUSDT
-35.977611307849514,-1.85042620975247,1.7988805653924826,36,38.88888888888889,0.5160573270404604,1962.9914758049506,-0.9993780918847087,0.786,0.618,2.0,600,WIFUSDT
-36.430960959349505,-1.8729363884874715,1.821548047967485,36,38.88888888888889,0.5129294296530399,1962.5412722302506,-1.0119711377597085,0.786,0.382,2.0,300,WIFUSDT
-36.430960959349505,-1.8729363884874715,1.821548047967485,36,38.88888888888889,0.5129294296530399,1962.5412722302506,-1.0119711377597085,0.786,0.382,2.0,600,WIFUSDT
-36.430960959349505,-1.8729363884874715,1.821548047967485,36,38.88888888888889,0.5129294296530399,1962.5412722302506,-1.0119711377597085,0.786,0.5,2.0,600,WIFUSDT
-36.430960959349505,-1.8729363884874715,1.821548047967485,36,38.88888888888889,0.5129294296530399,1962.5412722302506,-1.0119711377597085,0.786,0.5,2.0,300,WIFUSDT
-36.672099205849506,-1.885752655852491,1.833604960292496,36,38.88888888888889,0.5122378379381469,1962.2849468829502,-1.0186694223847086,0.5,0.618,2.0,300,WIFUSDT
-36.672099205849506,-1.885752655852491,1.833604960292496,36,38.88888888888889,0.5122378379381469,1962.2849468829502,-1.0186694223847086,0.5,0.618,2.0,600,WIFUSDT
-36.672099205849506,-1.885752655852491,1.833604960292496,36,38.88888888888889,0.5122378379381469,1962.2849468829502,-1.0186694223847086,0.618,0.618,2.0,300,WIFUSDT
-36.672099205849506,-1.885752655852491,1.833604960292496,36,38.88888888888889,0.5122378379381469,1962.2849468829502,-1.0186694223847086,0.618,0.618,2.0,600,WIFUSDT
-37.8299842923495,-1.9436449792974941,1.8914992146174994,36,38.88888888888889,0.5044687142758311,1961.1271004140501,-1.0508328970097083,0.5,0.382,2.0,300,WIFUSDT
-37.8299842923495,-1.9436449792974941,1.8914992146174994,36,38.88888888888889,0.5044687142758311,1961.1271004140501,-1.0508328970097083,0.5,0.382,2.0,600,WIFUSDT
-37.8299842923495,-1.9436449792974941,1.8914992146174994,36,38.88888888888889,0.5044687142758311,1961.1271004140501,-1.0508328970097083,0.5,0.5,2.0,600,WIFUSDT
-37.8299842923495,-1.9436449792974941,1.8914992146174994,36,38.88888888888889,0.5044687142758311,1961.1271004140501,-1.0508328970097083,0.5,0.5,2.0,300,WIFUSDT
-38.84450864849984,-1.9869577518050165,1.942225432425016,37,37.83783783783784,0.4464235470620788,1960.2608449638997,-1.0498515850945902,0.618,0.382,2.5,300,WIFUSDT
-38.84450864849984,-1.9869577518050165,1.942225432425016,37,37.83783783783784,0.4464235470620788,1960.2608449638997,-1.0498515850945902,0.618,0.382,2.5,600,WIFUSDT
-38.84450864849984,-1.9869577518050165,1.942225432425016,37,37.83783783783784,0.4464235470620788,1960.2608449638997,-1.0498515850945902,0.618,0.5,2.5,300,WIFUSDT
-38.84450864849984,-1.9869577518050165,1.942225432425016,37,37.83783783783784,0.4464235470620788,1960.2608449638997,-1.0498515850945902,0.618,0.5,2.5,600,WIFUSDT
-41.942458847499935,-2.1457006614950047,2.097122942375006,40,32.5,0.3899547362117789,1957.0859867701,-1.0485614711874984,0.786,0.618,2.5,900,WIFUSDT
-42.390550136499925,-2.1679884799050115,2.1195275068250115,40,32.5,0.38742970015381406,1956.6402304018998,-1.0597637534124982,0.786,0.382,2.5,900,WIFUSDT
-42.390550136499925,-2.1679884799050115,2.1195275068250115,40,32.5,0.38742970015381406,1956.6402304018998,-1.0597637534124982,0.786,0.5,2.5,900,WIFUSDT
-42.43788084849993,-2.1708985228050213,2.1218940424250152,40,32.5,0.38808288097507704,1956.5820295438996,-1.0609470212124983,0.5,0.618,2.5,900,WIFUSDT
-42.43788084849993,-2.1708985228050213,2.1218940424250152,40,32.5,0.38808288097507704,1956.5820295438996,-1.0609470212124983,0.618,0.618,2.5,900,WIFUSDT
-43.40337180999992,-2.219171525000013,2.170168590500009,40,32.5,0.3827543528193948,1955.6165694999997,-1.085084295249998,0.5,0.382,2.5,900,WIFUSDT
-43.40337180999992,-2.219171525000013,2.170168590500009,40,32.5,0.3827543528193948,1955.6165694999997,-1.085084295249998,0.5,0.5,2.5,900,WIFUSDT
-45.74524030234951,-2.3421283025574895,2.2872620151174945,37,37.83783783783784,0.4570783017164621,1953.1574339488502,-1.2363578460094462,0.618,0.382,2.0,600,WIFUSDT
-45.74524030234951,-2.3421283025574895,2.2872620151174945,37,37.83783783783784,0.4570783017164621,1953.1574339488502,-1.2363578460094462,0.618,0.382,2.0,300,WIFUSDT
-45.74524030234951,-2.3421283025574895,2.2872620151174945,37,37.83783783783784,0.4570783017164621,1953.1574339488502,-1.2363578460094462,0.618,0.5,2.0,300,WIFUSDT
-45.74524030234951,-2.3421283025574895,2.2872620151174945,37,37.83783783783784,0.4570783017164621,1953.1574339488502,-1.2363578460094462,0.618,0.5,2.0,600,WIFUSDT
-49.27399220334963,-2.523257989847468,2.463699610167487,40,32.5,0.4010232162620767,1949.5348402030506,-1.2318498050837408,0.786,0.618,2.0,900,WIFUSDT
-49.65914725449993,-2.53411454806502,2.482957362725017,41,31.70731707317073,0.35148476059705763,1949.3177090386996,-1.2111987135243885,0.618,0.382,2.5,900,WIFUSDT
-49.65914725449993,-2.53411454806502,2.482957362725017,41,31.70731707317073,0.35148476059705763,1949.3177090386996,-1.2111987135243885,0.618,0.5,2.5,900,WIFUSDT
-49.72734185484962,-2.5457681685824696,2.4863670927424892,40,32.5,0.39882531467908633,1949.0846366283506,-1.2431835463712404,0.786,0.382,2.0,900,WIFUSDT
-49.72734185484962,-2.5457681685824696,2.4863670927424892,40,32.5,0.39882531467908633,1949.0846366283506,-1.2431835463712404,0.786,0.5,2.0,900,WIFUSDT
-49.96848010134962,-2.558584435947489,2.4984240050674997,40,32.5,0.3987328115769067,1948.8283112810502,-1.2492120025337405,0.5,0.618,2.0,900,WIFUSDT
-49.96848010134962,-2.558584435947489,2.4984240050674997,40,32.5,0.3987328115769067,1948.8283112810502,-1.2492120025337405,0.618,0.618,2.0,900,WIFUSDT
-51.12636518784961,-2.616476759392492,2.5563182593925036,40,32.5,0.3932537062425138,1947.6704648121502,-1.2781591296962402,0.5,0.382,2.0,900,WIFUSDT
-51.12636518784961,-2.616476759392492,2.5563182593925036,40,32.5,0.3932537062425138,1947.6704648121502,-1.2781591296962402,0.5,0.5,2.0,900,WIFUSDT
-59.04162119784962,-3.0149600826524874,2.9520810598924982,41,31.70731707317073,0.3594854597322759,1939.7007983469503,-1.4400395414109664,0.618,0.382,2.0,900,WIFUSDT
-59.04162119784962,-3.0149600826524874,2.9520810598924982,41,31.70731707317073,0.3594854597322759,1939.7007983469503,-1.4400395414109664,0.618,0.5,2.0,900,WIFUSDT
-61.511751753860956,-3.1420043387330905,3.0755875876930645,36,38.88888888888889,0.4472602704096097,1937.1599132253382,-1.7086597709405822,0.786,0.618,1.5,300,WIFUSDT
-61.511751753860956,-3.1420043387330905,3.0755875876930645,36,38.88888888888889,0.4472602704096097,1937.1599132253382,-1.7086597709405822,0.786,0.618,1.5,600,WIFUSDT
-61.93964205686095,-3.163174794523093,3.0969821028430715,36,38.88888888888889,0.44554714680993635,1936.7365041095381,-1.7205456126905818,0.786,0.382,1.5,300,WIFUSDT
-61.93964205686095,-3.163174794523093,3.0969821028430715,36,38.88888888888889,0.44554714680993635,1936.7365041095381,-1.7205456126905818,0.786,0.382,1.5,600,WIFUSDT
-61.93964205686095,-3.163174794523093,3.0969821028430715,36,38.88888888888889,0.44554714680993635,1936.7365041095381,-1.7205456126905818,0.786,0.5,1.5,300,WIFUSDT
-61.93964205686095,-3.163174794523093,3.0969821028430715,36,38.88888888888889,0.44554714680993635,1936.7365041095381,-1.7205456126905818,0.786,0.5,1.5,600,WIFUSDT
-62.555832641360944,-3.1951200059681018,3.127791632068079,36,38.88888888888889,0.44421107957697603,1936.097599880638,-1.7376620178155817,0.5,0.618,1.5,300,WIFUSDT
-62.555832641360944,-3.1951200059681018,3.127791632068079,36,38.88888888888889,0.44421107957697603,1936.097599880638,-1.7376620178155817,0.5,0.618,1.5,600,WIFUSDT
-62.555832641360944,-3.1951200059681018,3.127791632068079,36,38.88888888888889,0.44421107957697603,1936.097599880638,-1.7376620178155817,0.618,0.618,1.5,300,WIFUSDT
-62.555832641360944,-3.1951200059681018,3.127791632068079,36,38.88888888888889,0.44421107957697603,1936.097599880638,-1.7376620178155817,0.618,0.618,1.5,600,WIFUSDT
-64.00330064336093,-3.267491281868092,3.20016503216807,36,38.88888888888889,0.43857092656548796,1934.6501743626382,-1.7778694623155813,0.5,0.382,1.5,300,WIFUSDT
-64.00330064336093,-3.267491281868092,3.20016503216807,36,38.88888888888889,0.43857092656548796,1934.6501743626382,-1.7778694623155813,0.5,0.382,1.5,600,WIFUSDT
-64.00330064336093,-3.267491281868092,3.20016503216807,36,38.88888888888889,0.43857092656548796,1934.6501743626382,-1.7778694623155813,0.5,0.5,1.5,300,WIFUSDT
-64.00330064336093,-3.267491281868092,3.20016503216807,36,38.88888888888889,0.43857092656548796,1934.6501743626382,-1.7778694623155813,0.5,0.5,1.5,600,WIFUSDT
-78.76288340186802,-4.009147641073446,3.938144170093426,37,37.83783783783784,0.3882982465904146,1919.817047178531,-2.1287265784288656,0.618,0.382,1.5,300,WIFUSDT
-78.76288340186802,-4.009147641073446,3.938144170093426,37,37.83783783783784,0.3882982465904146,1919.817047178531,-2.1287265784288656,0.618,0.382,1.5,600,WIFUSDT
-78.76288340186802,-4.009147641073446,3.938144170093426,37,37.83783783783784,0.3882982465904146,1919.817047178531,-2.1287265784288656,0.618,0.5,1.5,300,WIFUSDT
-78.76288340186802,-4.009147641073446,3.938144170093426,37,37.83783783783784,0.3882982465904146,1919.817047178531,-2.1287265784288656,0.618,0.5,1.5,600,WIFUSDT
-78.7799184228611,-4.016057822703113,3.9389959211430776,40,32.5,0.35253439659911745,1919.6788435459378,-1.9694979605715275,0.786,0.618,1.5,900,WIFUSDT
-79.2078087258611,-4.037228278493115,3.9603904362930846,40,32.5,0.3512989882892791,1919.2554344301377,-1.9801952181465274,0.786,0.382,1.5,900,WIFUSDT
-79.2078087258611,-4.037228278493115,3.9603904362930846,40,32.5,0.3512989882892791,1919.2554344301377,-1.9801952181465274,0.786,0.5,1.5,900,WIFUSDT
-79.82399931036109,-4.069173489938123,3.991199965518092,40,32.5,0.35071987066320304,1918.6165302012375,-1.9955999827590272,0.5,0.618,1.5,900,WIFUSDT
-79.82399931036109,-4.069173489938123,3.991199965518092,40,32.5,0.35071987066320304,1918.6165302012375,-1.9955999827590272,0.618,0.618,1.5,900,WIFUSDT
-81.27146731236108,-4.141544765838114,4.063573365618083,40,32.5,0.34663870100229754,1917.1691046832377,-2.031786682809027,0.5,0.382,1.5,900,WIFUSDT
-81.27146731236108,-4.141544765838114,4.063573365618083,40,32.5,0.34663870100229754,1917.1691046832377,-2.031786682809027,0.5,0.5,1.5,900,WIFUSDT
-96.03105007086818,-4.883201125043468,4.80155250354344,41,31.70731707317073,0.30987070907130504,1902.3359774991306,-2.342220733435809,0.618,0.382,1.5,900,WIFUSDT
-96.03105007086818,-4.883201125043468,4.80155250354344,41,31.70731707317073,0.30987070907130504,1902.3359774991306,-2.342220733435809,0.618,0.5,1.5,900,WIFUSDT
-65.44341525953946,-3.2995945300369955,3.378316719138978,23,39.130434782608695,0.26537336341008594,1934.00810939926,-2.845365880849542,0.5,0.382,2.5,600,RENDERUSDT
-65.44341525953946,-3.2995945300369955,3.378316719138978,23,39.130434782608695,0.26537336341008594,1934.00810939926,-2.845365880849542,0.5,0.382,2.5,300,RENDERUSDT
-65.44341525953946,-3.2995945300369955,3.378316719138978,23,39.130434782608695,0.26537336341008594,1934.00810939926,-2.845365880849542,0.5,0.5,2.5,300,RENDERUSDT
-65.44341525953946,-3.2995945300369955,3.378316719138978,23,39.130434782608695,0.26537336341008594,1934.00810939926,-2.845365880849542,0.5,0.5,2.5,600,RENDERUSDT
-65.44341525953946,-3.2995945300369955,3.378316719138978,23,39.130434782608695,0.26537336341008594,1934.00810939926,-2.845365880849542,0.5,0.618,2.5,300,RENDERUSDT
-65.44341525953946,-3.2995945300369955,3.378316719138978,23,39.130434782608695,0.26537336341008594,1934.00810939926,-2.845365880849542,0.5,0.618,2.5,600,RENDERUSDT
-65.44341525953946,-3.2995945300369955,3.378316719138978,23,39.130434782608695,0.26537336341008594,1934.00810939926,-2.845365880849542,0.618,0.382,2.5,600,RENDERUSDT
-65.44341525953946,-3.2995945300369955,3.378316719138978,23,39.130434782608695,0.26537336341008594,1934.00810939926,-2.845365880849542,0.618,0.382,2.5,300,RENDERUSDT
-65.44341525953946,-3.2995945300369955,3.378316719138978,23,39.130434782608695,0.26537336341008594,1934.00810939926,-2.845365880849542,0.618,0.5,2.5,300,RENDERUSDT
-65.44341525953946,-3.2995945300369955,3.378316719138978,23,39.130434782608695,0.26537336341008594,1934.00810939926,-2.845365880849542,0.618,0.5,2.5,600,RENDERUSDT
-65.44341525953946,-3.2995945300369955,3.378316719138978,23,39.130434782608695,0.26537336341008594,1934.00810939926,-2.845365880849542,0.618,0.618,2.5,300,RENDERUSDT
-65.44341525953946,-3.2995945300369955,3.378316719138978,23,39.130434782608695,0.26537336341008594,1934.00810939926,-2.845365880849542,0.618,0.618,2.5,600,RENDERUSDT
-67.11094680231768,-3.399826963175917,3.5311727204439696,23,39.130434782608695,0.3632928781960725,1932.0034607364817,-2.917867252274682,0.5,0.382,1.5,300,RENDERUSDT
-67.11094680231768,-3.399826963175917,3.5311727204439696,23,39.130434782608695,0.3632928781960725,1932.0034607364817,-2.917867252274682,0.5,0.382,1.5,600,RENDERUSDT
-67.11094680231768,-3.399826963175917,3.5311727204439696,23,39.130434782608695,0.3632928781960725,1932.0034607364817,-2.917867252274682,0.5,0.5,1.5,300,RENDERUSDT
-67.11094680231768,-3.399826963175917,3.5311727204439696,23,39.130434782608695,0.3632928781960725,1932.0034607364817,-2.917867252274682,0.5,0.5,1.5,600,RENDERUSDT
-67.11094680231768,-3.399826963175917,3.5311727204439696,23,39.130434782608695,0.3632928781960725,1932.0034607364817,-2.917867252274682,0.5,0.618,1.5,300,RENDERUSDT
-67.11094680231768,-3.399826963175917,3.5311727204439696,23,39.130434782608695,0.3632928781960725,1932.0034607364817,-2.917867252274682,0.5,0.618,1.5,600,RENDERUSDT
-67.11094680231768,-3.399826963175917,3.5311727204439696,23,39.130434782608695,0.3632928781960725,1932.0034607364817,-2.917867252274682,0.618,0.382,1.5,300,RENDERUSDT
-67.11094680231768,-3.399826963175917,3.5311727204439696,23,39.130434782608695,0.3632928781960725,1932.0034607364817,-2.917867252274682,0.618,0.382,1.5,600,RENDERUSDT
-67.11094680231768,-3.399826963175917,3.5311727204439696,23,39.130434782608695,0.3632928781960725,1932.0034607364817,-2.917867252274682,0.618,0.5,1.5,300,RENDERUSDT
-67.11094680231768,-3.399826963175917,3.5311727204439696,23,39.130434782608695,0.3632928781960725,1932.0034607364817,-2.917867252274682,0.618,0.5,1.5,600,RENDERUSDT
-67.11094680231768,-3.399826963175917,3.5311727204439696,23,39.130434782608695,0.3632928781960725,1932.0034607364817,-2.917867252274682,0.618,0.618,1.5,300,RENDERUSDT
-67.11094680231768,-3.399826963175917,3.5311727204439696,23,39.130434782608695,0.3632928781960725,1932.0034607364817,-2.917867252274682,0.618,0.618,1.5,600,RENDERUSDT
-67.87817584303941,-3.4200425971519963,3.4999211569823956,22,36.36363636363637,0.23804227179048193,1931.59914805696,-3.0853716292290643,0.786,0.382,2.5,300,RENDERUSDT
-67.87817584303941,-3.4200425971519963,3.4999211569823956,22,36.36363636363637,0.23804227179048193,1931.59914805696,-3.0853716292290643,0.786,0.382,2.5,600,RENDERUSDT
-67.87817584303941,-3.4200425971519963,3.4999211569823956,22,36.36363636363637,0.23804227179048193,1931.59914805696,-3.0853716292290643,0.786,0.5,2.5,300,RENDERUSDT
-67.87817584303941,-3.4200425971519963,3.4999211569823956,22,36.36363636363637,0.23804227179048193,1931.59914805696,-3.0853716292290643,0.786,0.5,2.5,600,RENDERUSDT
-67.87817584303941,-3.4200425971519963,3.4999211569823956,22,36.36363636363637,0.23804227179048193,1931.59914805696,-3.0853716292290643,0.786,0.618,2.5,300,RENDERUSDT
-67.87817584303941,-3.4200425971519963,3.4999211569823956,22,36.36363636363637,0.23804227179048193,1931.59914805696,-3.0853716292290643,0.786,0.618,2.5,600,RENDERUSDT
-67.90232229353943,-3.422311820696996,3.4443100462456426,23,34.78260869565217,0.2485742747292237,1931.55376358606,-2.952274882327801,0.5,0.382,2.5,900,RENDERUSDT
-67.90232229353943,-3.422311820696996,3.4443100462456426,23,34.78260869565217,0.2485742747292237,1931.55376358606,-2.952274882327801,0.5,0.5,2.5,900,RENDERUSDT
-67.90232229353943,-3.422311820696996,3.4443100462456426,23,34.78260869565217,0.2485742747292237,1931.55376358606,-2.952274882327801,0.5,0.618,2.5,900,RENDERUSDT
-67.90232229353943,-3.422311820696996,3.4443100462456426,23,34.78260869565217,0.2485742747292237,1931.55376358606,-2.952274882327801,0.618,0.382,2.5,900,RENDERUSDT
-67.90232229353943,-3.422311820696996,3.4443100462456426,23,34.78260869565217,0.2485742747292237,1931.55376358606,-2.952274882327801,0.618,0.5,2.5,900,RENDERUSDT
-67.90232229353943,-3.422311820696996,3.4443100462456426,23,34.78260869565217,0.2485742747292237,1931.55376358606,-2.952274882327801,0.618,0.618,2.5,900,RENDERUSDT
-70.33708287703938,-3.542759887811996,3.565986082982616,22,31.818181818181817,0.22163054621566705,1929.14480224376,-3.197140130774517,0.786,0.382,2.5,900,RENDERUSDT
-70.33708287703938,-3.542759887811996,3.565986082982616,22,31.818181818181817,0.22163054621566705,1929.14480224376,-3.197140130774517,0.786,0.5,2.5,900,RENDERUSDT
-70.33708287703938,-3.542759887811996,3.565986082982616,22,31.818181818181817,0.22163054621566705,1929.14480224376,-3.197140130774517,0.786,0.618,2.5,900,RENDERUSDT
-70.36603958383893,-3.552172938311946,3.650400637316343,23,39.130434782608695,0.2934796093400052,1928.956541233761,-3.0593930253843014,0.5,0.382,2.0,300,RENDERUSDT
-70.36603958383893,-3.552172938311946,3.650400637316343,23,39.130434782608695,0.2934796093400052,1928.956541233761,-3.0593930253843014,0.5,0.382,2.0,600,RENDERUSDT
-70.36603958383893,-3.552172938311946,3.650400637316343,23,39.130434782608695,0.2934796093400052,1928.956541233761,-3.0593930253843014,0.5,0.5,2.0,300,RENDERUSDT
-70.36603958383893,-3.552172938311946,3.650400637316343,23,39.130434782608695,0.2934796093400052,1928.956541233761,-3.0593930253843014,0.5,0.5,2.0,600,RENDERUSDT
-70.36603958383893,-3.552172938311946,3.650400637316343,23,39.130434782608695,0.2934796093400052,1928.956541233761,-3.0593930253843014,0.5,0.618,2.0,600,RENDERUSDT
-70.36603958383893,-3.552172938311946,3.650400637316343,23,39.130434782608695,0.2934796093400052,1928.956541233761,-3.0593930253843014,0.5,0.618,2.0,300,RENDERUSDT
-70.36603958383893,-3.552172938311946,3.650400637316343,23,39.130434782608695,0.2934796093400052,1928.956541233761,-3.0593930253843014,0.618,0.382,2.0,300,RENDERUSDT
-70.36603958383893,-3.552172938311946,3.650400637316343,23,39.130434782608695,0.2934796093400052,1928.956541233761,-3.0593930253843014,0.618,0.382,2.0,600,RENDERUSDT
-70.36603958383893,-3.552172938311946,3.650400637316343,23,39.130434782608695,0.2934796093400052,1928.956541233761,-3.0593930253843014,0.618,0.5,2.0,300,RENDERUSDT
-70.36603958383893,-3.552172938311946,3.650400637316343,23,39.130434782608695,0.2934796093400052,1928.956541233761,-3.0593930253843014,0.618,0.5,2.0,600,RENDERUSDT
-70.36603958383893,-3.552172938311946,3.650400637316343,23,39.130434782608695,0.2934796093400052,1928.956541233761,-3.0593930253843014,0.618,0.618,2.0,300,RENDERUSDT
-70.36603958383893,-3.552172938311946,3.650400637316343,23,39.130434782608695,0.2934796093400052,1928.956541233761,-3.0593930253843014,0.618,0.618,2.0,600,RENDERUSDT
-71.08025616481763,-3.597678416400902,3.6327945405792548,23,34.78260869565217,0.3379657138375159,1928.046431671982,-3.090445920209462,0.5,0.382,1.5,900,RENDERUSDT
-71.08025616481763,-3.597678416400902,3.6327945405792548,23,34.78260869565217,0.3379657138375159,1928.046431671982,-3.090445920209462,0.5,0.5,1.5,900,RENDERUSDT
-71.08025616481763,-3.597678416400902,3.6327945405792548,23,34.78260869565217,0.3379657138375159,1928.046431671982,-3.090445920209462,0.5,0.618,1.5,900,RENDERUSDT
-71.08025616481763,-3.597678416400902,3.6327945405792548,23,34.78260869565217,0.3379657138375159,1928.046431671982,-3.090445920209462,0.618,0.382,1.5,900,RENDERUSDT
-71.08025616481763,-3.597678416400902,3.6327945405792548,23,34.78260869565217,0.3379657138375159,1928.046431671982,-3.090445920209462,0.618,0.5,1.5,900,RENDERUSDT
-71.08025616481763,-3.597678416400902,3.6327945405792548,23,34.78260869565217,0.3379657138375159,1928.046431671982,-3.090445920209462,0.618,0.618,1.5,900,RENDERUSDT
-71.2797464223176,-3.606011264975916,3.739233917665586,22,36.36363636363637,0.32374188787483654,1927.8797747004817,-3.2399884737417093,0.786,0.382,1.5,300,RENDERUSDT
-71.2797464223176,-3.606011264975916,3.739233917665586,22,36.36363636363637,0.32374188787483654,1927.8797747004817,-3.2399884737417093,0.786,0.382,1.5,600,RENDERUSDT
-71.2797464223176,-3.606011264975916,3.739233917665586,22,36.36363636363637,0.32374188787483654,1927.8797747004817,-3.2399884737417093,0.786,0.5,1.5,300,RENDERUSDT
-71.2797464223176,-3.606011264975916,3.739233917665586,22,36.36363636363637,0.32374188787483654,1927.8797747004817,-3.2399884737417093,0.786,0.5,1.5,600,RENDERUSDT
-71.2797464223176,-3.606011264975916,3.739233917665586,22,36.36363636363637,0.32374188787483654,1927.8797747004817,-3.2399884737417093,0.786,0.618,1.5,300,RENDERUSDT
-71.2797464223176,-3.606011264975916,3.739233917665586,22,36.36363636363637,0.32374188787483654,1927.8797747004817,-3.2399884737417093,0.786,0.618,1.5,600,RENDERUSDT
-73.40236979683888,-3.7036327458819525,3.7305502410211426,23,34.78260869565217,0.27428523879734323,1925.927345082361,-3.191407382471256,0.5,0.382,2.0,900,RENDERUSDT
-73.40236979683888,-3.7036327458819525,3.7305502410211426,23,34.78260869565217,0.27428523879734323,1925.927345082361,-3.191407382471256,0.5,0.5,2.0,900,RENDERUSDT
-73.40236979683888,-3.7036327458819525,3.7305502410211426,23,34.78260869565217,0.27428523879734323,1925.927345082361,-3.191407382471256,0.5,0.618,2.0,900,RENDERUSDT
-73.40236979683888,-3.7036327458819525,3.7305502410211426,23,34.78260869565217,0.27428523879734323,1925.927345082361,-3.191407382471256,0.618,0.382,2.0,900,RENDERUSDT
-73.40236979683888,-3.7036327458819525,3.7305502410211426,23,34.78260869565217,0.27428523879734323,1925.927345082361,-3.191407382471256,0.618,0.5,2.0,900,RENDERUSDT
-73.40236979683888,-3.7036327458819525,3.7305502410211426,23,34.78260869565217,0.27428523879734323,1925.927345082361,-3.191407382471256,0.618,0.618,2.0,900,RENDERUSDT
-73.44453337483885,-3.7044522931019404,3.8041145796950158,22,36.36363636363637,0.2625695474873671,1925.9109541379612,-3.3383878806744933,0.786,0.382,2.0,300,RENDERUSDT
-73.44453337483885,-3.7044522931019404,3.8041145796950158,22,36.36363636363637,0.2625695474873671,1925.9109541379612,-3.3383878806744933,0.786,0.382,2.0,600,RENDERUSDT
-73.44453337483885,-3.7044522931019404,3.8041145796950158,22,36.36363636363637,0.2625695474873671,1925.9109541379612,-3.3383878806744933,0.786,0.5,2.0,300,RENDERUSDT
-73.44453337483885,-3.7044522931019404,3.8041145796950158,22,36.36363636363637,0.2625695474873671,1925.9109541379612,-3.3383878806744933,0.786,0.5,2.0,600,RENDERUSDT
-73.44453337483885,-3.7044522931019404,3.8041145796950158,22,36.36363636363637,0.2625695474873671,1925.9109541379612,-3.3383878806744933,0.786,0.618,2.0,300,RENDERUSDT
-73.44453337483885,-3.7044522931019404,3.8041145796950158,22,36.36363636363637,0.2625695474873671,1925.9109541379612,-3.3383878806744933,0.786,0.618,2.0,600,RENDERUSDT
-75.24905578481753,-3.803862718200901,3.8410642577531533,22,31.818181818181817,0.2991379376097323,1923.922745635982,-3.4204116265826148,0.786,0.382,1.5,900,RENDERUSDT
-75.24905578481753,-3.803862718200901,3.8410642577531533,22,31.818181818181817,0.2991379376097323,1923.922745635982,-3.4204116265826148,0.786,0.5,1.5,900,RENDERUSDT
-75.24905578481753,-3.803862718200901,3.8410642577531533,22,31.818181818181817,0.2991379376097323,1923.922745635982,-3.4204116265826148,0.786,0.618,1.5,900,RENDERUSDT
-76.48086358783881,-3.855912100671947,3.884378367195435,22,31.818181818181817,0.24384877751437803,1922.881757986561,-3.47640289035631,0.786,0.382,2.0,900,RENDERUSDT
-76.48086358783881,-3.855912100671947,3.884378367195435,22,31.818181818181817,0.24384877751437803,1922.881757986561,-3.47640289035631,0.786,0.5,2.0,900,RENDERUSDT
-76.48086358783881,-3.855912100671947,3.884378367195435,22,31.818181818181817,0.24384877751437803,1922.881757986561,-3.47640289035631,0.786,0.618,2.0,900,RENDERUSDT
-9.649702486000017,-0.49620655933999847,1.064483146916238,24,37.5,0.6543228516954901,1990.0758688132,-0.40207093691666734,0.5,0.382,2.5,300,INJUSDT
-9.649702486000017,-0.49620655933999847,1.064483146916238,24,37.5,0.6543228516954901,1990.0758688132,-0.40207093691666734,0.5,0.382,2.5,600,INJUSDT
-9.649702486000017,-0.49620655933999847,1.064483146916238,24,37.5,0.6543228516954901,1990.0758688132,-0.40207093691666734,0.5,0.382,2.5,900,INJUSDT
-9.649702486000017,-0.49620655933999847,1.064483146916238,24,37.5,0.6543228516954901,1990.0758688132,-0.40207093691666734,0.5,0.5,2.5,300,INJUSDT
-9.649702486000017,-0.49620655933999847,1.064483146916238,24,37.5,0.6543228516954901,1990.0758688132,-0.40207093691666734,0.5,0.5,2.5,900,INJUSDT
-9.649702486000017,-0.49620655933999847,1.064483146916238,24,37.5,0.6543228516954901,1990.0758688132,-0.40207093691666734,0.5,0.5,2.5,600,INJUSDT
-9.649702486000017,-0.49620655933999847,1.064483146916238,24,37.5,0.6543228516954901,1990.0758688132,-0.40207093691666734,0.5,0.618,2.5,300,INJUSDT
-9.649702486000017,-0.49620655933999847,1.064483146916238,24,37.5,0.6543228516954901,1990.0758688132,-0.40207093691666734,0.5,0.618,2.5,900,INJUSDT
-9.649702486000017,-0.49620655933999847,1.064483146916238,24,37.5,0.6543228516954901,1990.0758688132,-0.40207093691666734,0.5,0.618,2.5,600,INJUSDT
-9.649702486000017,-0.49620655933999847,1.064483146916238,24,37.5,0.6543228516954901,1990.0758688132,-0.40207093691666734,0.618,0.382,2.5,300,INJUSDT
-9.649702486000017,-0.49620655933999847,1.064483146916238,24,37.5,0.6543228516954901,1990.0758688132,-0.40207093691666734,0.618,0.382,2.5,600,INJUSDT
-9.649702486000017,-0.49620655933999847,1.064483146916238,24,37.5,0.6543228516954901,1990.0758688132,-0.40207093691666734,0.618,0.382,2.5,900,INJUSDT
-9.649702486000017,-0.49620655933999847,1.064483146916238,24,37.5,0.6543228516954901,1990.0758688132,-0.40207093691666734,0.618,0.5,2.5,300,INJUSDT
-9.649702486000017,-0.49620655933999847,1.064483146916238,24,37.5,0.6543228516954901,1990.0758688132,-0.40207093691666734,0.618,0.5,2.5,600,INJUSDT
-9.649702486000017,-0.49620655933999847,1.064483146916238,24,37.5,0.6543228516954901,1990.0758688132,-0.40207093691666734,0.618,0.5,2.5,900,INJUSDT
-9.649702486000017,-0.49620655933999847,1.064483146916238,24,37.5,0.6543228516954901,1990.0758688132,-0.40207093691666734,0.618,0.618,2.5,300,INJUSDT
-9.649702486000017,-0.49620655933999847,1.064483146916238,24,37.5,0.6543228516954901,1990.0758688132,-0.40207093691666734,0.618,0.618,2.5,600,INJUSDT
-9.649702486000017,-0.49620655933999847,1.064483146916238,24,37.5,0.6543228516954901,1990.0758688132,-0.40207093691666734,0.618,0.618,2.5,900,INJUSDT
-10.065118019499971,-0.516168097955017,1.0647036039851716,22,36.36363636363637,0.6251024296195791,1989.6766380408997,-0.457505364522726,0.786,0.382,2.5,300,INJUSDT
-10.065118019499971,-0.516168097955017,1.0647036039851716,22,36.36363636363637,0.6251024296195791,1989.6766380408997,-0.457505364522726,0.786,0.382,2.5,600,INJUSDT
-10.065118019499971,-0.516168097955017,1.0647036039851716,22,36.36363636363637,0.6251024296195791,1989.6766380408997,-0.457505364522726,0.786,0.5,2.5,300,INJUSDT
-10.065118019499971,-0.516168097955017,1.0647036039851716,22,36.36363636363637,0.6251024296195791,1989.6766380408997,-0.457505364522726,0.786,0.5,2.5,600,INJUSDT
-10.065118019499971,-0.516168097955017,1.0647036039851716,22,36.36363636363637,0.6251024296195791,1989.6766380408997,-0.457505364522726,0.786,0.618,2.5,300,INJUSDT
-10.065118019499971,-0.516168097955017,1.0647036039851716,22,36.36363636363637,0.6251024296195791,1989.6766380408997,-0.457505364522726,0.786,0.618,2.5,600,INJUSDT
-10.658924568499975,-0.5455003557650002,1.0650188900681166,21,33.33333333333333,0.6029847920454553,1989.0899928847,-0.5075678365952369,0.786,0.382,2.5,900,INJUSDT
-10.658924568499975,-0.5455003557650002,1.0650188900681166,21,33.33333333333333,0.6029847920454553,1989.0899928847,-0.5075678365952369,0.786,0.5,2.5,900,INJUSDT
-10.658924568499975,-0.5455003557650002,1.0650188900681166,21,33.33333333333333,0.6029847920454553,1989.0899928847,-0.5075678365952369,0.786,0.618,2.5,900,INJUSDT
-11.725678005000022,-0.6032344864499806,1.3185364813736615,24,37.5,0.6602755687494156,1987.9353102710004,-0.4885699168750009,0.5,0.382,2.0,300,INJUSDT
-11.725678005000022,-0.6032344864499806,1.3185364813736615,24,37.5,0.6602755687494156,1987.9353102710004,-0.4885699168750009,0.5,0.382,2.0,900,INJUSDT
-11.725678005000022,-0.6032344864499806,1.3185364813736615,24,37.5,0.6602755687494156,1987.9353102710004,-0.4885699168750009,0.5,0.382,2.0,600,INJUSDT
-11.725678005000022,-0.6032344864499806,1.3185364813736615,24,37.5,0.6602755687494156,1987.9353102710004,-0.4885699168750009,0.5,0.5,2.0,300,INJUSDT
-11.725678005000022,-0.6032344864499806,1.3185364813736615,24,37.5,0.6602755687494156,1987.9353102710004,-0.4885699168750009,0.5,0.5,2.0,900,INJUSDT
-11.725678005000022,-0.6032344864499806,1.3185364813736615,24,37.5,0.6602755687494156,1987.9353102710004,-0.4885699168750009,0.5,0.5,2.0,600,INJUSDT
-11.725678005000022,-0.6032344864499806,1.3185364813736615,24,37.5,0.6602755687494156,1987.9353102710004,-0.4885699168750009,0.5,0.618,2.0,600,INJUSDT
-11.725678005000022,-0.6032344864499806,1.3185364813736615,24,37.5,0.6602755687494156,1987.9353102710004,-0.4885699168750009,0.5,0.618,2.0,300,INJUSDT
-11.725678005000022,-0.6032344864499806,1.3185364813736615,24,37.5,0.6602755687494156,1987.9353102710004,-0.4885699168750009,0.5,0.618,2.0,900,INJUSDT
-11.725678005000022,-0.6032344864499806,1.3185364813736615,24,37.5,0.6602755687494156,1987.9353102710004,-0.4885699168750009,0.618,0.382,2.0,300,INJUSDT
-11.725678005000022,-0.6032344864499806,1.3185364813736615,24,37.5,0.6602755687494156,1987.9353102710004,-0.4885699168750009,0.618,0.382,2.0,600,INJUSDT
-11.725678005000022,-0.6032344864499806,1.3185364813736615,24,37.5,0.6602755687494156,1987.9353102710004,-0.4885699168750009,0.618,0.382,2.0,900,INJUSDT
-11.725678005000022,-0.6032344864499806,1.3185364813736615,24,37.5,0.6602755687494156,1987.9353102710004,-0.4885699168750009,0.618,0.5,2.0,300,INJUSDT
-11.725678005000022,-0.6032344864499806,1.3185364813736615,24,37.5,0.6602755687494156,1987.9353102710004,-0.4885699168750009,0.618,0.5,2.0,600,INJUSDT
-11.725678005000022,-0.6032344864499806,1.3185364813736615,24,37.5,0.6602755687494156,1987.9353102710004,-0.4885699168750009,0.618,0.5,2.0,900,INJUSDT
-11.725678005000022,-0.6032344864499806,1.3185364813736615,24,37.5,0.6602755687494156,1987.9353102710004,-0.4885699168750009,0.618,0.618,2.0,300,INJUSDT
-11.725678005000022,-0.6032344864499806,1.3185364813736615,24,37.5,0.6602755687494156,1987.9353102710004,-0.4885699168750009,0.618,0.618,2.0,600,INJUSDT
-11.725678005000022,-0.6032344864499806,1.3185364813736615,24,37.5,0.6602755687494156,1987.9353102710004,-0.4885699168750009,0.618,0.618,2.0,900,INJUSDT
-12.223465154999964,-0.6271045159499522,1.3188634568223416,22,36.36363636363637,0.631416667308308,1987.457909681001,-0.5556120524999983,0.786,0.382,2.0,300,INJUSDT
-12.223465154999964,-0.6271045159499522,1.3188634568223416,22,36.36363636363637,0.631416667308308,1987.457909681001,-0.5556120524999983,0.786,0.382,2.0,600,INJUSDT
-12.223465154999964,-0.6271045159499522,1.3188634568223416,22,36.36363636363637,0.631416667308308,1987.457909681001,-0.5556120524999983,0.786,0.5,2.0,300,INJUSDT
-12.223465154999964,-0.6271045159499522,1.3188634568223416,22,36.36363636363637,0.631416667308308,1987.457909681001,-0.5556120524999983,0.786,0.5,2.0,600,INJUSDT
-12.223465154999964,-0.6271045159499522,1.3188634568223416,22,36.36363636363637,0.631416667308308,1987.457909681001,-0.5556120524999983,0.786,0.618,2.0,300,INJUSDT
-12.223465154999964,-0.6271045159499522,1.3188634568223416,22,36.36363636363637,0.631416667308308,1987.457909681001,-0.5556120524999983,0.786,0.618,2.0,600,INJUSDT
-12.956990891999968,-0.663338481479957,1.3193455746973513,21,33.33333333333333,0.609298114399602,1986.7332303704009,-0.6169995662857127,0.786,0.382,2.0,900,INJUSDT
-12.956990891999968,-0.663338481479957,1.3193455746973513,21,33.33333333333333,0.609298114399602,1986.7332303704009,-0.6169995662857127,0.786,0.5,2.0,900,INJUSDT
-12.956990891999968,-0.663338481479957,1.3193455746973513,21,33.33333333333333,0.609298114399602,1986.7332303704009,-0.6169995662857127,0.786,0.618,2.0,900,INJUSDT
-15.428329414500029,-0.793634807505009,1.7339210575330495,24,37.5,0.6592855088585318,1984.1273038498998,-0.6428470589375012,0.5,0.382,1.5,900,INJUSDT
-15.428329414500029,-0.793634807505009,1.7339210575330495,24,37.5,0.6592855088585318,1984.1273038498998,-0.6428470589375012,0.5,0.382,1.5,300,INJUSDT
-15.428329414500029,-0.793634807505009,1.7339210575330495,24,37.5,0.6592855088585318,1984.1273038498998,-0.6428470589375012,0.5,0.382,1.5,600,INJUSDT
-15.428329414500029,-0.793634807505009,1.7339210575330495,24,37.5,0.6592855088585318,1984.1273038498998,-0.6428470589375012,0.5,0.5,1.5,600,INJUSDT
-15.428329414500029,-0.793634807505009,1.7339210575330495,24,37.5,0.6592855088585318,1984.1273038498998,-0.6428470589375012,0.5,0.5,1.5,300,INJUSDT
-15.428329414500029,-0.793634807505009,1.7339210575330495,24,37.5,0.6592855088585318,1984.1273038498998,-0.6428470589375012,0.5,0.5,1.5,900,INJUSDT
-15.428329414500029,-0.793634807505009,1.7339210575330495,24,37.5,0.6592855088585318,1984.1273038498998,-0.6428470589375012,0.5,0.618,1.5,300,INJUSDT
-15.428329414500029,-0.793634807505009,1.7339210575330495,24,37.5,0.6592855088585318,1984.1273038498998,-0.6428470589375012,0.5,0.618,1.5,600,INJUSDT
-15.428329414500029,-0.793634807505009,1.7339210575330495,24,37.5,0.6592855088585318,1984.1273038498998,-0.6428470589375012,0.5,0.618,1.5,900,INJUSDT
-15.428329414500029,-0.793634807505009,1.7339210575330495,24,37.5,0.6592855088585318,1984.1273038498998,-0.6428470589375012,0.618,0.382,1.5,300,INJUSDT
-15.428329414500029,-0.793634807505009,1.7339210575330495,24,37.5,0.6592855088585318,1984.1273038498998,-0.6428470589375012,0.618,0.382,1.5,600,INJUSDT
-15.428329414500029,-0.793634807505009,1.7339210575330495,24,37.5,0.6592855088585318,1984.1273038498998,-0.6428470589375012,0.618,0.382,1.5,900,INJUSDT
-15.428329414500029,-0.793634807505009,1.7339210575330495,24,37.5,0.6592855088585318,1984.1273038498998,-0.6428470589375012,0.618,0.5,1.5,300,INJUSDT
-15.428329414500029,-0.793634807505009,1.7339210575330495,24,37.5,0.6592855088585318,1984.1273038498998,-0.6428470589375012,0.618,0.5,1.5,600,INJUSDT
-15.428329414500029,-0.793634807505009,1.7339210575330495,24,37.5,0.6592855088585318,1984.1273038498998,-0.6428470589375012,0.618,0.5,1.5,900,INJUSDT
-15.428329414500029,-0.793634807505009,1.7339210575330495,24,37.5,0.6592855088585318,1984.1273038498998,-0.6428470589375012,0.618,0.618,1.5,300,INJUSDT
-15.428329414500029,-0.793634807505009,1.7339210575330495,24,37.5,0.6592855088585318,1984.1273038498998,-0.6428470589375012,0.618,0.618,1.5,600,INJUSDT
-15.428329414500029,-0.793634807505009,1.7339210575330495,24,37.5,0.6592855088585318,1984.1273038498998,-0.6428470589375012,0.618,0.618,1.5,900,INJUSDT
-15.938176599999952,-0.8177724900000272,1.734360894476894,22,36.36363636363637,0.6327545404282432,1983.6445501999995,-0.7244625727272705,0.786,0.382,1.5,300,INJUSDT
-15.938176599999952,-0.8177724900000272,1.734360894476894,22,36.36363636363637,0.6327545404282432,1983.6445501999995,-0.7244625727272705,0.786,0.382,1.5,600,INJUSDT
-15.938176599999952,-0.8177724900000272,1.734360894476894,22,36.36363636363637,0.6327545404282432,1983.6445501999995,-0.7244625727272705,0.786,0.5,1.5,300,INJUSDT
-15.938176599999952,-0.8177724900000272,1.734360894476894,22,36.36363636363637,0.6327545404282432,1983.6445501999995,-0.7244625727272705,0.786,0.5,1.5,600,INJUSDT
-15.938176599999952,-0.8177724900000272,1.734360894476894,22,36.36363636363637,0.6327545404282432,1983.6445501999995,-0.7244625727272705,0.786,0.618,1.5,600,INJUSDT
-15.938176599999952,-0.8177724900000272,1.734360894476894,22,36.36363636363637,0.6327545404282432,1983.6445501999995,-0.7244625727272705,0.786,0.618,1.5,300,INJUSDT
-16.89874601749996,-0.8652217305750242,1.7351901687487146,21,33.33333333333333,0.6106212207873775,1982.6955653884995,-0.8047021913095219,0.786,0.382,1.5,900,INJUSDT
-16.89874601749996,-0.8652217305750242,1.7351901687487146,21,33.33333333333333,0.6106212207873775,1982.6955653884995,-0.8047021913095219,0.786,0.5,1.5,900,INJUSDT
-16.89874601749996,-0.8652217305750242,1.7351901687487146,21,33.33333333333333,0.6106212207873775,1982.6955653884995,-0.8047021913095219,0.786,0.618,1.5,900,INJUSDT
-42.29199367700014,-2.164163059010059,2.3098142600250524,49,44.89795918367347,0.5219144555771541,1956.7167388197988,-0.8631019117755131,0.5,0.618,2.5,900,SEIUSDT
-42.29199367700014,-2.164163059010059,2.3098142600250524,49,44.89795918367347,0.5219144555771541,1956.7167388197988,-0.8631019117755131,0.618,0.618,2.5,900,SEIUSDT
-42.84203969900014,-2.1916950144700764,2.2624209868536354,49,44.89795918367347,0.5154432995618597,1956.1660997105985,-0.8743273407959212,0.786,0.618,2.5,300,SEIUSDT
-42.84203969900014,-2.1916950144700764,2.2624209868536354,49,44.89795918367347,0.5154432995618597,1956.1660997105985,-0.8743273407959212,0.786,0.618,2.5,600,SEIUSDT
-43.34858617900008,-2.2152156331300605,2.279932460650059,48,43.75,0.5098901192994306,1955.6956873373988,-0.903095545395835,0.786,0.618,2.5,900,SEIUSDT
-43.45415004900014,-2.2226228661500724,2.2923003968406883,49,44.89795918367347,0.5086005892145109,1955.5475426769985,-0.8868193887551049,0.5,0.618,2.5,300,SEIUSDT
-43.45415004900014,-2.2226228661500724,2.2923003968406883,49,44.89795918367347,0.5086005892145109,1955.5475426769985,-0.8868193887551049,0.5,0.618,2.5,600,SEIUSDT
-43.45415004900014,-2.2226228661500724,2.2923003968406883,49,44.89795918367347,0.5086005892145109,1955.5475426769985,-0.8868193887551049,0.618,0.618,2.5,300,SEIUSDT
-43.45415004900014,-2.2226228661500724,2.2923003968406883,49,44.89795918367347,0.5086005892145109,1955.5475426769985,-0.8868193887551049,0.618,0.618,2.5,600,SEIUSDT
-43.99525666650018,-2.249687123205092,2.2624209868536354,50,46.0,0.5137152563678701,1955.0062575358982,-0.8799051333300036,0.786,0.382,2.5,300,SEIUSDT
-43.99525666650018,-2.249687123205092,2.2624209868536354,50,46.0,0.5137152563678701,1955.0062575358982,-0.8799051333300036,0.786,0.382,2.5,600,SEIUSDT
-44.50180314650012,-2.273207741865076,2.279932460650059,49,44.89795918367347,0.5082889148811826,1954.5358451626985,-0.9082000642142882,0.786,0.382,2.5,900,SEIUSDT
-44.899336761500145,-2.294384018515086,2.2624209868536354,49,44.89795918367347,0.5037223528020925,1954.1123196296983,-0.916312995132656,0.786,0.5,2.5,300,SEIUSDT
-44.899336761500145,-2.294384018515086,2.2624209868536354,49,44.89795918367347,0.5037223528020925,1954.1123196296983,-0.916312995132656,0.786,0.5,2.5,600,SEIUSDT
-45.33634738850019,-2.3186281617650817,2.2923003968406883,51,45.09803921568628,0.5051150283071176,1953.6274367646984,-0.8889479880098076,0.618,0.382,2.5,300,SEIUSDT
-45.33634738850019,-2.3186281617650817,2.2923003968406883,51,45.09803921568628,0.5051150283071176,1953.6274367646984,-0.8889479880098076,0.618,0.382,2.5,600,SEIUSDT
-45.405883241500085,-2.31790463717507,2.279932460650059,48,43.75,0.4982995173036663,1953.6419072564986,-0.9459559008645851,0.786,0.5,2.5,900,SEIUSDT
-45.84289386850013,-2.3421487804250662,2.3098142600250524,50,44.0,0.49975903036187636,1953.1570243914987,-0.9168578773700026,0.618,0.382,2.5,900,SEIUSDT
-46.634629161000134,-2.3828140284700794,2.3395411411316362,50,44.0,0.4909431733774019,1952.3437194305984,-0.9326925832200027,0.618,0.5,2.5,300,SEIUSDT
-46.634629161000134,-2.3828140284700794,2.3395411411316362,50,44.0,0.4909431733774019,1952.3437194305984,-0.9326925832200027,0.618,0.5,2.5,600,SEIUSDT
-47.141175641000075,-2.4063346471300635,2.357058782050058,49,42.857142857142854,0.48559208587094116,1951.8733070573987,-0.9620648090000016,0.618,0.5,2.5,900,SEIUSDT
-48.87565912500015,-2.496186467470068,2.4515836795466046,51,45.09803921568628,0.48940306641102865,1950.0762706505986,-0.9583462573529441,0.5,0.382,2.5,600,SEIUSDT
-48.87565912500015,-2.496186467470068,2.4515836795466046,51,45.09803921568628,0.48940306641102865,1950.0762706505986,-0.9583462573529441,0.5,0.382,2.5,300,SEIUSDT
-49.38220560500009,-2.5197070861300515,2.4691102802500495,50,44.0,0.48428232266507615,1949.605858277399,-0.9876441121000018,0.5,0.382,2.5,900,SEIUSDT
-50.747346705000076,-2.588720994310063,2.545160575416689,50,44.0,0.4698498172867485,1948.2255801137987,-1.0149469341000015,0.5,0.5,2.5,300,SEIUSDT
-50.747346705000076,-2.588720994310063,2.545160575416689,50,44.0,0.4698498172867485,1948.2255801137987,-1.0149469341000015,0.5,0.5,2.5,600,SEIUSDT
-51.25389318500002,-2.6122416129700468,2.5626946592500417,49,42.857142857142854,0.4647355575980162,1947.755167740599,-1.0459978201020412,0.5,0.5,2.5,900,SEIUSDT
-57.25985209787716,-2.9241756333938493,3.1063479360188806,49,44.89795918367347,0.49902275017984965,1941.516487332123,-1.1685684101607583,0.5,0.618,2.0,900,SEIUSDT
-57.25985209787716,-2.9241756333938493,3.1063479360188806,49,44.89795918367347,0.49902275017984965,1941.516487332123,-1.1685684101607583,0.618,0.618,2.0,900,SEIUSDT
-57.725278116377154,-2.9473745201988435,3.0399600364160193,49,44.89795918367347,0.4944003944355817,1941.0525095960231,-1.1780669003342277,0.786,0.618,2.0,300,SEIUSDT
-57.725278116377154,-2.9473745201988435,3.0399600364160193,49,44.89795918367347,0.4944003944355817,1941.0525095960231,-1.1780669003342277,0.786,0.618,2.0,600,SEIUSDT
-58.42338009437708,-2.980111150858852,3.0612191307188823,48,43.75,0.4887543733401983,1940.397776982823,-1.2171537519661892,0.786,0.618,2.0,900,SEIUSDT
-58.647628684877155,-2.993914534983844,3.0850824912521944,49,44.89795918367347,0.48641073629041354,1940.1217093003231,-1.1968903813240235,0.5,0.618,2.0,300,SEIUSDT
-58.647628684877155,-2.993914534983844,3.0850824912521944,49,44.89795918367347,0.48641073629041354,1940.1217093003231,-1.1968903813240235,0.5,0.618,2.0,600,SEIUSDT
-58.647628684877155,-2.993914534983844,3.0850824912521944,49,44.89795918367347,0.48641073629041354,1940.1217093003231,-1.1968903813240235,0.618,0.618,2.0,300,SEIUSDT
-58.647628684877155,-2.993914534983844,3.0850824912521944,49,44.89795918367347,0.48641073629041354,1940.1217093003231,-1.1968903813240235,0.618,0.618,2.0,600,SEIUSDT
-59.0141206158772,-3.0121435958538543,3.0399600364160193,50,46.0,0.49313969824909604,1939.757128082923,-1.180282412317544,0.786,0.382,2.0,300,SEIUSDT
-59.0141206158772,-3.0121435958538543,3.0399600364160193,50,46.0,0.49313969824909604,1939.757128082923,-1.180282412317544,0.786,0.382,2.0,600,SEIUSDT
-59.71222259387712,-3.0448802265138624,3.0612191307188823,49,44.89795918367347,0.48760424649470396,1939.1023954697228,-1.2186167876301452,0.786,0.382,2.0,900,SEIUSDT
-59.98409852587716,-3.0600984190338525,3.0399600364160193,49,44.89795918367347,0.48480875489141395,1938.798031619323,-1.2241652760383093,0.786,0.5,2.0,300,SEIUSDT
-59.98409852587716,-3.0600984190338525,3.0399600364160193,49,44.89795918367347,0.48480875489141395,1938.798031619323,-1.2241652760383093,0.786,0.5,2.0,600,SEIUSDT
-60.682200503877084,-3.0928350496938606,3.0612191307188823,48,43.75,0.479280782043242,1938.1432990061228,-1.2642125104974393,0.786,0.5,2.0,900,SEIUSDT
-60.893104283377205,-3.1084126126288423,3.0850824912521944,51,45.09803921568628,0.48341501147677024,1937.8317477474232,-1.1939824369289649,0.618,0.382,2.0,300,SEIUSDT
-60.893104283377205,-3.1084126126288423,3.0850824912521944,51,45.09803921568628,0.48341501147677024,1937.8317477474232,-1.1939824369289649,0.618,0.382,2.0,600,SEIUSDT
-61.59120626137713,-3.141149243288851,3.1063479360188806,50,44.0,0.4779560038319774,1937.177015134223,-1.2318241252275426,0.618,0.382,2.0,900,SEIUSDT
-62.33218930087715,-3.1795596633438437,3.1302427633910272,50,44.0,0.4712065730008869,1936.4088067331231,-1.246643786017543,0.618,0.5,2.0,300,SEIUSDT
-62.33218930087715,-3.1795596633438437,3.1302427633910272,50,44.0,0.4712065730008869,1936.4088067331231,-1.246643786017543,0.618,0.5,2.0,600,SEIUSDT
-63.03029127887707,-3.2122962940038517,3.151514563943886,49,42.857142857142854,0.46575839091020693,1935.754074119923,-1.2863324750791238,0.618,0.5,2.0,900,SEIUSDT
-65.43094913587716,-3.3361010391138395,3.285158952478504,51,45.09803921568628,0.4687058742640743,1933.2779792177232,-1.2829597869779834,0.5,0.382,2.0,300,SEIUSDT
-65.43094913587716,-3.3361010391138395,3.285158952478504,51,45.09803921568628,0.4687058742640743,1933.2779792177232,-1.2829597869779834,0.5,0.382,2.0,600,SEIUSDT
-66.12905111387708,-3.3688376697738476,3.306452555693875,50,44.0,0.4634930936386852,1932.623246604523,-1.3225810222775416,0.5,0.382,2.0,900,SEIUSDT
-67.60984379587707,-3.4438236037938394,3.394088354924523,50,44.0,0.45101342216390183,1931.1235279241232,-1.3521968759175413,0.5,0.5,2.0,300,SEIUSDT
-67.60984379587707,-3.4438236037938394,3.394088354924523,50,44.0,0.45101342216390183,1931.1235279241232,-1.3521968759175413,0.5,0.5,2.0,600,SEIUSDT
-68.307945773877,-3.476560234453848,3.415397288693873,49,42.857142857142854,0.4458156581752504,1930.468795310923,-1.3940397096709591,0.5,0.5,2.0,900,SEIUSDT
-68.64179682873078,-3.5120698838965043,3.755149553111528,49,44.89795918367347,0.5209417824005194,1929.75860232207,-1.4008529965047096,0.5,0.618,1.5,900,SEIUSDT
-68.64179682873078,-3.5120698838965043,3.755149553111528,49,44.89795918367347,0.5209417824005194,1929.75860232207,-1.4008529965047096,0.618,0.618,1.5,900,SEIUSDT
-68.81924686773077,-3.5206576636665203,3.6520447900588304,49,44.89795918367347,0.5187036318465353,1929.5868467266696,-1.4044744258720565,0.786,0.618,1.5,300,SEIUSDT
-68.81924686773077,-3.5206576636665203,3.6520447900588304,49,44.89795918367347,0.5187036318465353,1929.5868467266696,-1.4044744258720565,0.786,0.618,1.5,600,SEIUSDT
-69.87942399273066,-3.5709543406965056,3.6794101240615307,48,43.75,0.5122063593535573,1928.58091318607,-1.4558213331818888,0.786,0.618,1.5,900,SEIUSDT
-70.27633981373081,-3.5938240677665245,3.6520447900588304,50,46.0,0.5169708619787301,1928.1235186446695,-1.4055267962746163,0.786,0.382,1.5,300,SEIUSDT
-70.27633981373081,-3.5938240677665245,3.6520447900588304,50,46.0,0.5169708619787301,1928.1235186446695,-1.4055267962746163,0.786,0.382,1.5,600,SEIUSDT
-70.36279112373077,-3.5984072498665225,3.7277640660196063,49,44.89795918367347,0.5080075969117467,1928.0318550026695,-1.43597532905573,0.5,0.618,1.5,300,SEIUSDT
-70.36279112373077,-3.5984072498665225,3.7277640660196063,49,44.89795918367347,0.5080075969117467,1928.0318550026695,-1.43597532905573,0.5,0.618,1.5,600,SEIUSDT
-70.36279112373077,-3.5984072498665225,3.7277640660196063,49,44.89795918367347,0.5080075969117467,1928.0318550026695,-1.43597532905573,0.618,0.618,1.5,300,SEIUSDT
-70.36279112373077,-3.5984072498665225,3.7277640660196063,49,44.89795918367347,0.5080075969117467,1928.0318550026695,-1.43597532905573,0.618,0.618,1.5,600,SEIUSDT
-71.32288245123077,-3.645564181241525,3.6520447900588304,49,44.89795918367347,0.5097776787618183,1927.0887163751695,-1.4555690296169546,0.786,0.5,1.5,300,SEIUSDT
-71.32288245123077,-3.645564181241525,3.6520447900588304,49,44.89795918367347,0.5097776787618183,1927.0887163751695,-1.4555690296169546,0.786,0.5,1.5,600,SEIUSDT
-71.33651693873071,-3.64412074479651,3.6794101240615307,49,44.89795918367347,0.5105883857914244,1927.1175851040698,-1.455847284463892,0.786,0.382,1.5,900,SEIUSDT
-72.38305957623066,-3.6958608582715105,3.6794101240615307,48,43.75,0.5034084708819697,1926.0827828345698,-1.507980407838139,0.786,0.5,1.5,900,SEIUSDT
-73.12813625573082,-3.7394027425865146,3.7277640660196063,51,45.09803921568628,0.5038641184046533,1925.2119451482697,-1.433885024622173,0.618,0.382,1.5,300,SEIUSDT
-73.12813625573082,-3.7394027425865146,3.7277640660196063,51,45.09803921568628,0.5038641184046533,1925.2119451482697,-1.433885024622173,0.618,0.382,1.5,600,SEIUSDT
-74.18831338073072,-3.7896994196165,3.755149553111528,50,44.0,0.4975878241405067,1924.20601160767,-1.4837662676146144,0.618,0.382,1.5,900,SEIUSDT
-74.74215863823076,-3.81919853707152,3.762721996829814,50,44.0,0.4929138267842584,1923.6160292585696,-1.4948431727646152,0.618,0.5,1.5,300,SEIUSDT
-74.74215863823076,-3.81919853707152,3.762721996829814,50,44.0,0.4929138267842584,1923.6160292585696,-1.4948431727646152,0.618,0.5,1.5,600,SEIUSDT
-75.80233576323066,-3.869495214101505,3.790116788161504,49,42.857142857142854,0.4866574705561598,1922.61009571797,-1.5469864441475645,0.618,0.5,1.5,900,SEIUSDT
-79.39065287873076,-4.0536613311965315,3.995084864238124,51,45.09803921568628,0.48664513602975545,1918.9267733760694,-1.556679468210407,0.5,0.382,1.5,300,SEIUSDT
-79.39065287873076,-4.0536613311965315,3.995084864238124,51,45.09803921568628,0.48664513602975545,1918.9267733760694,-1.556679468210407,0.5,0.382,1.5,600,SEIUSDT
-80.45083000373066,-4.103958008226516,4.022541500186515,50,44.0,0.4806926592829592,1917.9208398354697,-1.6090166000746131,0.5,0.382,1.5,900,SEIUSDT
-81.99740925123066,-4.18253698870152,4.1253880019879015,50,44.0,0.46978936000972016,1916.3492602259696,-1.6399481850246134,0.5,0.5,1.5,600,SEIUSDT
-81.99740925123066,-4.18253698870152,4.1253880019879015,50,44.0,0.46978936000972016,1916.3492602259696,-1.6399481850246134,0.5,0.5,1.5,300,SEIUSDT
-83.05758637623056,-4.232833665731505,4.152879318811506,49,42.857142857142854,0.4638661365530215,1915.34332668537,-1.6950527831883788,0.5,0.5,1.5,900,SEIUSDT
58.88129336649908,2.874903873984954,1.6167289603986088,38,50.0,1.905195012597701,2057.498077479699,1.5495077201710283,0.786,0.618,1.5,300,STXUSDT
58.88129336649908,2.874903873984954,1.6167289603986088,38,50.0,1.905195012597701,2057.498077479699,1.5495077201710283,0.786,0.618,1.5,600,STXUSDT
57.16227144999906,2.78905009169996,1.6180955549471587,38,50.0,1.856142909120944,2055.781001833999,1.5042703013157648,0.786,0.5,1.5,300,STXUSDT
57.16227144999906,2.78905009169996,1.6180955549471587,38,50.0,1.856142909120944,2055.781001833999,1.5042703013157648,0.786,0.5,1.5,600,STXUSDT
57.10490214449904,2.775827666204941,1.6785518866893654,42,47.61904761904761,1.832791463590385,2055.516553324099,1.3596405272499772,0.786,0.618,1.5,900,STXUSDT
56.17180634949908,2.73958208405495,1.6188840082248726,38,50.0,1.8290102657384621,2054.791641681099,1.4782054302499759,0.786,0.382,1.5,300,STXUSDT
56.17180634949908,2.73958208405495,1.6188840082248726,38,50.0,1.8290102657384621,2054.791641681099,1.4782054302499759,0.786,0.382,1.5,600,STXUSDT
55.38588022799902,2.689973883919947,1.6799707391463918,42,47.61904761904761,1.7879681393011797,2053.799477678399,1.3187114339999766,0.786,0.5,1.5,900,STXUSDT
54.395415127499035,2.6405058762749376,1.680789342492587,42,47.61904761904761,1.7631235670724086,2052.8101175254988,1.29512893160712,0.786,0.382,1.5,900,STXUSDT
44.233036851999294,2.1586050678800235,1.2481229561929597,38,50.0,1.8785751540625244,2043.1721013576005,1.1640272855789289,0.786,0.618,2.0,300,STXUSDT
44.233036851999294,2.1586050678800235,1.2481229561929597,38,50.0,1.8785751540625244,2043.1721013576005,1.1640272855789289,0.786,0.618,2.0,600,STXUSDT
42.744628446499256,2.0764323857850284,1.3015293380868698,42,47.61904761904761,1.8056340430407867,2041.5286477157006,1.0177292487261727,0.786,0.618,2.0,900,STXUSDT
42.55838454099927,2.0749485818900326,1.2491552126775842,38,50.0,1.8181003238908673,2041.4989716378007,1.1199574879210334,0.786,0.5,2.0,300,STXUSDT
42.55838454099927,2.0749485818900326,1.2491552126775842,38,50.0,1.8181003238908673,2041.4989716378007,1.1199574879210334,0.786,0.5,2.0,600,STXUSDT
41.546552907999285,2.024403324920024,1.2497797340800723,38,50.0,1.783412152636382,2040.4880664984005,1.0933303396841918,0.786,0.382,2.0,300,STXUSDT
41.546552907999285,2.024403324920024,1.2497797340800723,38,50.0,1.783412152636382,2040.4880664984005,1.0933303396841918,0.786,0.382,2.0,600,STXUSDT
41.06997613549923,1.992775899795038,1.3026057641653284,42,47.61904761904761,1.7503862653800089,2039.8555179959008,0.9778565746547436,0.786,0.5,2.0,900,STXUSDT
40.058144502499246,1.9422306428250293,1.303257008438634,42,47.61904761904761,1.7186140831458145,2038.8446128565006,0.9537653452976012,0.786,0.382,2.0,900,STXUSDT
38.45692977382492,1.8537809352312136,1.6331167306430774,38,47.368421052631575,1.4695491276257904,2037.0756187046243,1.0120244677322348,0.618,0.382,1.5,300,STXUSDT
38.45692977382492,1.8537809352312136,1.6331167306430774,38,47.368421052631575,1.4695491276257904,2037.0756187046243,1.0120244677322348,0.618,0.382,1.5,600,STXUSDT
38.39071145342771,1.8503678763513565,1.63317040214851,38,47.368421052631575,1.4683619445137461,2037.0073575270271,1.0102818803533609,0.5,0.382,1.5,600,STXUSDT
38.39071145342771,1.8503678763513565,1.63317040214851,38,47.368421052631575,1.4683619445137461,2037.0073575270271,1.0102818803533609,0.5,0.382,1.5,300,STXUSDT
38.376464942067756,1.8496304397433505,1.6331819497420328,38,47.368421052631575,1.468106779214636,2036.992608794867,1.0099069721596778,0.618,0.5,1.5,300,STXUSDT
38.376464942067756,1.8496304397433505,1.6331819497420328,38,47.368421052631575,1.468106779214636,2036.992608794867,1.0099069721596778,0.618,0.5,1.5,600,STXUSDT
38.231430920820486,1.8421241022209982,1.633299517214358,38,47.368421052631575,1.4655141532319784,2036.84248204442,1.0060902873900128,0.5,0.5,1.5,600,STXUSDT
38.231430920820486,1.8421241022209982,1.633299517214358,38,47.368421052631575,1.4655141532319784,2036.84248204442,1.0060902873900128,0.5,0.5,1.5,300,STXUSDT
38.22628112727608,1.841836315183775,1.6333036920509705,38,47.368421052631575,1.4654222639325503,2036.8367263036755,1.0059547665072652,0.5,0.618,1.5,300,STXUSDT
38.22628112727608,1.841836315183775,1.6333036920509705,38,47.368421052631575,1.4654222639325503,2036.8367263036755,1.0059547665072652,0.5,0.618,1.5,600,STXUSDT
38.22628112727608,1.841836315183775,1.6333036920509705,38,47.368421052631575,1.4654222639325503,2036.8367263036755,1.0059547665072652,0.618,0.618,1.5,300,STXUSDT
38.22628112727608,1.841836315183775,1.6333036920509705,38,47.368421052631575,1.4654222639325503,2036.8367263036755,1.0059547665072652,0.618,0.618,1.5,600,STXUSDT
36.51428187382499,1.750730050431207,1.6955663172688127,41,43.90243902439025,1.4282125824956886,2035.0146010086241,0.8905922408249998,0.618,0.382,1.5,900,STXUSDT
36.44806355342779,1.7473169915513496,1.6956220411464151,41,43.90243902439025,1.4271043508391636,2034.946339831027,0.8889771598397022,0.5,0.382,1.5,900,STXUSDT
36.43381704206783,1.7465795549433438,1.6956340303142774,41,43.90243902439025,1.4268661456059462,2034.9315910988669,0.8886296839528739,0.618,0.5,1.5,900,STXUSDT
36.28878302082056,1.7390732174209917,1.6957560935093576,41,43.90243902439025,1.4244456582750702,2034.7814643484198,0.8850922688005015,0.5,0.5,1.5,900,STXUSDT
36.28363322727615,1.7387854303837686,1.6957604279896843,41,43.90243902439025,1.4243598638165778,2034.7757086076754,0.8849666640799061,0.5,0.618,1.5,900,STXUSDT
36.28363322727615,1.7387854303837686,1.6957604279896843,41,43.90243902439025,1.4243598638165778,2034.7757086076754,0.8849666640799061,0.618,0.618,1.5,900,STXUSDT
35.37599833249943,1.7257499829249467,1.0171465964209705,38,50.0,1.860201251556298,2034.514999658499,0.9309473245394586,0.786,0.618,2.5,300,STXUSDT
35.37599833249943,1.7257499829249467,1.0171465964209705,38,50.0,1.860201251556298,2034.514999658499,0.9309473245394586,0.786,0.618,2.5,600,STXUSDT
34.1071485859994,1.6560768301399433,1.0634115122082186,42,47.61904761904761,1.7871811004489127,2033.1215366027989,0.812074966333319,0.786,0.618,2.5,900,STXUSDT
33.7790159944994,1.6459626009049428,1.0179509027646698,38,50.0,1.790665840351494,2032.9192520180989,0.8889214735394579,0.786,0.5,2.5,600,STXUSDT
33.7790159944994,1.6459626009049428,1.0179509027646698,38,50.0,1.790665840351494,2032.9192520180989,0.8889214735394579,0.786,0.5,2.5,300,STXUSDT
32.75705134549941,1.5949033300949509,1.0184662742147215,38,50.0,1.748831791911398,2031.898066601899,0.8620276669868266,0.786,0.382,2.5,300,STXUSDT
32.75705134549941,1.5949033300949509,1.0184662742147215,38,50.0,1.748831791911398,2031.898066601899,0.8620276669868266,0.786,0.382,2.5,600,STXUSDT
32.51016624799937,1.5762894481199397,1.0642524024282143,42,47.61904761904761,1.7236511196368054,2031.5257889623988,0.7740515773333184,0.786,0.5,2.5,900,STXUSDT
31.488201598999392,1.5252301773099475,1.0647912155501147,42,47.61904761904761,1.6853133725415028,2030.504603546199,0.7497190856904618,0.786,0.382,2.5,900,STXUSDT
27.152824638499443,1.3144447932649541,1.02130175968902,38,47.368421052631575,1.575211060296881,2026.288895865299,0.7145480168026169,0.5,0.618,2.5,300,STXUSDT
27.152824638499443,1.3144447932649541,1.02130175968902,38,47.368421052631575,1.575211060296881,2026.288895865299,0.7145480168026169,0.5,0.618,2.5,600,STXUSDT
27.152824638499443,1.3144447932649541,1.02130175968902,38,47.368421052631575,1.575211060296881,2026.288895865299,0.7145480168026169,0.618,0.618,2.5,300,STXUSDT
27.152824638499443,1.3144447932649541,1.02130175968902,38,47.368421052631575,1.575211060296881,2026.288895865299,0.7145480168026169,0.618,0.618,2.5,600,STXUSDT
25.75703446599948,1.2409194621399593,1.067755673089154,41,43.90243902439025,1.5219945466785783,2024.8183892427992,0.6282203528292557,0.5,0.618,2.5,900,STXUSDT
25.75703446599948,1.2409194621399593,1.067755673089154,41,43.90243902439025,1.5219945466785783,2024.8183892427992,0.6282203528292557,0.618,0.618,2.5,900,STXUSDT
24.811748805499445,1.1975222574949498,1.0224909189447426,38,47.368421052631575,1.5007815474614385,2023.950445149899,0.6529407580394591,0.618,0.5,2.5,300,STXUSDT
24.811748805499445,1.1975222574949498,1.0224909189447426,38,47.368421052631575,1.5007815474614385,2023.950445149899,0.6529407580394591,0.618,0.5,2.5,600,STXUSDT
24.311731483139432,1.1626139684370287,1.2605141191774432,38,47.368421052631575,1.3596997618634288,2023.2522793687406,0.6397824074510376,0.618,0.382,2.0,300,STXUSDT
24.311731483139432,1.1626139684370287,1.2605141191774432,38,47.368421052631575,1.3596997618634288,2023.2522793687406,0.6397824074510376,0.618,0.382,2.0,600,STXUSDT
24.275041167713674,1.1607033413657633,1.2605371677485468,38,47.368421052631575,1.3589620563382445,2023.2140668273153,0.6388168728345703,0.5,0.382,2.0,300,STXUSDT
24.275041167713674,1.1607033413657633,1.2605371677485468,38,47.368421052631575,1.3589620563382445,2023.2140668273153,0.6388168728345703,0.5,0.382,2.0,600,STXUSDT
24.263878345163704,1.1601255245382505,1.2605441803141861,38,47.368421052631575,1.35873777236603,2023.202510490765,0.6385231143464133,0.618,0.5,2.0,300,STXUSDT
24.263878345163704,1.1601255245382505,1.2605441803141861,38,47.368421052631575,1.35873777236603,2023.202510490765,0.6385231143464133,0.618,0.5,2.0,600,STXUSDT
24.167301838867196,1.1551342287634156,1.2606048536297678,38,47.368421052631575,1.3568004390227657,2023.1026845752683,0.6359816273386104,0.5,0.5,2.0,300,STXUSDT
24.167301838867196,1.1551342287634156,1.2606048536297678,38,47.368421052631575,1.3568004390227657,2023.1026845752683,0.6359816273386104,0.5,0.5,2.0,600,STXUSDT
24.16155582932722,1.15482375682642,1.2606084636923105,38,47.368421052631575,1.3566853476709515,2023.0964751365284,0.6358304165612426,0.5,0.618,2.0,300,STXUSDT
24.16155582932722,1.15482375682642,1.2606084636923105,38,47.368421052631575,1.3566853476709515,2023.0964751365284,0.6358304165612426,0.5,0.618,2.0,600,STXUSDT
24.16155582932722,1.15482375682642,1.2606084636923105,38,47.368421052631575,1.3566853476709515,2023.0964751365284,0.6358304165612426,0.618,0.618,2.0,300,STXUSDT
24.16155582932722,1.15482375682642,1.2606084636923105,38,47.368421052631575,1.3566853476709515,2023.0964751365284,0.6358304165612426,0.618,0.618,2.0,600,STXUSDT
23.93858533249946,1.1539391369249528,1.0229351553257524,38,47.368421052631575,1.4747909086786224,2023.078782738499,0.6299627719078805,0.618,0.382,2.5,300,STXUSDT
23.93858533249946,1.1539391369249528,1.0229351553257524,38,47.368421052631575,1.4747909086786224,2023.078782738499,0.6299627719078805,0.618,0.382,2.5,600,STXUSDT
23.41595863299948,1.123996926369955,1.068998921256954,41,43.90243902439025,1.453055118442207,2022.479938527399,0.57112094226828,0.618,0.5,2.5,900,STXUSDT
22.67881084113948,1.0763911240570336,1.3144507109991292,41,43.90243902439025,1.3230369737622891,2021.5278224811407,0.5531417278326702,0.618,0.382,2.0,900,STXUSDT
22.64212052571373,1.0744804969857682,1.3144747458038284,41,43.90243902439025,1.3223458935297476,2021.4896099397154,0.5522468420905787,0.5,0.382,2.0,900,STXUSDT
22.63095770316376,1.0739026801582554,1.31448205843266,41,43.90243902439025,1.322135779465536,2021.478053603165,0.5519745781259453,0.618,0.5,2.0,900,STXUSDT
22.5427951599995,1.080413805799958,1.0694633637309985,41,43.90243902439025,1.4289149094094205,2021.6082761159992,0.5498242721951098,0.618,0.382,2.5,900,STXUSDT
22.534381196867244,1.0689113843834208,1.314545327920555,41,43.90243902439025,1.320320736265832,2021.3782276876684,0.5496190535821279,0.5,0.5,2.0,900,STXUSDT
22.528635187327268,1.0686009124464249,1.314549092455362,41,43.90243902439025,1.3202129037511214,2021.3720182489285,0.5494789070079822,0.5,0.618,2.0,900,STXUSDT
22.528635187327268,1.0686009124464249,1.314549092455362,41,43.90243902439025,1.3202129037511214,2021.3720182489285,0.5494789070079822,0.618,0.618,2.0,900,STXUSDT
15.652049059999472,0.7395535069999483,1.0271703621019803,38,47.368421052631575,1.2666186613833192,2014.791070139999,0.41189602789472296,0.5,0.382,2.5,600,STXUSDT
15.652049059999472,0.7395535069999483,1.0271703621019803,38,47.368421052631575,1.2666186613833192,2014.791070139999,0.41189602789472296,0.5,0.382,2.5,300,STXUSDT
15.569841860556567,0.7353141898877993,1.0272125534741863,38,47.368421052631575,1.2648474624163015,2014.706283797756,0.4097326805409623,0.5,0.5,2.5,300,STXUSDT
15.569841860556567,0.7353141898877993,1.0272125534741863,38,47.368421052631575,1.2648474624163015,2014.706283797756,0.4097326805409623,0.5,0.5,2.5,600,STXUSDT
14.256258887499511,0.6660281758749533,1.073891208899306,41,43.90243902439025,1.2343073411536227,2013.320563517499,0.3477136314024271,0.5,0.382,2.5,900,STXUSDT
14.174051688056606,0.6617888587628045,1.073935319346195,41,43.90243902439025,1.232641908387072,2013.235777175256,0.3457085777574782,0.5,0.5,2.5,900,STXUSDT
6.8053689840002525,0.3103314621599907,0.5356539518666177,13,61.53846153846154,1.433683713907374,2006.2066292431998,0.5234899218461733,0.5,0.382,1.5,600,AAVEUSDT
6.8053689840002525,0.3103314621599907,0.5356539518666177,13,61.53846153846154,1.433683713907374,2006.2066292431998,0.5234899218461733,0.5,0.382,1.5,900,AAVEUSDT
6.8053689840002525,0.3103314621599907,0.5356539518666177,13,61.53846153846154,1.433683713907374,2006.2066292431998,0.5234899218461733,0.5,0.382,1.5,300,AAVEUSDT
6.8053689840002525,0.3103314621599907,0.5356539518666177,13,61.53846153846154,1.433683713907374,2006.2066292431998,0.5234899218461733,0.5,0.5,1.5,300,AAVEUSDT
6.8053689840002525,0.3103314621599907,0.5356539518666177,13,61.53846153846154,1.433683713907374,2006.2066292431998,0.5234899218461733,0.5,0.5,1.5,600,AAVEUSDT
6.8053689840002525,0.3103314621599907,0.5356539518666177,13,61.53846153846154,1.433683713907374,2006.2066292431998,0.5234899218461733,0.5,0.5,1.5,900,AAVEUSDT
6.8053689840002525,0.3103314621599907,0.5356539518666177,13,61.53846153846154,1.433683713907374,2006.2066292431998,0.5234899218461733,0.5,0.618,1.5,300,AAVEUSDT
6.8053689840002525,0.3103314621599907,0.5356539518666177,13,61.53846153846154,1.433683713907374,2006.2066292431998,0.5234899218461733,0.5,0.618,1.5,600,AAVEUSDT
6.8053689840002525,0.3103314621599907,0.5356539518666177,13,61.53846153846154,1.433683713907374,2006.2066292431998,0.5234899218461733,0.5,0.618,1.5,900,AAVEUSDT
6.8053689840002525,0.3103314621599907,0.5356539518666177,13,61.53846153846154,1.433683713907374,2006.2066292431998,0.5234899218461733,0.618,0.382,1.5,300,AAVEUSDT
6.8053689840002525,0.3103314621599907,0.5356539518666177,13,61.53846153846154,1.433683713907374,2006.2066292431998,0.5234899218461733,0.618,0.382,1.5,600,AAVEUSDT
6.8053689840002525,0.3103314621599907,0.5356539518666177,13,61.53846153846154,1.433683713907374,2006.2066292431998,0.5234899218461733,0.618,0.382,1.5,900,AAVEUSDT
6.8053689840002525,0.3103314621599907,0.5356539518666177,13,61.53846153846154,1.433683713907374,2006.2066292431998,0.5234899218461733,0.618,0.5,1.5,300,AAVEUSDT
6.8053689840002525,0.3103314621599907,0.5356539518666177,13,61.53846153846154,1.433683713907374,2006.2066292431998,0.5234899218461733,0.618,0.5,1.5,600,AAVEUSDT
6.8053689840002525,0.3103314621599907,0.5356539518666177,13,61.53846153846154,1.433683713907374,2006.2066292431998,0.5234899218461733,0.618,0.5,1.5,900,AAVEUSDT
6.8053689840002525,0.3103314621599907,0.5356539518666177,13,61.53846153846154,1.433683713907374,2006.2066292431998,0.5234899218461733,0.618,0.618,1.5,300,AAVEUSDT
6.8053689840002525,0.3103314621599907,0.5356539518666177,13,61.53846153846154,1.433683713907374,2006.2066292431998,0.5234899218461733,0.618,0.618,1.5,600,AAVEUSDT
6.8053689840002525,0.3103314621599907,0.5356539518666177,13,61.53846153846154,1.433683713907374,2006.2066292431998,0.5234899218461733,0.618,0.618,1.5,900,AAVEUSDT
6.8053689840002525,0.3103314621599907,0.5356539518666177,13,61.53846153846154,1.433683713907374,2006.2066292431998,0.5234899218461733,0.786,0.382,1.5,300,AAVEUSDT
6.8053689840002525,0.3103314621599907,0.5356539518666177,13,61.53846153846154,1.433683713907374,2006.2066292431998,0.5234899218461733,0.786,0.382,1.5,600,AAVEUSDT
6.8053689840002525,0.3103314621599907,0.5356539518666177,13,61.53846153846154,1.433683713907374,2006.2066292431998,0.5234899218461733,0.786,0.382,1.5,900,AAVEUSDT
6.8053689840002525,0.3103314621599907,0.5356539518666177,13,61.53846153846154,1.433683713907374,2006.2066292431998,0.5234899218461733,0.786,0.5,1.5,300,AAVEUSDT
6.8053689840002525,0.3103314621599907,0.5356539518666177,13,61.53846153846154,1.433683713907374,2006.2066292431998,0.5234899218461733,0.786,0.5,1.5,600,AAVEUSDT
6.8053689840002525,0.3103314621599907,0.5356539518666177,13,61.53846153846154,1.433683713907374,2006.2066292431998,0.5234899218461733,0.786,0.5,1.5,900,AAVEUSDT
6.8053689840002525,0.3103314621599907,0.5356539518666177,13,61.53846153846154,1.433683713907374,2006.2066292431998,0.5234899218461733,0.786,0.618,1.5,300,AAVEUSDT
6.8053689840002525,0.3103314621599907,0.5356539518666177,13,61.53846153846154,1.433683713907374,2006.2066292431998,0.5234899218461733,0.786,0.618,1.5,600,AAVEUSDT
6.8053689840002525,0.3103314621599907,0.5356539518666177,13,61.53846153846154,1.433683713907374,2006.2066292431998,0.5234899218461733,0.786,0.618,1.5,900,AAVEUSDT
5.398026310500194,0.2465960847450219,0.4137807132799323,13,61.53846153846154,1.4443293787733316,2004.9319216949004,0.41523279311539957,0.5,0.382,2.0,300,AAVEUSDT
5.398026310500194,0.2465960847450219,0.4137807132799323,13,61.53846153846154,1.4443293787733316,2004.9319216949004,0.41523279311539957,0.5,0.382,2.0,600,AAVEUSDT
5.398026310500194,0.2465960847450219,0.4137807132799323,13,61.53846153846154,1.4443293787733316,2004.9319216949004,0.41523279311539957,0.5,0.382,2.0,900,AAVEUSDT
5.398026310500194,0.2465960847450219,0.4137807132799323,13,61.53846153846154,1.4443293787733316,2004.9319216949004,0.41523279311539957,0.5,0.5,2.0,900,AAVEUSDT
5.398026310500194,0.2465960847450219,0.4137807132799323,13,61.53846153846154,1.4443293787733316,2004.9319216949004,0.41523279311539957,0.5,0.5,2.0,300,AAVEUSDT
5.398026310500194,0.2465960847450219,0.4137807132799323,13,61.53846153846154,1.4443293787733316,2004.9319216949004,0.41523279311539957,0.5,0.5,2.0,600,AAVEUSDT
5.398026310500194,0.2465960847450219,0.4137807132799323,13,61.53846153846154,1.4443293787733316,2004.9319216949004,0.41523279311539957,0.5,0.618,2.0,300,AAVEUSDT
5.398026310500194,0.2465960847450219,0.4137807132799323,13,61.53846153846154,1.4443293787733316,2004.9319216949004,0.41523279311539957,0.5,0.618,2.0,600,AAVEUSDT
5.398026310500194,0.2465960847450219,0.4137807132799323,13,61.53846153846154,1.4443293787733316,2004.9319216949004,0.41523279311539957,0.5,0.618,2.0,900,AAVEUSDT
5.398026310500194,0.2465960847450219,0.4137807132799323,13,61.53846153846154,1.4443293787733316,2004.9319216949004,0.41523279311539957,0.618,0.382,2.0,300,AAVEUSDT
5.398026310500194,0.2465960847450219,0.4137807132799323,13,61.53846153846154,1.4443293787733316,2004.9319216949004,0.41523279311539957,0.618,0.382,2.0,600,AAVEUSDT
5.398026310500194,0.2465960847450219,0.4137807132799323,13,61.53846153846154,1.4443293787733316,2004.9319216949004,0.41523279311539957,0.618,0.382,2.0,900,AAVEUSDT
5.398026310500194,0.2465960847450219,0.4137807132799323,13,61.53846153846154,1.4443293787733316,2004.9319216949004,0.41523279311539957,0.618,0.5,2.0,300,AAVEUSDT
5.398026310500194,0.2465960847450219,0.4137807132799323,13,61.53846153846154,1.4443293787733316,2004.9319216949004,0.41523279311539957,0.618,0.5,2.0,600,AAVEUSDT
5.398026310500194,0.2465960847450219,0.4137807132799323,13,61.53846153846154,1.4443293787733316,2004.9319216949004,0.41523279311539957,0.618,0.5,2.0,900,AAVEUSDT
5.398026310500194,0.2465960847450219,0.4137807132799323,13,61.53846153846154,1.4443293787733316,2004.9319216949004,0.41523279311539957,0.618,0.618,2.0,300,AAVEUSDT
5.398026310500194,0.2465960847450219,0.4137807132799323,13,61.53846153846154,1.4443293787733316,2004.9319216949004,0.41523279311539957,0.618,0.618,2.0,600,AAVEUSDT
5.398026310500194,0.2465960847450219,0.4137807132799323,13,61.53846153846154,1.4443293787733316,2004.9319216949004,0.41523279311539957,0.618,0.618,2.0,900,AAVEUSDT
5.398026310500194,0.2465960847450219,0.4137807132799323,13,61.53846153846154,1.4443293787733316,2004.9319216949004,0.41523279311539957,0.786,0.382,2.0,300,AAVEUSDT
5.398026310500194,0.2465960847450219,0.4137807132799323,13,61.53846153846154,1.4443293787733316,2004.9319216949004,0.41523279311539957,0.786,0.382,2.0,600,AAVEUSDT
5.398026310500194,0.2465960847450219,0.4137807132799323,13,61.53846153846154,1.4443293787733316,2004.9319216949004,0.41523279311539957,0.786,0.382,2.0,900,AAVEUSDT
5.398026310500194,0.2465960847450219,0.4137807132799323,13,61.53846153846154,1.4443293787733316,2004.9319216949004,0.41523279311539957,0.786,0.5,2.0,300,AAVEUSDT
5.398026310500194,0.2465960847450219,0.4137807132799323,13,61.53846153846154,1.4443293787733316,2004.9319216949004,0.41523279311539957,0.786,0.5,2.0,600,AAVEUSDT
5.398026310500194,0.2465960847450219,0.4137807132799323,13,61.53846153846154,1.4443293787733316,2004.9319216949004,0.41523279311539957,0.786,0.5,2.0,900,AAVEUSDT
5.398026310500194,0.2465960847450219,0.4137807132799323,13,61.53846153846154,1.4443293787733316,2004.9319216949004,0.41523279311539957,0.786,0.618,2.0,300,AAVEUSDT
5.398026310500194,0.2465960847450219,0.4137807132799323,13,61.53846153846154,1.4443293787733316,2004.9319216949004,0.41523279311539957,0.786,0.618,2.0,600,AAVEUSDT
5.398026310500194,0.2465960847450219,0.4137807132799323,13,61.53846153846154,1.4443293787733316,2004.9319216949004,0.41523279311539957,0.786,0.618,2.0,900,AAVEUSDT
4.4731058480001575,0.20455680672001791,0.3375671037711552,13,61.53846153846154,1.450810417098871,2004.0911361344004,0.34408506523078136,0.5,0.382,2.5,300,AAVEUSDT
4.4731058480001575,0.20455680672001791,0.3375671037711552,13,61.53846153846154,1.450810417098871,2004.0911361344004,0.34408506523078136,0.5,0.382,2.5,600,AAVEUSDT
4.4731058480001575,0.20455680672001791,0.3375671037711552,13,61.53846153846154,1.450810417098871,2004.0911361344004,0.34408506523078136,0.5,0.382,2.5,900,AAVEUSDT
4.4731058480001575,0.20455680672001791,0.3375671037711552,13,61.53846153846154,1.450810417098871,2004.0911361344004,0.34408506523078136,0.5,0.5,2.5,300,AAVEUSDT
4.4731058480001575,0.20455680672001791,0.3375671037711552,13,61.53846153846154,1.450810417098871,2004.0911361344004,0.34408506523078136,0.5,0.5,2.5,600,AAVEUSDT
4.4731058480001575,0.20455680672001791,0.3375671037711552,13,61.53846153846154,1.450810417098871,2004.0911361344004,0.34408506523078136,0.5,0.5,2.5,900,AAVEUSDT
4.4731058480001575,0.20455680672001791,0.3375671037711552,13,61.53846153846154,1.450810417098871,2004.0911361344004,0.34408506523078136,0.5,0.618,2.5,300,AAVEUSDT
4.4731058480001575,0.20455680672001791,0.3375671037711552,13,61.53846153846154,1.450810417098871,2004.0911361344004,0.34408506523078136,0.5,0.618,2.5,600,AAVEUSDT
4.4731058480001575,0.20455680672001791,0.3375671037711552,13,61.53846153846154,1.450810417098871,2004.0911361344004,0.34408506523078136,0.5,0.618,2.5,900,AAVEUSDT
4.4731058480001575,0.20455680672001791,0.3375671037711552,13,61.53846153846154,1.450810417098871,2004.0911361344004,0.34408506523078136,0.618,0.382,2.5,300,AAVEUSDT
4.4731058480001575,0.20455680672001791,0.3375671037711552,13,61.53846153846154,1.450810417098871,2004.0911361344004,0.34408506523078136,0.618,0.382,2.5,600,AAVEUSDT
4.4731058480001575,0.20455680672001791,0.3375671037711552,13,61.53846153846154,1.450810417098871,2004.0911361344004,0.34408506523078136,0.618,0.382,2.5,900,AAVEUSDT
4.4731058480001575,0.20455680672001791,0.3375671037711552,13,61.53846153846154,1.450810417098871,2004.0911361344004,0.34408506523078136,0.618,0.5,2.5,600,AAVEUSDT
4.4731058480001575,0.20455680672001791,0.3375671037711552,13,61.53846153846154,1.450810417098871,2004.0911361344004,0.34408506523078136,0.618,0.5,2.5,300,AAVEUSDT
4.4731058480001575,0.20455680672001791,0.3375671037711552,13,61.53846153846154,1.450810417098871,2004.0911361344004,0.34408506523078136,0.618,0.5,2.5,900,AAVEUSDT
4.4731058480001575,0.20455680672001791,0.3375671037711552,13,61.53846153846154,1.450810417098871,2004.0911361344004,0.34408506523078136,0.618,0.618,2.5,300,AAVEUSDT
4.4731058480001575,0.20455680672001791,0.3375671037711552,13,61.53846153846154,1.450810417098871,2004.0911361344004,0.34408506523078136,0.618,0.618,2.5,600,AAVEUSDT
4.4731058480001575,0.20455680672001791,0.3375671037711552,13,61.53846153846154,1.450810417098871,2004.0911361344004,0.34408506523078136,0.618,0.618,2.5,900,AAVEUSDT
4.4731058480001575,0.20455680672001791,0.3375671037711552,13,61.53846153846154,1.450810417098871,2004.0911361344004,0.34408506523078136,0.786,0.382,2.5,300,AAVEUSDT
4.4731058480001575,0.20455680672001791,0.3375671037711552,13,61.53846153846154,1.450810417098871,2004.0911361344004,0.34408506523078136,0.786,0.382,2.5,600,AAVEUSDT
4.4731058480001575,0.20455680672001791,0.3375671037711552,13,61.53846153846154,1.450810417098871,2004.0911361344004,0.34408506523078136,0.786,0.382,2.5,900,AAVEUSDT
4.4731058480001575,0.20455680672001791,0.3375671037711552,13,61.53846153846154,1.450810417098871,2004.0911361344004,0.34408506523078136,0.786,0.5,2.5,900,AAVEUSDT
4.4731058480001575,0.20455680672001791,0.3375671037711552,13,61.53846153846154,1.450810417098871,2004.0911361344004,0.34408506523078136,0.786,0.5,2.5,600,AAVEUSDT
4.4731058480001575,0.20455680672001791,0.3375671037711552,13,61.53846153846154,1.450810417098871,2004.0911361344004,0.34408506523078136,0.786,0.5,2.5,300,AAVEUSDT
4.4731058480001575,0.20455680672001791,0.3375671037711552,13,61.53846153846154,1.450810417098871,2004.0911361344004,0.34408506523078136,0.786,0.618,2.5,300,AAVEUSDT
4.4731058480001575,0.20455680672001791,0.3375671037711552,13,61.53846153846154,1.450810417098871,2004.0911361344004,0.34408506523078136,0.786,0.618,2.5,600,AAVEUSDT
4.4731058480001575,0.20455680672001791,0.3375671037711552,13,61.53846153846154,1.450810417098871,2004.0911361344004,0.34408506523078136,0.786,0.618,2.5,900,AAVEUSDT
-29.224699564500128,-1.522493578605031,2.0586369969613822,44,47.72727272727273,0.5027874390586727,1969.5501284278994,-0.6641977173750029,0.5,0.382,2.5,900,RUNEUSDT
-29.224699564500128,-1.522493578605031,2.0586369969613822,44,47.72727272727273,0.5027874390586727,1969.5501284278994,-0.6641977173750029,0.5,0.5,2.5,900,RUNEUSDT
-29.224699564500128,-1.522493578605031,2.0586369969613822,44,47.72727272727273,0.5027874390586727,1969.5501284278994,-0.6641977173750029,0.5,0.618,2.5,900,RUNEUSDT
-29.224699564500128,-1.522493578605031,2.0586369969613822,44,47.72727272727273,0.5027874390586727,1969.5501284278994,-0.6641977173750029,0.618,0.382,2.5,900,RUNEUSDT
-29.224699564500128,-1.522493578605031,2.0586369969613822,44,47.72727272727273,0.5027874390586727,1969.5501284278994,-0.6641977173750029,0.618,0.5,2.5,900,RUNEUSDT
-29.224699564500128,-1.522493578605031,2.0586369969613822,44,47.72727272727273,0.5027874390586727,1969.5501284278994,-0.6641977173750029,0.618,0.618,2.5,900,RUNEUSDT
-29.255379436500185,-1.5240546834850306,2.0586369969613822,44,47.72727272727273,0.49719288833552405,1969.5189063302994,-0.6648949871931861,0.786,0.382,2.5,900,RUNEUSDT
-29.255379436500185,-1.5240546834850306,2.0586369969613822,44,47.72727272727273,0.49719288833552405,1969.5189063302994,-0.6648949871931861,0.786,0.5,2.5,900,RUNEUSDT
-29.255379436500185,-1.5240546834850306,2.0586369969613822,44,47.72727272727273,0.49719288833552405,1969.5189063302994,-0.6648949871931861,0.786,0.618,2.5,900,RUNEUSDT
-34.70462575050048,-1.793164121345046,2.198711638255545,42,47.61904761904761,0.39801397600913296,1964.136717573099,-0.8263006131071544,0.786,0.382,2.5,300,RUNEUSDT
-34.70462575050048,-1.793164121345046,2.198711638255545,42,47.61904761904761,0.39801397600913296,1964.136717573099,-0.8263006131071544,0.786,0.382,2.5,600,RUNEUSDT
-34.70462575050048,-1.793164121345046,2.198711638255545,42,47.61904761904761,0.39801397600913296,1964.136717573099,-0.8263006131071544,0.786,0.5,2.5,300,RUNEUSDT
-34.70462575050048,-1.793164121345046,2.198711638255545,42,47.61904761904761,0.39801397600913296,1964.136717573099,-0.8263006131071544,0.786,0.5,2.5,600,RUNEUSDT
-34.70462575050048,-1.793164121345046,2.198711638255545,42,47.61904761904761,0.39801397600913296,1964.136717573099,-0.8263006131071544,0.786,0.618,2.5,300,RUNEUSDT
-34.70462575050048,-1.793164121345046,2.198711638255545,42,47.61904761904761,0.39801397600913296,1964.136717573099,-0.8263006131071544,0.786,0.618,2.5,600,RUNEUSDT
-35.297599564500416,-1.8228567050050288,2.228220486510026,42,47.61904761904761,0.3939617965792213,1963.5428658998994,-0.8404190372500099,0.5,0.382,2.5,300,RUNEUSDT
-35.297599564500416,-1.8228567050050288,2.228220486510026,42,47.61904761904761,0.3939617965792213,1963.5428658998994,-0.8404190372500099,0.5,0.382,2.5,600,RUNEUSDT
-35.297599564500416,-1.8228567050050288,2.228220486510026,42,47.61904761904761,0.3939617965792213,1963.5428658998994,-0.8404190372500099,0.5,0.5,2.5,300,RUNEUSDT
-35.297599564500416,-1.8228567050050288,2.228220486510026,42,47.61904761904761,0.3939617965792213,1963.5428658998994,-0.8404190372500099,0.5,0.5,2.5,600,RUNEUSDT
-35.297599564500416,-1.8228567050050288,2.228220486510026,42,47.61904761904761,0.3939617965792213,1963.5428658998994,-0.8404190372500099,0.5,0.618,2.5,300,RUNEUSDT
-35.297599564500416,-1.8228567050050288,2.228220486510026,42,47.61904761904761,0.3939617965792213,1963.5428658998994,-0.8404190372500099,0.5,0.618,2.5,600,RUNEUSDT
-35.297599564500416,-1.8228567050050288,2.228220486510026,42,47.61904761904761,0.3939617965792213,1963.5428658998994,-0.8404190372500099,0.618,0.382,2.5,300,RUNEUSDT
-35.297599564500416,-1.8228567050050288,2.228220486510026,42,47.61904761904761,0.3939617965792213,1963.5428658998994,-0.8404190372500099,0.618,0.382,2.5,600,RUNEUSDT
-35.297599564500416,-1.8228567050050288,2.228220486510026,42,47.61904761904761,0.3939617965792213,1963.5428658998994,-0.8404190372500099,0.618,0.5,2.5,300,RUNEUSDT
-35.297599564500416,-1.8228567050050288,2.228220486510026,42,47.61904761904761,0.3939617965792213,1963.5428658998994,-0.8404190372500099,0.618,0.5,2.5,600,RUNEUSDT
-35.297599564500416,-1.8228567050050288,2.228220486510026,42,47.61904761904761,0.3939617965792213,1963.5428658998994,-0.8404190372500099,0.618,0.618,2.5,300,RUNEUSDT
-35.297599564500416,-1.8228567050050288,2.228220486510026,42,47.61904761904761,0.3939617965792213,1963.5428658998994,-0.8404190372500099,0.618,0.618,2.5,600,RUNEUSDT
-46.92571054563953,-2.4214513452018993,3.0828749239502757,44,47.72727272727273,0.4317016844733748,1951.570973095962,-1.0664934214918076,0.786,0.382,2.0,900,RUNEUSDT
-46.92571054563953,-2.4214513452018993,3.0828749239502757,44,47.72727272727273,0.4317016844733748,1951.570973095962,-1.0664934214918076,0.786,0.5,2.0,900,RUNEUSDT
-46.92571054563953,-2.4214513452018993,3.0828749239502757,44,47.72727272727273,0.4317016844733748,1951.570973095962,-1.0664934214918076,0.786,0.618,2.0,900,RUNEUSDT
-46.95080040063947,-2.4226632255519007,3.0828749239502757,44,47.72727272727273,0.43666651949316415,1951.546735488962,-1.067063645469079,0.5,0.382,2.0,900,RUNEUSDT
-46.95080040063947,-2.4226632255519007,3.0828749239502757,44,47.72727272727273,0.43666651949316415,1951.546735488962,-1.067063645469079,0.5,0.5,2.0,900,RUNEUSDT
-46.95080040063947,-2.4226632255519007,3.0828749239502757,44,47.72727272727273,0.43666651949316415,1951.546735488962,-1.067063645469079,0.5,0.618,2.0,900,RUNEUSDT
-46.95080040063947,-2.4226632255519007,3.0828749239502757,44,47.72727272727273,0.43666651949316415,1951.546735488962,-1.067063645469079,0.618,0.382,2.0,900,RUNEUSDT
-46.95080040063947,-2.4226632255519007,3.0828749239502757,44,47.72727272727273,0.43666651949316415,1951.546735488962,-1.067063645469079,0.618,0.5,2.0,900,RUNEUSDT
-46.95080040063947,-2.4226632255519007,3.0828749239502757,44,47.72727272727273,0.43666651949316415,1951.546735488962,-1.067063645469079,0.618,0.618,2.0,900,RUNEUSDT
-53.6761672566399,-2.754778721791956,3.2570698318477085,42,47.61904761904761,0.34465384379156144,1944.9044255641609,-1.27800398230095,0.786,0.382,2.0,300,RUNEUSDT
-53.6761672566399,-2.754778721791956,3.2570698318477085,42,47.61904761904761,0.34465384379156144,1944.9044255641609,-1.27800398230095,0.786,0.382,2.0,600,RUNEUSDT
-53.6761672566399,-2.754778721791956,3.2570698318477085,42,47.61904761904761,0.34465384379156144,1944.9044255641609,-1.27800398230095,0.786,0.5,2.0,600,RUNEUSDT
-53.6761672566399,-2.754778721791956,3.2570698318477085,42,47.61904761904761,0.34465384379156144,1944.9044255641609,-1.27800398230095,0.786,0.5,2.0,300,RUNEUSDT
-53.6761672566399,-2.754778721791956,3.2570698318477085,42,47.61904761904761,0.34465384379156144,1944.9044255641609,-1.27800398230095,0.786,0.618,2.0,300,RUNEUSDT
-53.6761672566399,-2.754778721791956,3.2570698318477085,42,47.61904761904761,0.34465384379156144,1944.9044255641609,-1.27800398230095,0.786,0.618,2.0,600,RUNEUSDT
-54.44844126063982,-2.793456692751954,3.2954560699355055,42,47.61904761904761,0.3414344947138992,1944.130866144961,-1.2963914585866623,0.5,0.382,2.0,300,RUNEUSDT
-54.44844126063982,-2.793456692751954,3.2954560699355055,42,47.61904761904761,0.3414344947138992,1944.130866144961,-1.2963914585866623,0.5,0.382,2.0,600,RUNEUSDT
-54.44844126063982,-2.793456692751954,3.2954560699355055,42,47.61904761904761,0.3414344947138992,1944.130866144961,-1.2963914585866623,0.5,0.5,2.0,300,RUNEUSDT
-54.44844126063982,-2.793456692751954,3.2954560699355055,42,47.61904761904761,0.3414344947138992,1944.130866144961,-1.2963914585866623,0.5,0.5,2.0,600,RUNEUSDT
-54.44844126063982,-2.793456692751954,3.2954560699355055,42,47.61904761904761,0.3414344947138992,1944.130866144961,-1.2963914585866623,0.5,0.618,2.0,300,RUNEUSDT
-54.44844126063982,-2.793456692751954,3.2954560699355055,42,47.61904761904761,0.3414344947138992,1944.130866144961,-1.2963914585866623,0.5,0.618,2.0,600,RUNEUSDT
-54.44844126063982,-2.793456692751954,3.2954560699355055,42,47.61904761904761,0.3414344947138992,1944.130866144961,-1.2963914585866623,0.618,0.382,2.0,300,RUNEUSDT
-54.44844126063982,-2.793456692751954,3.2954560699355055,42,47.61904761904761,0.3414344947138992,1944.130866144961,-1.2963914585866623,0.618,0.382,2.0,600,RUNEUSDT
-54.44844126063982,-2.793456692751954,3.2954560699355055,42,47.61904761904761,0.3414344947138992,1944.130866144961,-1.2963914585866623,0.618,0.5,2.0,300,RUNEUSDT
-54.44844126063982,-2.793456692751954,3.2954560699355055,42,47.61904761904761,0.3414344947138992,1944.130866144961,-1.2963914585866623,0.618,0.5,2.0,600,RUNEUSDT
-54.44844126063982,-2.793456692751954,3.2954560699355055,42,47.61904761904761,0.3414344947138992,1944.130866144961,-1.2963914585866623,0.618,0.618,2.0,300,RUNEUSDT
-54.44844126063982,-2.793456692751954,3.2954560699355055,42,47.61904761904761,0.3414344947138992,1944.130866144961,-1.2963914585866623,0.618,0.618,2.0,600,RUNEUSDT
-57.65154584022798,-2.9799030819313654,3.856376451131442,44,47.72727272727273,0.44646152318146004,1940.4019383613727,-1.310262405459727,0.786,0.382,1.5,900,RUNEUSDT
-57.65154584022798,-2.9799030819313654,3.856376451131442,44,47.72727272727273,0.44646152318146004,1940.4019383613727,-1.310262405459727,0.786,0.5,1.5,900,RUNEUSDT
-57.65154584022798,-2.9799030819313654,3.856376451131442,44,47.72727272727273,0.44646152318146004,1940.4019383613727,-1.310262405459727,0.786,0.618,1.5,900,RUNEUSDT
-57.810187767727896,-2.987756234406356,3.856376451131442,44,47.72727272727273,0.45065929779285124,1940.2448753118729,-1.3138679038119976,0.5,0.382,1.5,900,RUNEUSDT
-57.810187767727896,-2.987756234406356,3.856376451131442,44,47.72727272727273,0.45065929779285124,1940.2448753118729,-1.3138679038119976,0.5,0.5,1.5,900,RUNEUSDT
-57.810187767727896,-2.987756234406356,3.856376451131442,44,47.72727272727273,0.45065929779285124,1940.2448753118729,-1.3138679038119976,0.5,0.618,1.5,900,RUNEUSDT
-57.810187767727896,-2.987756234406356,3.856376451131442,44,47.72727272727273,0.45065929779285124,1940.2448753118729,-1.3138679038119976,0.618,0.382,1.5,900,RUNEUSDT
-57.810187767727896,-2.987756234406356,3.856376451131442,44,47.72727272727273,0.45065929779285124,1940.2448753118729,-1.3138679038119976,0.618,0.5,1.5,900,RUNEUSDT
-57.810187767727896,-2.987756234406356,3.856376451131442,44,47.72727272727273,0.45065929779285124,1940.2448753118729,-1.3138679038119976,0.618,0.618,1.5,900,RUNEUSDT
-66.53616250872844,-3.4185210168964093,4.085194265980876,42,47.61904761904761,0.3556513847061692,1931.6295796620718,-1.584194345445915,0.786,0.382,1.5,300,RUNEUSDT
-66.53616250872844,-3.4185210168964093,4.085194265980876,42,47.61904761904761,0.3556513847061692,1931.6295796620718,-1.584194345445915,0.786,0.382,1.5,600,RUNEUSDT
-66.53616250872844,-3.4185210168964093,4.085194265980876,42,47.61904761904761,0.3556513847061692,1931.6295796620718,-1.584194345445915,0.786,0.5,1.5,300,RUNEUSDT
-66.53616250872844,-3.4185210168964093,4.085194265980876,42,47.61904761904761,0.3556513847061692,1931.6295796620718,-1.584194345445915,0.786,0.5,1.5,600,RUNEUSDT
-66.53616250872844,-3.4185210168964093,4.085194265980876,42,47.61904761904761,0.3556513847061692,1931.6295796620718,-1.584194345445915,0.786,0.618,1.5,300,RUNEUSDT
-66.53616250872844,-3.4185210168964093,4.085194265980876,42,47.61904761904761,0.3556513847061692,1931.6295796620718,-1.584194345445915,0.786,0.618,1.5,600,RUNEUSDT
-67.62081552072833,-3.472856081576401,4.1390014698796485,42,47.61904761904761,0.35195446131089136,1930.542878368472,-1.6100194171601983,0.5,0.382,1.5,600,RUNEUSDT
-67.62081552072833,-3.472856081576401,4.1390014698796485,42,47.61904761904761,0.35195446131089136,1930.542878368472,-1.6100194171601983,0.5,0.382,1.5,300,RUNEUSDT
-67.62081552072833,-3.472856081576401,4.1390014698796485,42,47.61904761904761,0.35195446131089136,1930.542878368472,-1.6100194171601983,0.5,0.5,1.5,300,RUNEUSDT
-67.62081552072833,-3.472856081576401,4.1390014698796485,42,47.61904761904761,0.35195446131089136,1930.542878368472,-1.6100194171601983,0.5,0.5,1.5,600,RUNEUSDT
-67.62081552072833,-3.472856081576401,4.1390014698796485,42,47.61904761904761,0.35195446131089136,1930.542878368472,-1.6100194171601983,0.5,0.618,1.5,300,RUNEUSDT
-67.62081552072833,-3.472856081576401,4.1390014698796485,42,47.61904761904761,0.35195446131089136,1930.542878368472,-1.6100194171601983,0.5,0.618,1.5,600,RUNEUSDT
-67.62081552072833,-3.472856081576401,4.1390014698796485,42,47.61904761904761,0.35195446131089136,1930.542878368472,-1.6100194171601983,0.618,0.382,1.5,300,RUNEUSDT
-67.62081552072833,-3.472856081576401,4.1390014698796485,42,47.61904761904761,0.35195446131089136,1930.542878368472,-1.6100194171601983,0.618,0.382,1.5,600,RUNEUSDT
-67.62081552072833,-3.472856081576401,4.1390014698796485,42,47.61904761904761,0.35195446131089136,1930.542878368472,-1.6100194171601983,0.618,0.5,1.5,300,RUNEUSDT
-67.62081552072833,-3.472856081576401,4.1390014698796485,42,47.61904761904761,0.35195446131089136,1930.542878368472,-1.6100194171601983,0.618,0.5,1.5,600,RUNEUSDT
-67.62081552072833,-3.472856081576401,4.1390014698796485,42,47.61904761904761,0.35195446131089136,1930.542878368472,-1.6100194171601983,0.618,0.618,1.5,300,RUNEUSDT
-67.62081552072833,-3.472856081576401,4.1390014698796485,42,47.61904761904761,0.35195446131089136,1930.542878368472,-1.6100194171601983,0.618,0.618,1.5,600,RUNEUSDT
-19.3715456392133,-1.0102528121006684,1.8058673864063668,27,40.74074074074074,0.7296043965115696,1979.7949437579866,-0.7174646533041963,0.5,0.382,1.5,600,TIAUSDT
-19.3715456392133,-1.0102528121006684,1.8058673864063668,27,40.74074074074074,0.7296043965115696,1979.7949437579866,-0.7174646533041963,0.5,0.382,1.5,300,TIAUSDT
-19.3715456392133,-1.0102528121006684,1.8058673864063668,27,40.74074074074074,0.7296043965115696,1979.7949437579866,-0.7174646533041963,0.5,0.382,1.5,900,TIAUSDT
-19.3715456392133,-1.0102528121006684,1.8058673864063668,27,40.74074074074074,0.7296043965115696,1979.7949437579866,-0.7174646533041963,0.5,0.5,1.5,300,TIAUSDT
-19.3715456392133,-1.0102528121006684,1.8058673864063668,27,40.74074074074074,0.7296043965115696,1979.7949437579866,-0.7174646533041963,0.5,0.5,1.5,600,TIAUSDT
-19.3715456392133,-1.0102528121006684,1.8058673864063668,27,40.74074074074074,0.7296043965115696,1979.7949437579866,-0.7174646533041963,0.5,0.5,1.5,900,TIAUSDT
-19.3715456392133,-1.0102528121006684,1.8058673864063668,27,40.74074074074074,0.7296043965115696,1979.7949437579866,-0.7174646533041963,0.5,0.618,1.5,300,TIAUSDT
-19.3715456392133,-1.0102528121006684,1.8058673864063668,27,40.74074074074074,0.7296043965115696,1979.7949437579866,-0.7174646533041963,0.5,0.618,1.5,600,TIAUSDT
-19.3715456392133,-1.0102528121006684,1.8058673864063668,27,40.74074074074074,0.7296043965115696,1979.7949437579866,-0.7174646533041963,0.5,0.618,1.5,900,TIAUSDT
-19.3715456392133,-1.0102528121006684,1.8058673864063668,27,40.74074074074074,0.7296043965115696,1979.7949437579866,-0.7174646533041963,0.618,0.382,1.5,300,TIAUSDT
-19.3715456392133,-1.0102528121006684,1.8058673864063668,27,40.74074074074074,0.7296043965115696,1979.7949437579866,-0.7174646533041963,0.618,0.382,1.5,600,TIAUSDT
-19.3715456392133,-1.0102528121006684,1.8058673864063668,27,40.74074074074074,0.7296043965115696,1979.7949437579866,-0.7174646533041963,0.618,0.382,1.5,900,TIAUSDT
-19.3715456392133,-1.0102528121006684,1.8058673864063668,27,40.74074074074074,0.7296043965115696,1979.7949437579866,-0.7174646533041963,0.618,0.5,1.5,300,TIAUSDT
-19.3715456392133,-1.0102528121006684,1.8058673864063668,27,40.74074074074074,0.7296043965115696,1979.7949437579866,-0.7174646533041963,0.618,0.5,1.5,600,TIAUSDT
-19.3715456392133,-1.0102528121006684,1.8058673864063668,27,40.74074074074074,0.7296043965115696,1979.7949437579866,-0.7174646533041963,0.618,0.5,1.5,900,TIAUSDT
-19.3715456392133,-1.0102528121006684,1.8058673864063668,27,40.74074074074074,0.7296043965115696,1979.7949437579866,-0.7174646533041963,0.618,0.618,1.5,300,TIAUSDT
-19.3715456392133,-1.0102528121006684,1.8058673864063668,27,40.74074074074074,0.7296043965115696,1979.7949437579866,-0.7174646533041963,0.618,0.618,1.5,600,TIAUSDT
-19.3715456392133,-1.0102528121006684,1.8058673864063668,27,40.74074074074074,0.7296043965115696,1979.7949437579866,-0.7174646533041963,0.618,0.618,1.5,900,TIAUSDT
-19.4755615691808,-1.0057055794190317,1.380435101864942,27,40.74074074074074,0.6730028727965431,1979.8858884116194,-0.7213170951548444,0.5,0.382,2.0,300,TIAUSDT
-19.4755615691808,-1.0057055794190317,1.380435101864942,27,40.74074074074074,0.6730028727965431,1979.8858884116194,-0.7213170951548444,0.5,0.382,2.0,600,TIAUSDT
-19.4755615691808,-1.0057055794190317,1.380435101864942,27,40.74074074074074,0.6730028727965431,1979.8858884116194,-0.7213170951548444,0.5,0.382,2.0,900,TIAUSDT
-19.4755615691808,-1.0057055794190317,1.380435101864942,27,40.74074074074074,0.6730028727965431,1979.8858884116194,-0.7213170951548444,0.5,0.5,2.0,300,TIAUSDT
-19.4755615691808,-1.0057055794190317,1.380435101864942,27,40.74074074074074,0.6730028727965431,1979.8858884116194,-0.7213170951548444,0.5,0.5,2.0,900,TIAUSDT
-19.4755615691808,-1.0057055794190317,1.380435101864942,27,40.74074074074074,0.6730028727965431,1979.8858884116194,-0.7213170951548444,0.5,0.5,2.0,600,TIAUSDT
-19.4755615691808,-1.0057055794190317,1.380435101864942,27,40.74074074074074,0.6730028727965431,1979.8858884116194,-0.7213170951548444,0.5,0.618,2.0,600,TIAUSDT
-19.4755615691808,-1.0057055794190317,1.380435101864942,27,40.74074074074074,0.6730028727965431,1979.8858884116194,-0.7213170951548444,0.5,0.618,2.0,300,TIAUSDT
-19.4755615691808,-1.0057055794190317,1.380435101864942,27,40.74074074074074,0.6730028727965431,1979.8858884116194,-0.7213170951548444,0.5,0.618,2.0,900,TIAUSDT
-19.4755615691808,-1.0057055794190317,1.380435101864942,27,40.74074074074074,0.6730028727965431,1979.8858884116194,-0.7213170951548444,0.618,0.382,2.0,300,TIAUSDT
-19.4755615691808,-1.0057055794190317,1.380435101864942,27,40.74074074074074,0.6730028727965431,1979.8858884116194,-0.7213170951548444,0.618,0.382,2.0,600,TIAUSDT
-19.4755615691808,-1.0057055794190317,1.380435101864942,27,40.74074074074074,0.6730028727965431,1979.8858884116194,-0.7213170951548444,0.618,0.382,2.0,900,TIAUSDT
-19.4755615691808,-1.0057055794190317,1.380435101864942,27,40.74074074074074,0.6730028727965431,1979.8858884116194,-0.7213170951548444,0.618,0.5,2.0,300,TIAUSDT
-19.4755615691808,-1.0057055794190317,1.380435101864942,27,40.74074074074074,0.6730028727965431,1979.8858884116194,-0.7213170951548444,0.618,0.5,2.0,600,TIAUSDT
-19.4755615691808,-1.0057055794190317,1.380435101864942,27,40.74074074074074,0.6730028727965431,1979.8858884116194,-0.7213170951548444,0.618,0.5,2.0,900,TIAUSDT
-19.4755615691808,-1.0057055794190317,1.380435101864942,27,40.74074074074074,0.6730028727965431,1979.8858884116194,-0.7213170951548444,0.618,0.618,2.0,300,TIAUSDT
-19.4755615691808,-1.0057055794190317,1.380435101864942,27,40.74074074074074,0.6730028727965431,1979.8858884116194,-0.7213170951548444,0.618,0.618,2.0,600,TIAUSDT
-19.4755615691808,-1.0057055794190317,1.380435101864942,27,40.74074074074074,0.6730028727965431,1979.8858884116194,-0.7213170951548444,0.618,0.618,2.0,900,TIAUSDT
-19.54929912540616,-1.0033505919703316,1.1174270444868777,27,40.74074074074074,0.6245529566067296,1979.9329881605934,-0.7240481157557838,0.5,0.382,2.5,300,TIAUSDT
-19.54929912540616,-1.0033505919703316,1.1174270444868777,27,40.74074074074074,0.6245529566067296,1979.9329881605934,-0.7240481157557838,0.5,0.382,2.5,600,TIAUSDT
-19.54929912540616,-1.0033505919703316,1.1174270444868777,27,40.74074074074074,0.6245529566067296,1979.9329881605934,-0.7240481157557838,0.5,0.382,2.5,900,TIAUSDT
-19.54929912540616,-1.0033505919703316,1.1174270444868777,27,40.74074074074074,0.6245529566067296,1979.9329881605934,-0.7240481157557838,0.5,0.5,2.5,300,TIAUSDT
-19.54929912540616,-1.0033505919703316,1.1174270444868777,27,40.74074074074074,0.6245529566067296,1979.9329881605934,-0.7240481157557838,0.5,0.5,2.5,600,TIAUSDT
-19.54929912540616,-1.0033505919703316,1.1174270444868777,27,40.74074074074074,0.6245529566067296,1979.9329881605934,-0.7240481157557838,0.5,0.5,2.5,900,TIAUSDT
-19.54929912540616,-1.0033505919703316,1.1174270444868777,27,40.74074074074074,0.6245529566067296,1979.9329881605934,-0.7240481157557838,0.5,0.618,2.5,300,TIAUSDT
-19.54929912540616,-1.0033505919703316,1.1174270444868777,27,40.74074074074074,0.6245529566067296,1979.9329881605934,-0.7240481157557838,0.5,0.618,2.5,900,TIAUSDT
-19.54929912540616,-1.0033505919703316,1.1174270444868777,27,40.74074074074074,0.6245529566067296,1979.9329881605934,-0.7240481157557838,0.5,0.618,2.5,600,TIAUSDT
-19.54929912540616,-1.0033505919703316,1.1174270444868777,27,40.74074074074074,0.6245529566067296,1979.9329881605934,-0.7240481157557838,0.618,0.382,2.5,300,TIAUSDT
-19.54929912540616,-1.0033505919703316,1.1174270444868777,27,40.74074074074074,0.6245529566067296,1979.9329881605934,-0.7240481157557838,0.618,0.382,2.5,900,TIAUSDT
-19.54929912540616,-1.0033505919703316,1.1174270444868777,27,40.74074074074074,0.6245529566067296,1979.9329881605934,-0.7240481157557838,0.618,0.382,2.5,600,TIAUSDT
-19.54929912540616,-1.0033505919703316,1.1174270444868777,27,40.74074074074074,0.6245529566067296,1979.9329881605934,-0.7240481157557838,0.618,0.5,2.5,300,TIAUSDT
-19.54929912540616,-1.0033505919703316,1.1174270444868777,27,40.74074074074074,0.6245529566067296,1979.9329881605934,-0.7240481157557838,0.618,0.5,2.5,600,TIAUSDT
-19.54929912540616,-1.0033505919703316,1.1174270444868777,27,40.74074074074074,0.6245529566067296,1979.9329881605934,-0.7240481157557838,0.618,0.5,2.5,900,TIAUSDT
-19.54929912540616,-1.0033505919703316,1.1174270444868777,27,40.74074074074074,0.6245529566067296,1979.9329881605934,-0.7240481157557838,0.618,0.618,2.5,300,TIAUSDT
-19.54929912540616,-1.0033505919703316,1.1174270444868777,27,40.74074074074074,0.6245529566067296,1979.9329881605934,-0.7240481157557838,0.618,0.618,2.5,600,TIAUSDT
-19.54929912540616,-1.0033505919703316,1.1174270444868777,27,40.74074074074074,0.6245529566067296,1979.9329881605934,-0.7240481157557838,0.618,0.618,2.5,900,TIAUSDT
-20.680531824906158,-1.0594990923253362,1.173908733169448,27,40.74074074074074,0.6028274732688079,1978.8100181534933,-0.7659456231446725,0.786,0.382,2.5,300,TIAUSDT
-20.680531824906158,-1.0594990923253362,1.173908733169448,27,40.74074074074074,0.6028274732688079,1978.8100181534933,-0.7659456231446725,0.786,0.382,2.5,600,TIAUSDT
-20.680531824906158,-1.0594990923253362,1.173908733169448,27,40.74074074074074,0.6028274732688079,1978.8100181534933,-0.7659456231446725,0.786,0.382,2.5,900,TIAUSDT
-20.680531824906158,-1.0594990923253362,1.173908733169448,27,40.74074074074074,0.6028274732688079,1978.8100181534933,-0.7659456231446725,0.786,0.5,2.5,300,TIAUSDT
-20.680531824906158,-1.0594990923253362,1.173908733169448,27,40.74074074074074,0.6028274732688079,1978.8100181534933,-0.7659456231446725,0.786,0.5,2.5,600,TIAUSDT
-20.680531824906158,-1.0594990923253362,1.173908733169448,27,40.74074074074074,0.6028274732688079,1978.8100181534933,-0.7659456231446725,0.786,0.5,2.5,900,TIAUSDT
-20.680531824906158,-1.0594990923253362,1.173908733169448,27,40.74074074074074,0.6028274732688079,1978.8100181534933,-0.7659456231446725,0.786,0.618,2.5,300,TIAUSDT
-20.680531824906158,-1.0594990923253362,1.173908733169448,27,40.74074074074074,0.6028274732688079,1978.8100181534933,-0.7659456231446725,0.786,0.618,2.5,600,TIAUSDT
-20.680531824906158,-1.0594990923253362,1.173908733169448,27,40.74074074074074,0.6028274732688079,1978.8100181534933,-0.7659456231446725,0.786,0.618,2.5,900,TIAUSDT
-21.031288774680796,-1.082923776514042,1.4579020278616566,27,40.74074074074074,0.6468820174310279,1978.3415244697192,-0.7789366212844739,0.786,0.382,2.0,300,TIAUSDT
-21.031288774680796,-1.082923776514042,1.4579020278616566,27,40.74074074074074,0.6468820174310279,1978.3415244697192,-0.7789366212844739,0.786,0.382,2.0,900,TIAUSDT
-21.031288774680796,-1.082923776514042,1.4579020278616566,27,40.74074074074074,0.6468820174310279,1978.3415244697192,-0.7789366212844739,0.786,0.382,2.0,600,TIAUSDT
-21.031288774680796,-1.082923776514042,1.4579020278616566,27,40.74074074074074,0.6468820174310279,1978.3415244697192,-0.7789366212844739,0.786,0.5,2.0,300,TIAUSDT
-21.031288774680796,-1.082923776514042,1.4579020278616566,27,40.74074074074074,0.6468820174310279,1978.3415244697192,-0.7789366212844739,0.786,0.5,2.0,600,TIAUSDT
-21.031288774680796,-1.082923776514042,1.4579020278616566,27,40.74074074074074,0.6468820174310279,1978.3415244697192,-0.7789366212844739,0.786,0.5,2.0,900,TIAUSDT
-21.031288774680796,-1.082923776514042,1.4579020278616566,27,40.74074074074074,0.6468820174310279,1978.3415244697192,-0.7789366212844739,0.786,0.618,2.0,300,TIAUSDT
-21.031288774680796,-1.082923776514042,1.4579020278616566,27,40.74074074074074,0.6468820174310279,1978.3415244697192,-0.7789366212844739,0.786,0.618,2.0,600,TIAUSDT
-21.031288774680796,-1.082923776514042,1.4579020278616566,27,40.74074074074074,0.6468820174310279,1978.3415244697192,-0.7789366212844739,0.786,0.618,2.0,900,TIAUSDT
-21.647558735213288,-1.1232222499406703,1.918705880313106,27,40.74074074074074,0.6978349163625668,1977.5355550011866,-0.8017614346375291,0.786,0.382,1.5,300,TIAUSDT
-21.647558735213288,-1.1232222499406703,1.918705880313106,27,40.74074074074074,0.6978349163625668,1977.5355550011866,-0.8017614346375291,0.786,0.382,1.5,600,TIAUSDT
-21.647558735213288,-1.1232222499406703,1.918705880313106,27,40.74074074074074,0.6978349163625668,1977.5355550011866,-0.8017614346375291,0.786,0.382,1.5,900,TIAUSDT
-21.647558735213288,-1.1232222499406703,1.918705880313106,27,40.74074074074074,0.6978349163625668,1977.5355550011866,-0.8017614346375291,0.786,0.5,1.5,300,TIAUSDT
-21.647558735213288,-1.1232222499406703,1.918705880313106,27,40.74074074074074,0.6978349163625668,1977.5355550011866,-0.8017614346375291,0.786,0.5,1.5,600,TIAUSDT
-21.647558735213288,-1.1232222499406703,1.918705880313106,27,40.74074074074074,0.6978349163625668,1977.5355550011866,-0.8017614346375291,0.786,0.5,1.5,900,TIAUSDT
-21.647558735213288,-1.1232222499406703,1.918705880313106,27,40.74074074074074,0.6978349163625668,1977.5355550011866,-0.8017614346375291,0.786,0.618,1.5,300,TIAUSDT
-21.647558735213288,-1.1232222499406703,1.918705880313106,27,40.74074074074074,0.6978349163625668,1977.5355550011866,-0.8017614346375291,0.786,0.618,1.5,600,TIAUSDT
-21.647558735213288,-1.1232222499406703,1.918705880313106,27,40.74074074074074,0.6978349163625668,1977.5355550011866,-0.8017614346375291,0.786,0.618,1.5,900,TIAUSDT
-40.91175484381203,-2.073181177250592,2.045587742190571,29,31.03448275862069,0.28137136461356893,1958.5363764549882,-1.410750167028001,0.786,0.382,2.5,900,ALGOUSDT
-40.91175484381203,-2.073181177250592,2.045587742190571,29,31.03448275862069,0.28137136461356893,1958.5363764549882,-1.410750167028001,0.786,0.5,2.5,900,ALGOUSDT
-40.91175484381203,-2.073181177250592,2.045587742190571,29,31.03448275862069,0.28137136461356893,1958.5363764549882,-1.410750167028001,0.786,0.618,2.5,900,ALGOUSDT
-41.03100905581202,-2.0793607136905847,2.0515504527905706,29,31.03448275862069,0.28078319680416425,1958.4127857261883,-1.4148623812348973,0.5,0.382,2.5,900,ALGOUSDT
-41.03100905581202,-2.0793607136905847,2.0515504527905706,29,31.03448275862069,0.28078319680416425,1958.4127857261883,-1.4148623812348973,0.5,0.5,2.5,900,ALGOUSDT
-41.03100905581202,-2.0793607136905847,2.0515504527905706,29,31.03448275862069,0.28078319680416425,1958.4127857261883,-1.4148623812348973,0.5,0.618,2.5,900,ALGOUSDT
-41.03100905581202,-2.0793607136905847,2.0515504527905706,29,31.03448275862069,0.28078319680416425,1958.4127857261883,-1.4148623812348973,0.618,0.382,2.5,900,ALGOUSDT
-41.03100905581202,-2.0793607136905847,2.0515504527905706,29,31.03448275862069,0.28078319680416425,1958.4127857261883,-1.4148623812348973,0.618,0.5,2.5,900,ALGOUSDT
-41.03100905581202,-2.0793607136905847,2.0515504527905706,29,31.03448275862069,0.28078319680416425,1958.4127857261883,-1.4148623812348973,0.618,0.618,2.5,900,ALGOUSDT
-42.30437878531199,-2.1419179713655923,2.1152189392655716,29,27.586206896551722,0.25835079657275584,1957.1616405726882,-1.4587716822521375,0.786,0.382,2.5,300,ALGOUSDT
-42.30437878531199,-2.1419179713655923,2.1152189392655716,29,27.586206896551722,0.25835079657275584,1957.1616405726882,-1.4587716822521375,0.786,0.382,2.5,600,ALGOUSDT
-42.30437878531199,-2.1419179713655923,2.1152189392655716,29,27.586206896551722,0.25835079657275584,1957.1616405726882,-1.4587716822521375,0.786,0.5,2.5,300,ALGOUSDT
-42.30437878531199,-2.1419179713655923,2.1152189392655716,29,27.586206896551722,0.25835079657275584,1957.1616405726882,-1.4587716822521375,0.786,0.5,2.5,600,ALGOUSDT
-42.30437878531199,-2.1419179713655923,2.1152189392655716,29,27.586206896551722,0.25835079657275584,1957.1616405726882,-1.4587716822521375,0.786,0.618,2.5,300,ALGOUSDT
-42.30437878531199,-2.1419179713655923,2.1152189392655716,29,27.586206896551722,0.25835079657275584,1957.1616405726882,-1.4587716822521375,0.786,0.618,2.5,600,ALGOUSDT
-42.43000991731199,-2.148467926205581,2.1215004958655754,29,27.586206896551722,0.25778303653558493,1957.0306414758884,-1.4631037902521375,0.5,0.382,2.5,300,ALGOUSDT
-42.43000991731199,-2.148467926205581,2.1215004958655754,29,27.586206896551722,0.25778303653558493,1957.0306414758884,-1.4631037902521375,0.5,0.382,2.5,600,ALGOUSDT
-42.43000991731199,-2.148467926205581,2.1215004958655754,29,27.586206896551722,0.25778303653558493,1957.0306414758884,-1.4631037902521375,0.5,0.5,2.5,300,ALGOUSDT
-42.43000991731199,-2.148467926205581,2.1215004958655754,29,27.586206896551722,0.25778303653558493,1957.0306414758884,-1.4631037902521375,0.5,0.5,2.5,600,ALGOUSDT
-42.43000991731199,-2.148467926205581,2.1215004958655754,29,27.586206896551722,0.25778303653558493,1957.0306414758884,-1.4631037902521375,0.5,0.618,2.5,300,ALGOUSDT
-42.43000991731199,-2.148467926205581,2.1215004958655754,29,27.586206896551722,0.25778303653558493,1957.0306414758884,-1.4631037902521375,0.5,0.618,2.5,600,ALGOUSDT
-42.43000991731199,-2.148467926205581,2.1215004958655754,29,27.586206896551722,0.25778303653558493,1957.0306414758884,-1.4631037902521375,0.618,0.382,2.5,300,ALGOUSDT
-42.43000991731199,-2.148467926205581,2.1215004958655754,29,27.586206896551722,0.25778303653558493,1957.0306414758884,-1.4631037902521375,0.618,0.382,2.5,600,ALGOUSDT
-42.43000991731199,-2.148467926205581,2.1215004958655754,29,27.586206896551722,0.25778303653558493,1957.0306414758884,-1.4631037902521375,0.618,0.5,2.5,300,ALGOUSDT
-42.43000991731199,-2.148467926205581,2.1215004958655754,29,27.586206896551722,0.25778303653558493,1957.0306414758884,-1.4631037902521375,0.618,0.5,2.5,600,ALGOUSDT
-42.43000991731199,-2.148467926205581,2.1215004958655754,29,27.586206896551722,0.25778303653558493,1957.0306414758884,-1.4631037902521375,0.618,0.618,2.5,300,ALGOUSDT
-42.43000991731199,-2.148467926205581,2.1215004958655754,29,27.586206896551722,0.25778303653558493,1957.0306414758884,-1.4631037902521375,0.618,0.618,2.5,600,ALGOUSDT
-45.82612021339681,-2.325259991169833,2.291306010669814,29,31.03448275862069,0.3012251340368335,1953.4948001766033,-1.5802110418412694,0.786,0.382,2.0,900,ALGOUSDT
-45.82612021339681,-2.325259991169833,2.291306010669814,29,31.03448275862069,0.3012251340368335,1953.4948001766033,-1.5802110418412694,0.786,0.5,2.0,900,ALGOUSDT
-45.82612021339681,-2.325259991169833,2.291306010669814,29,31.03448275862069,0.3012251340368335,1953.4948001766033,-1.5802110418412694,0.786,0.618,2.0,900,ALGOUSDT
-45.99532180639681,-2.3340277100798406,2.299766090319815,29,31.03448275862069,0.30044995721331547,1953.3194457984032,-1.5860455795309245,0.5,0.382,2.0,900,ALGOUSDT
-45.99532180639681,-2.3340277100798406,2.299766090319815,29,31.03448275862069,0.30044995721331547,1953.3194457984032,-1.5860455795309245,0.5,0.5,2.0,900,ALGOUSDT
-45.99532180639681,-2.3340277100798406,2.299766090319815,29,31.03448275862069,0.30044995721331547,1953.3194457984032,-1.5860455795309245,0.5,0.618,2.0,900,ALGOUSDT
-45.99532180639681,-2.3340277100798406,2.299766090319815,29,31.03448275862069,0.30044995721331547,1953.3194457984032,-1.5860455795309245,0.618,0.382,2.0,900,ALGOUSDT
-45.99532180639681,-2.3340277100798406,2.299766090319815,29,31.03448275862069,0.30044995721331547,1953.3194457984032,-1.5860455795309245,0.618,0.5,2.0,900,ALGOUSDT
-45.99532180639681,-2.3340277100798406,2.299766090319815,29,31.03448275862069,0.30044995721331547,1953.3194457984032,-1.5860455795309245,0.618,0.618,2.0,900,ALGOUSDT
-47.56197010639677,-2.4108959397398393,2.3780985053198154,29,27.586206896551722,0.2762296620941138,1951.7820812052032,-1.640067934703337,0.786,0.382,2.0,300,ALGOUSDT
-47.56197010639677,-2.4108959397398393,2.3780985053198154,29,27.586206896551722,0.2762296620941138,1951.7820812052032,-1.640067934703337,0.786,0.382,2.0,600,ALGOUSDT
-47.56197010639677,-2.4108959397398393,2.3780985053198154,29,27.586206896551722,0.2762296620941138,1951.7820812052032,-1.640067934703337,0.786,0.5,2.0,300,ALGOUSDT
-47.56197010639677,-2.4108959397398393,2.3780985053198154,29,27.586206896551722,0.2762296620941138,1951.7820812052032,-1.640067934703337,0.786,0.5,2.0,600,ALGOUSDT
-47.56197010639677,-2.4108959397398393,2.3780985053198154,29,27.586206896551722,0.2762296620941138,1951.7820812052032,-1.640067934703337,0.786,0.618,2.0,300,ALGOUSDT
-47.56197010639677,-2.4108959397398393,2.3780985053198154,29,27.586206896551722,0.2762296620941138,1951.7820812052032,-1.640067934703337,0.786,0.618,2.0,600,ALGOUSDT
-47.740534177396775,-2.420207500209847,2.3870267088698145,29,27.586206896551722,0.27548110171785845,1951.595849995803,-1.6462253164619578,0.5,0.382,2.0,300,ALGOUSDT
-47.740534177396775,-2.420207500209847,2.3870267088698145,29,27.586206896551722,0.27548110171785845,1951.595849995803,-1.6462253164619578,0.5,0.382,2.0,600,ALGOUSDT
-47.740534177396775,-2.420207500209847,2.3870267088698145,29,27.586206896551722,0.27548110171785845,1951.595849995803,-1.6462253164619578,0.5,0.5,2.0,300,ALGOUSDT
-47.740534177396775,-2.420207500209847,2.3870267088698145,29,27.586206896551722,0.27548110171785845,1951.595849995803,-1.6462253164619578,0.5,0.5,2.0,600,ALGOUSDT
-47.740534177396775,-2.420207500209847,2.3870267088698145,29,27.586206896551722,0.27548110171785845,1951.595849995803,-1.6462253164619578,0.5,0.618,2.0,300,ALGOUSDT
-47.740534177396775,-2.420207500209847,2.3870267088698145,29,27.586206896551722,0.27548110171785845,1951.595849995803,-1.6462253164619578,0.5,0.618,2.0,600,ALGOUSDT
-47.740534177396775,-2.420207500209847,2.3870267088698145,29,27.586206896551722,0.27548110171785845,1951.595849995803,-1.6462253164619578,0.618,0.382,2.0,300,ALGOUSDT
-47.740534177396775,-2.420207500209847,2.3870267088698145,29,27.586206896551722,0.27548110171785845,1951.595849995803,-1.6462253164619578,0.618,0.382,2.0,600,ALGOUSDT
-47.740534177396775,-2.420207500209847,2.3870267088698145,29,27.586206896551722,0.27548110171785845,1951.595849995803,-1.6462253164619578,0.618,0.5,2.0,300,ALGOUSDT
-47.740534177396775,-2.420207500209847,2.3870267088698145,29,27.586206896551722,0.27548110171785845,1951.595849995803,-1.6462253164619578,0.618,0.5,2.0,600,ALGOUSDT
-47.740534177396775,-2.420207500209847,2.3870267088698145,29,27.586206896551722,0.27548110171785845,1951.595849995803,-1.6462253164619578,0.618,0.618,2.0,300,ALGOUSDT
-47.740534177396775,-2.420207500209847,2.3870267088698145,29,27.586206896551722,0.27548110171785845,1951.595849995803,-1.6462253164619578,0.618,0.618,2.0,600,ALGOUSDT
-68.2416121294112,-3.456259216490582,3.4120806064705675,29,31.03448275862069,0.27410008727577606,1930.8748156701884,-2.3531590389452135,0.786,0.382,1.5,900,ALGOUSDT
-68.2416121294112,-3.456259216490582,3.4120806064705675,29,31.03448275862069,0.27410008727577606,1930.8748156701884,-2.3531590389452135,0.786,0.5,1.5,900,ALGOUSDT
-68.2416121294112,-3.456259216490582,3.4120806064705675,29,31.03448275862069,0.27410008727577606,1930.8748156701884,-2.3531590389452135,0.786,0.618,1.5,900,ALGOUSDT
-68.5008996964112,-3.4696950267805846,3.4250449848205675,29,31.03448275862069,0.2733461726716125,1930.6060994643883,-2.3620999895314205,0.5,0.382,1.5,900,ALGOUSDT
-68.5008996964112,-3.4696950267805846,3.4250449848205675,29,31.03448275862069,0.2733461726716125,1930.6060994643883,-2.3620999895314205,0.5,0.5,1.5,900,ALGOUSDT
-68.5008996964112,-3.4696950267805846,3.4250449848205675,29,31.03448275862069,0.2733461726716125,1930.6060994643883,-2.3620999895314205,0.5,0.618,1.5,900,ALGOUSDT
-68.5008996964112,-3.4696950267805846,3.4250449848205675,29,31.03448275862069,0.2733461726716125,1930.6060994643883,-2.3620999895314205,0.618,0.382,1.5,900,ALGOUSDT
-68.5008996964112,-3.4696950267805846,3.4250449848205675,29,31.03448275862069,0.2733461726716125,1930.6060994643883,-2.3620999895314205,0.618,0.5,1.5,900,ALGOUSDT
-68.5008996964112,-3.4696950267805846,3.4250449848205675,29,31.03448275862069,0.2733461726716125,1930.6060994643883,-2.3620999895314205,0.618,0.618,1.5,900,ALGOUSDT
-70.54648321241115,-3.569881926560572,3.5273241606205605,29,27.586206896551722,0.25092367398266385,1928.6023614687886,-2.4326373521521085,0.786,0.382,1.5,300,ALGOUSDT
-70.54648321241115,-3.569881926560572,3.5273241606205605,29,27.586206896551722,0.25092367398266385,1928.6023614687886,-2.4326373521521085,0.786,0.382,1.5,600,ALGOUSDT
-70.54648321241115,-3.569881926560572,3.5273241606205605,29,27.586206896551722,0.25092367398266385,1928.6023614687886,-2.4326373521521085,0.786,0.5,1.5,300,ALGOUSDT
-70.54648321241115,-3.569881926560572,3.5273241606205605,29,27.586206896551722,0.25092367398266385,1928.6023614687886,-2.4326373521521085,0.786,0.5,1.5,600,ALGOUSDT
-70.54648321241115,-3.569881926560572,3.5273241606205605,29,27.586206896551722,0.25092367398266385,1928.6023614687886,-2.4326373521521085,0.786,0.618,1.5,300,ALGOUSDT
-70.54648321241115,-3.569881926560572,3.5273241606205605,29,27.586206896551722,0.25092367398266385,1928.6023614687886,-2.4326373521521085,0.786,0.618,1.5,600,ALGOUSDT
-70.82093045741114,-3.584198322410566,3.5410465228705563,29,27.586206896551722,0.25019457336815126,1928.3160335517887,-2.4421010502555562,0.5,0.382,1.5,600,ALGOUSDT
-70.82093045741114,-3.584198322410566,3.5410465228705563,29,27.586206896551722,0.25019457336815126,1928.3160335517887,-2.4421010502555562,0.5,0.382,1.5,300,ALGOUSDT
-70.82093045741114,-3.584198322410566,3.5410465228705563,29,27.586206896551722,0.25019457336815126,1928.3160335517887,-2.4421010502555562,0.5,0.5,1.5,600,ALGOUSDT
-70.82093045741114,-3.584198322410566,3.5410465228705563,29,27.586206896551722,0.25019457336815126,1928.3160335517887,-2.4421010502555562,0.5,0.5,1.5,300,ALGOUSDT
-70.82093045741114,-3.584198322410566,3.5410465228705563,29,27.586206896551722,0.25019457336815126,1928.3160335517887,-2.4421010502555562,0.5,0.618,1.5,600,ALGOUSDT
-70.82093045741114,-3.584198322410566,3.5410465228705563,29,27.586206896551722,0.25019457336815126,1928.3160335517887,-2.4421010502555562,0.5,0.618,1.5,300,ALGOUSDT
-70.82093045741114,-3.584198322410566,3.5410465228705563,29,27.586206896551722,0.25019457336815126,1928.3160335517887,-2.4421010502555562,0.618,0.382,1.5,300,ALGOUSDT
-70.82093045741114,-3.584198322410566,3.5410465228705563,29,27.586206896551722,0.25019457336815126,1928.3160335517887,-2.4421010502555562,0.618,0.382,1.5,600,ALGOUSDT
-70.82093045741114,-3.584198322410566,3.5410465228705563,29,27.586206896551722,0.25019457336815126,1928.3160335517887,-2.4421010502555562,0.618,0.5,1.5,300,ALGOUSDT
-70.82093045741114,-3.584198322410566,3.5410465228705563,29,27.586206896551722,0.25019457336815126,1928.3160335517887,-2.4421010502555562,0.618,0.5,1.5,600,ALGOUSDT
-70.82093045741114,-3.584198322410566,3.5410465228705563,29,27.586206896551722,0.25019457336815126,1928.3160335517887,-2.4421010502555562,0.618,0.618,1.5,300,ALGOUSDT
-70.82093045741114,-3.584198322410566,3.5410465228705563,29,27.586206896551722,0.25019457336815126,1928.3160335517887,-2.4421010502555562,0.618,0.618,1.5,600,ALGOUSDT
11.465058672497243,0.5071896323448869,1.2529680434138806,27,59.25925925925925,1.3058366015095355,2010.1437926468977,0.42463180268508305,0.5,0.618,1.5,300,SANDUSDT
11.465058672497243,0.5071896323448869,1.2529680434138806,27,59.25925925925925,1.3058366015095355,2010.1437926468977,0.42463180268508305,0.5,0.618,1.5,600,SANDUSDT
11.465058672497243,0.5071896323448869,1.2529680434138806,27,59.25925925925925,1.3058366015095355,2010.1437926468977,0.42463180268508305,0.618,0.618,1.5,300,SANDUSDT
11.465058672497243,0.5071896323448869,1.2529680434138806,27,59.25925925925925,1.3058366015095355,2010.1437926468977,0.42463180268508305,0.618,0.618,1.5,600,SANDUSDT
11.086591338997124,0.4882668672898831,1.2532012017780512,27,59.25925925925925,1.292784878705378,2009.7653373457977,0.4106144940369305,0.5,0.382,1.5,600,SANDUSDT
11.086591338997124,0.4882668672898831,1.2532012017780512,27,59.25925925925925,1.292784878705378,2009.7653373457977,0.4106144940369305,0.5,0.382,1.5,300,SANDUSDT
11.086591338997124,0.4882668672898831,1.2532012017780512,27,59.25925925925925,1.292784878705378,2009.7653373457977,0.4106144940369305,0.5,0.5,1.5,600,SANDUSDT
11.086591338997124,0.4882668672898831,1.2532012017780512,27,59.25925925925925,1.292784878705378,2009.7653373457977,0.4106144940369305,0.5,0.5,1.5,300,SANDUSDT
8.91915887049731,0.3681595363448878,1.3966193881169975,31,58.06451612903226,1.2072326099516006,2007.3631907268978,0.28771480227410673,0.5,0.382,1.5,900,SANDUSDT
8.91915887049731,0.3681595363448878,1.3966193881169975,31,58.06451612903226,1.2072326099516006,2007.3631907268978,0.28771480227410673,0.5,0.5,1.5,900,SANDUSDT
8.911766863997354,0.37196681759988903,1.3966244648742343,30,56.666666666666664,1.208897806402664,2007.4393363519978,0.29705889546657843,0.5,0.618,1.5,900,SANDUSDT
8.911766863997354,0.37196681759988903,1.3966244648742343,30,56.666666666666664,1.208897806402664,2007.4393363519978,0.29705889546657843,0.618,0.618,1.5,900,SANDUSDT
7.082831160497006,0.2828703419448857,1.255673080985791,28,57.14285714285714,1.1691634162130795,2005.6574068388977,0.2529582557320359,0.618,0.382,1.5,300,SANDUSDT
7.082831160497006,0.2828703419448857,1.255673080985791,28,57.14285714285714,1.1691634162130795,2005.6574068388977,0.2529582557320359,0.618,0.382,1.5,600,SANDUSDT
7.082831160497006,0.2828703419448857,1.255673080985791,28,57.14285714285714,1.1691634162130795,2005.6574068388977,0.2529582557320359,0.618,0.5,1.5,300,SANDUSDT
7.082831160497006,0.2828703419448857,1.255673080985791,28,57.14285714285714,1.1691634162130795,2005.6574068388977,0.2529582557320359,0.618,0.5,1.5,600,SANDUSDT
6.774212139997101,0.2771963554398667,1.2558640239649077,26,57.692307692307686,1.1844887693446016,2005.5439271087973,0.2605466207691193,0.786,0.618,1.5,300,SANDUSDT
6.774212139997101,0.2771963554398667,1.2558640239649077,26,57.692307692307686,1.1844887693446016,2005.5439271087973,0.2605466207691193,0.786,0.618,1.5,600,SANDUSDT
6.564105083997025,0.26673191319986245,1.2559940506951128,26,57.692307692307686,1.1777496250827946,2005.3346382639972,0.2524655801537317,0.786,0.382,1.5,300,SANDUSDT
6.564105083997025,0.26673191319986245,1.2559940506951128,26,57.692307692307686,1.1777496250827946,2005.3346382639972,0.2524655801537317,0.786,0.382,1.5,600,SANDUSDT
6.564105083997025,0.26673191319986245,1.2559940506951128,26,57.692307692307686,1.1777496250827946,2005.3346382639972,0.2524655801537317,0.786,0.5,1.5,300,SANDUSDT
6.564105083997025,0.26673191319986245,1.2559940506951128,26,57.692307692307686,1.1777496250827946,2005.3346382639972,0.2524655801537317,0.786,0.5,1.5,600,SANDUSDT
4.5295393519971165,0.1476475271998879,1.3996406462710256,31,54.83870967741935,1.096284841441622,2002.9529505439978,0.14611417264506826,0.618,0.382,1.5,900,SANDUSDT
4.5295393519971165,0.1476475271998879,1.3996406462710256,31,54.83870967741935,1.096284841441622,2002.9529505439978,0.14611417264506826,0.618,0.5,1.5,900,SANDUSDT
4.220920331497205,0.14197354069486892,1.3998535524093607,29,55.172413793103445,1.1007567242720624,2002.8394708138974,0.1455489769481795,0.786,0.618,1.5,900,SANDUSDT
4.010813275497136,0.13150909845486466,1.3999985354377569,29,55.172413793103445,1.0952635150193517,2002.6301819690973,0.13830390605162537,0.786,0.382,1.5,900,SANDUSDT
4.010813275497136,0.13150909845486466,1.3999985354377569,29,55.172413793103445,1.0952635150193517,2002.6301819690973,0.13830390605162537,0.786,0.5,1.5,900,SANDUSDT
3.7865354372481352,0.13795032662238782,1.2021473179097726,27,59.25925925925925,1.1119348399164513,2002.7590065324478,0.14024205323141242,0.5,0.618,2.0,300,SANDUSDT
3.7865354372481352,0.13795032662238782,1.2021473179097726,27,59.25925925925925,1.1119348399164513,2002.7590065324478,0.14024205323141242,0.5,0.618,2.0,600,SANDUSDT
3.7865354372481352,0.13795032662238782,1.2021473179097726,27,59.25925925925925,1.1119348399164513,2002.7590065324478,0.14024205323141242,0.618,0.618,2.0,300,SANDUSDT
3.7865354372481352,0.13795032662238782,1.2021473179097726,27,59.25925925925925,1.1119348399164513,2002.7590065324478,0.14024205323141242,0.618,0.618,2.0,600,SANDUSDT
3.4802439902480398,0.12263636719238775,1.202329087797152,27,59.25925925925925,1.1019573132331613,2002.4527273438478,0.12889792556474222,0.5,0.382,2.0,300,SANDUSDT
3.4802439902480398,0.12263636719238775,1.202329087797152,27,59.25925925925925,1.1019573132331613,2002.4527273438478,0.12889792556474222,0.5,0.382,2.0,600,SANDUSDT
3.4802439902480398,0.12263636719238775,1.202329087797152,27,59.25925925925925,1.1019573132331613,2002.4527273438478,0.12889792556474222,0.5,0.5,2.0,300,SANDUSDT
3.4802439902480398,0.12263636719238775,1.202329087797152,27,59.25925925925925,1.1019573132331613,2002.4527273438478,0.12889792556474222,0.5,0.5,2.0,600,SANDUSDT
2.927153468000763,0.10428680446005956,0.9797956500511601,27,59.25925925925925,1.105931955869708,2002.0857360892012,0.10841309140743567,0.5,0.618,2.5,300,SANDUSDT
2.927153468000763,0.10428680446005956,0.9797956500511601,27,59.25925925925925,1.105931955869708,2002.0857360892012,0.10841309140743567,0.5,0.618,2.5,600,SANDUSDT
2.927153468000763,0.10428680446005956,0.9797956500511601,27,59.25925925925925,1.105931955869708,2002.0857360892012,0.10841309140743567,0.618,0.618,2.5,300,SANDUSDT
2.927153468000763,0.10428680446005956,0.9797956500511601,27,59.25925925925925,1.105931955869708,2002.0857360892012,0.10841309140743567,0.618,0.618,2.5,600,SANDUSDT
2.669739518500683,0.09141646636504674,0.9799204653930779,27,59.25925925925925,1.09572455966735,2001.828329327301,0.09887924142595123,0.5,0.382,2.5,300,SANDUSDT
2.669739518500683,0.09141646636504674,0.9799204653930779,27,59.25925925925925,1.09572455966735,2001.828329327301,0.09887924142595123,0.5,0.382,2.5,600,SANDUSDT
2.669739518500683,0.09141646636504674,0.9799204653930779,27,59.25925925925925,1.09572455966735,2001.828329327301,0.09887924142595123,0.5,0.5,2.5,300,SANDUSDT
2.669739518500683,0.09141646636504674,0.9799204653930779,27,59.25925925925925,1.09572455966735,2001.828329327301,0.09887924142595123,0.5,0.5,2.5,600,SANDUSDT
1.8273888227482167,0.03432599043737809,1.3088013625513444,30,56.666666666666664,1.0484613704022903,2000.6865198087476,0.06091296075827389,0.5,0.618,2.0,900,SANDUSDT
1.8273888227482167,0.03432599043737809,1.3088013625513444,30,56.666666666666664,1.0484613704022903,2000.6865198087476,0.06091296075827389,0.618,0.618,2.0,900,SANDUSDT
1.8104918807481822,0.030348643857382736,1.3088122807391045,31,58.06451612903226,1.0476264181936696,2000.6069728771477,0.058402963895102654,0.5,0.382,2.0,900,SANDUSDT
1.8104918807481822,0.030348643857382736,1.3088122807391045,31,58.06451612903226,1.0476264181936696,2000.6069728771477,0.058402963895102654,0.5,0.5,2.0,900,SANDUSDT
1.3371078890008274,0.02025164919004965,1.0644967245979675,30,56.666666666666664,1.043502324199656,2000.405032983801,0.044570262966694245,0.5,0.618,2.5,900,SANDUSDT
1.3371078890008274,0.02025164919004965,1.0644967245979675,30,56.666666666666664,1.043502324199656,2000.405032983801,0.044570262966694245,0.618,0.618,2.5,900,SANDUSDT
1.3112095435007955,0.0164506013750497,1.0645103686861106,31,58.06451612903226,1.04230542837106,2000.329012027501,0.04229708204841276,0.5,0.382,2.5,900,SANDUSDT
1.3112095435007955,0.0164506013750497,1.0645103686861106,31,58.06451612903226,1.04230542837106,2000.329012027501,0.04229708204841276,0.5,0.5,2.5,900,SANDUSDT
0.60031613724796,-0.02512544941761234,1.2040408846318902,28,57.14285714285714,1.0162185132220942,1999.4974910116478,0.021439862044569998,0.618,0.382,2.0,300,SANDUSDT
0.60031613724796,-0.02512544941761234,1.2040408846318902,28,57.14285714285714,1.0162185132220942,1999.4974910116478,0.021439862044569998,0.618,0.382,2.0,600,SANDUSDT
0.60031613724796,-0.02512544941761234,1.2040408846318902,28,57.14285714285714,1.0162185132220942,1999.4974910116478,0.021439862044569998,0.618,0.5,2.0,300,SANDUSDT
0.60031613724796,-0.02512544941761234,1.2040408846318902,28,57.14285714285714,1.0162185132220942,1999.4974910116478,0.021439862044569998,0.618,0.5,2.0,600,SANDUSDT
0.43434856300062497,-0.023286788909945243,0.9810057044315494,28,57.14285714285714,1.0144181146956925,1999.534264221801,0.015512448678593749,0.618,0.382,2.5,300,SANDUSDT
0.43434856300062497,-0.023286788909945243,0.9810057044315494,28,57.14285714285714,1.0144181146956925,1999.534264221801,0.015512448678593749,0.618,0.382,2.5,600,SANDUSDT
0.43434856300062497,-0.023286788909945243,0.9810057044315494,28,57.14285714285714,1.0144181146956925,1999.534264221801,0.015512448678593749,0.618,0.5,2.5,300,SANDUSDT
0.43434856300062497,-0.023286788909945243,0.9810057044315494,28,57.14285714285714,1.0144181146956925,1999.534264221801,0.015512448678593749,0.618,0.5,2.5,600,SANDUSDT
0.235084194748028,-0.03626535208262567,1.204258322742852,26,57.692307692307686,1.007062107558794,1999.2746929583475,0.009041699798001077,0.786,0.618,2.0,300,SANDUSDT
0.235084194748028,-0.03626535208262567,1.204258322742852,26,57.692307692307686,1.007062107558794,1999.2746929583475,0.009041699798001077,0.786,0.618,2.0,600,SANDUSDT
0.056418063000676755,-0.03661018264996301,0.9811894199696969,26,57.692307692307686,1.002071761726965,1999.2677963470007,0.002169925500026029,0.786,0.618,2.5,300,SANDUSDT
0.056418063000676755,-0.03661018264996301,0.9811894199696969,26,57.692307692307686,1.002071761726965,1999.2677963470007,0.002169925500026029,0.786,0.618,2.5,600,SANDUSDT
0.048900853247966225,-0.0455434675376182,1.2043691958296032,26,57.692307692307686,1.001460848077542,1999.0891306492476,0.001880802047998701,0.786,0.382,2.0,300,SANDUSDT
0.048900853247966225,-0.0455434675376182,1.2043691958296032,26,57.692307692307686,1.001460848077542,1999.0891306492476,0.001880802047998701,0.786,0.382,2.0,600,SANDUSDT
0.048900853247966225,-0.0455434675376182,1.2043691958296032,26,57.692307692307686,1.001460848077542,1999.0891306492476,0.001880802047998701,0.786,0.5,2.0,300,SANDUSDT
0.048900853247966225,-0.0455434675376182,1.2043691958296032,26,57.692307692307686,1.001460848077542,1999.0891306492476,0.001880802047998701,0.786,0.5,2.0,600,SANDUSDT
-0.1107067849993768,-0.044942108009956884,0.9812706828597254,26,57.692307692307686,0.9959594664889411,1999.1011578398009,-0.0042579532692068,0.786,0.382,2.5,300,SANDUSDT
-0.1107067849993768,-0.044942108009956884,0.9812706828597254,26,57.692307692307686,0.9959594664889411,1999.1011578398009,-0.0042579532692068,0.786,0.382,2.5,600,SANDUSDT
-0.1107067849993768,-0.044942108009956884,0.9812706828597254,26,57.692307692307686,0.9959594664889411,1999.1011578398009,-0.0042579532692068,0.786,0.5,2.5,300,SANDUSDT
-0.1107067849993768,-0.044942108009956884,0.9812706828597254,26,57.692307692307686,0.9959594664889411,1999.1011578398009,-0.0042579532692068,0.786,0.5,2.5,600,SANDUSDT
-1.1556970159993076,-0.10732194417995516,1.0658116204083166,31,54.83870967741935,0.9652205167202613,1997.853561116401,-0.037280548903203474,0.618,0.382,2.5,900,SANDUSDT
-1.1556970159993076,-0.10732194417995516,1.0658116204083166,31,54.83870967741935,0.9652205167202613,1997.853561116401,-0.037280548903203474,0.618,0.5,2.5,900,SANDUSDT
-1.3588304772519582,-0.12874978560262207,1.3108634077871901,31,54.83870967741935,0.9667721898034284,1997.4250042879476,-0.04383324120167607,0.618,0.382,2.0,900,SANDUSDT
-1.3588304772519582,-0.12874978560262207,1.3108634077871901,31,54.83870967741935,0.9667721898034284,1997.4250042879476,-0.04383324120167607,0.618,0.5,2.0,900,SANDUSDT
-1.5336275159992576,-0.12064533791997292,1.0660112534633888,29,55.172413793103445,0.949445300999953,1997.5870932416005,-0.052883707448250265,0.786,0.618,2.5,900,SANDUSDT
-1.7007523639993112,-0.12897726327996678,1.0660995571525995,29,55.172413793103445,0.9442433459475765,1997.4204547344007,-0.05864663324135556,0.786,0.382,2.5,900,SANDUSDT
-1.7007523639993112,-0.12897726327996678,1.0660995571525995,29,55.172413793103445,0.9442433459475765,1997.4204547344007,-0.05864663324135556,0.786,0.5,2.5,900,SANDUSDT
-1.7240624197518901,-0.13988968826763537,1.3111001923690906,29,55.172413793103445,0.9536146197521957,1997.2022062346473,-0.05945042826730656,0.786,0.618,2.0,900,SANDUSDT
-1.910245761251952,-0.14916780372262795,1.3112209303530986,29,55.172413793103445,0.9488615759516653,1997.0166439255474,-0.06587054349144662,0.786,0.382,2.0,900,SANDUSDT
-1.910245761251952,-0.14916780372262795,1.3112209303530986,29,55.172413793103445,0.9488615759516653,1997.0166439255474,-0.06587054349144662,0.786,0.5,2.0,900,SANDUSDT
7.031915515000283,0.2903635518499982,0.954912133899984,22,59.09090909090909,1.2294565982936247,2005.807271037,0.31963252340910375,0.5,0.5,1.5,600,MANAUSDT
7.031915515000283,0.2903635518499982,0.954912133899984,22,59.09090909090909,1.2294565982936247,2005.807271037,0.31963252340910375,0.5,0.5,1.5,300,MANAUSDT
7.031915515000283,0.2903635518499982,0.954912133899984,22,59.09090909090909,1.2294565982936247,2005.807271037,0.31963252340910375,0.5,0.618,1.5,300,MANAUSDT
7.031915515000283,0.2903635518499982,0.954912133899984,22,59.09090909090909,1.2294565982936247,2005.807271037,0.31963252340910375,0.5,0.618,1.5,600,MANAUSDT
7.031915515000283,0.2903635518499982,0.954912133899984,22,59.09090909090909,1.2294565982936247,2005.807271037,0.31963252340910375,0.618,0.5,1.5,300,MANAUSDT
7.031915515000283,0.2903635518499982,0.954912133899984,22,59.09090909090909,1.2294565982936247,2005.807271037,0.31963252340910375,0.618,0.5,1.5,600,MANAUSDT
7.031915515000283,0.2903635518499982,0.954912133899984,22,59.09090909090909,1.2294565982936247,2005.807271037,0.31963252340910375,0.618,0.618,1.5,300,MANAUSDT
7.031915515000283,0.2903635518499982,0.954912133899984,22,59.09090909090909,1.2294565982936247,2005.807271037,0.31963252340910375,0.618,0.618,1.5,600,MANAUSDT
7.031915515000283,0.2903635518499982,0.954912133899984,22,59.09090909090909,1.2294565982936247,2005.807271037,0.31963252340910375,0.786,0.5,1.5,300,MANAUSDT
7.031915515000283,0.2903635518499982,0.954912133899984,22,59.09090909090909,1.2294565982936247,2005.807271037,0.31963252340910375,0.786,0.5,1.5,600,MANAUSDT
7.031915515000283,0.2903635518499982,0.954912133899984,22,59.09090909090909,1.2294565982936247,2005.807271037,0.31963252340910375,0.786,0.618,1.5,300,MANAUSDT
7.031915515000283,0.2903635518499982,0.954912133899984,22,59.09090909090909,1.2294565982936247,2005.807271037,0.31963252340910375,0.786,0.618,1.5,600,MANAUSDT
5.556583756000285,0.21568311469999346,1.0286787218499853,23,56.52173913043478,1.172987608028812,2004.3136622939999,0.24159059808696892,0.786,0.382,1.5,300,MANAUSDT
5.556583756000285,0.21568311469999346,1.0286787218499853,23,56.52173913043478,1.172987608028812,2004.3136622939999,0.24159059808696892,0.786,0.382,1.5,600,MANAUSDT
4.8524340010002085,0.19508229946999336,0.7526292560499996,22,59.09090909090909,1.2016390747430763,2003.9016459893999,0.22056518186364585,0.5,0.5,2.0,600,MANAUSDT
4.8524340010002085,0.19508229946999336,0.7526292560499996,22,59.09090909090909,1.2016390747430763,2003.9016459893999,0.22056518186364585,0.5,0.5,2.0,300,MANAUSDT
4.8524340010002085,0.19508229946999336,0.7526292560499996,22,59.09090909090909,1.2016390747430763,2003.9016459893999,0.22056518186364585,0.5,0.618,2.0,600,MANAUSDT
4.8524340010002085,0.19508229946999336,0.7526292560499996,22,59.09090909090909,1.2016390747430763,2003.9016459893999,0.22056518186364585,0.5,0.618,2.0,300,MANAUSDT
4.8524340010002085,0.19508229946999336,0.7526292560499996,22,59.09090909090909,1.2016390747430763,2003.9016459893999,0.22056518186364585,0.618,0.5,2.0,300,MANAUSDT
4.8524340010002085,0.19508229946999336,0.7526292560499996,22,59.09090909090909,1.2016390747430763,2003.9016459893999,0.22056518186364585,0.618,0.5,2.0,600,MANAUSDT
4.8524340010002085,0.19508229946999336,0.7526292560499996,22,59.09090909090909,1.2016390747430763,2003.9016459893999,0.22056518186364585,0.618,0.618,2.0,300,MANAUSDT
4.8524340010002085,0.19508229946999336,0.7526292560499996,22,59.09090909090909,1.2016390747430763,2003.9016459893999,0.22056518186364585,0.618,0.618,2.0,600,MANAUSDT
4.8524340010002085,0.19508229946999336,0.7526292560499996,22,59.09090909090909,1.2016390747430763,2003.9016459893999,0.22056518186364585,0.786,0.5,2.0,600,MANAUSDT
4.8524340010002085,0.19508229946999336,0.7526292560499996,22,59.09090909090909,1.2016390747430763,2003.9016459893999,0.22056518186364585,0.786,0.5,2.0,300,MANAUSDT
4.8524340010002085,0.19508229946999336,0.7526292560499996,22,59.09090909090909,1.2016390747430763,2003.9016459893999,0.22056518186364585,0.786,0.618,2.0,300,MANAUSDT
4.8524340010002085,0.19508229946999336,0.7526292560499996,22,59.09090909090909,1.2016390747430763,2003.9016459893999,0.22056518186364585,0.786,0.618,2.0,600,MANAUSDT
4.699683973000286,0.17230734514999993,1.0715237109999862,23,56.52173913043478,1.1425088863522752,2003.446146903,0.20433408578262113,0.618,0.382,1.5,300,MANAUSDT
4.699683973000286,0.17230734514999993,1.0715237109999862,23,56.52173913043478,1.1425088863522752,2003.446146903,0.20433408578262113,0.618,0.382,1.5,600,MANAUSDT
3.660089800000212,0.10521703440000466,0.873827709357547,28,53.57142857142857,1.084452621491397,2002.104340688,0.13071749285715042,0.5,0.5,1.5,900,MANAUSDT
3.646284379500165,0.1434182681350535,0.6217091173249969,22,59.09090909090909,1.1838546161213186,2002.868365362701,0.16574019906818932,0.5,0.5,2.5,300,MANAUSDT
3.646284379500165,0.1434182681350535,0.6217091173249969,22,59.09090909090909,1.1838546161213186,2002.868365362701,0.16574019906818932,0.5,0.5,2.5,600,MANAUSDT
3.646284379500165,0.1434182681350535,0.6217091173249969,22,59.09090909090909,1.1838546161213186,2002.868365362701,0.16574019906818932,0.5,0.618,2.5,300,MANAUSDT
3.646284379500165,0.1434182681350535,0.6217091173249969,22,59.09090909090909,1.1838546161213186,2002.868365362701,0.16574019906818932,0.5,0.618,2.5,600,MANAUSDT
3.646284379500165,0.1434182681350535,0.6217091173249969,22,59.09090909090909,1.1838546161213186,2002.868365362701,0.16574019906818932,0.618,0.5,2.5,600,MANAUSDT
3.646284379500165,0.1434182681350535,0.6217091173249969,22,59.09090909090909,1.1838546161213186,2002.868365362701,0.16574019906818932,0.618,0.5,2.5,300,MANAUSDT
3.646284379500165,0.1434182681350535,0.6217091173249969,22,59.09090909090909,1.1838546161213186,2002.868365362701,0.16574019906818932,0.618,0.618,2.5,300,MANAUSDT
3.646284379500165,0.1434182681350535,0.6217091173249969,22,59.09090909090909,1.1838546161213186,2002.868365362701,0.16574019906818932,0.618,0.618,2.5,600,MANAUSDT
3.646284379500165,0.1434182681350535,0.6217091173249969,22,59.09090909090909,1.1838546161213186,2002.868365362701,0.16574019906818932,0.786,0.5,2.5,300,MANAUSDT
3.646284379500165,0.1434182681350535,0.6217091173249969,22,59.09090909090909,1.1838546161213186,2002.868365362701,0.16574019906818932,0.786,0.5,2.5,600,MANAUSDT
3.646284379500165,0.1434182681350535,0.6217091173249969,22,59.09090909090909,1.1838546161213186,2002.868365362701,0.16574019906818932,0.786,0.618,2.5,300,MANAUSDT
3.646284379500165,0.1434182681350535,0.6217091173249969,22,59.09090909090909,1.1838546161213186,2002.868365362701,0.16574019906818932,0.786,0.618,2.5,600,MANAUSDT
3.46997630200021,0.12510309331998998,0.8217521410000017,23,56.52173913043478,1.1363587408433222,2002.5020618663998,0.15086853486957436,0.786,0.382,2.0,300,MANAUSDT
3.46997630200021,0.12510309331998998,0.8217521410000017,23,56.52173913043478,1.1363587408433222,2002.5020618663998,0.15086853486957436,0.786,0.382,2.0,600,MANAUSDT
3.21951173200019,0.0793221224399872,0.8740182274953908,29,51.724137931034484,1.068096388368551,2001.5864424487997,0.11101764593104103,0.5,0.382,1.5,900,MANAUSDT
3.0921432580002888,0.0909345673999951,1.1519007467499818,23,56.52173913043478,1.0894051945830863,2001.818691348,0.13444101121740387,0.5,0.382,1.5,600,MANAUSDT
3.0921432580002888,0.0909345673999951,1.1519007467499818,23,56.52173913043478,1.0894051945830863,2001.818691348,0.13444101121740387,0.5,0.382,1.5,300,MANAUSDT
2.7439196800002104,0.08835052861999203,0.8580549721000011,23,56.52173913043478,1.10483594287372,2001.7670105723998,0.11930085565218305,0.618,0.382,2.0,300,MANAUSDT
2.7439196800002104,0.08835052861999203,0.8580549721000011,23,56.52173913043478,1.10483594287372,2001.7670105723998,0.11930085565218305,0.618,0.382,2.0,600,MANAUSDT
2.6631615865001392,0.07270216224497972,0.6801205503948945,28,53.57142857142857,1.0786896429376907,2001.4540432448996,0.09511291380357641,0.5,0.5,2.0,900,MANAUSDT
2.345774380500167,0.07758720698504931,0.686734617274999,23,56.52173913043478,1.111000837242738,2001.551744139701,0.101990190456529,0.786,0.382,2.5,300,MANAUSDT
2.345774380500167,0.07758720698504931,0.686734617274999,23,56.52173913043478,1.111000837242738,2001.551744139701,0.101990190456529,0.786,0.382,2.5,600,MANAUSDT
2.0875573505001093,0.054875231305061334,0.5572872148608294,28,53.57142857142857,1.0751143822496625,2001.0975046261012,0.07455561966071819,0.5,0.5,2.5,900,MANAUSDT
1.7224255425001687,0.04603365068505809,0.7179020591749917,23,56.52173913043478,1.079169076480086,2000.9206730137012,0.07488806706522473,0.618,0.382,2.5,300,MANAUSDT
1.7224255425001687,0.04603365068505809,0.7179020591749917,23,56.52173913043478,1.079169076480086,2000.9206730137012,0.07488806706522473,0.618,0.382,2.5,600,MANAUSDT
1.5114262720002125,0.025962427819990808,0.9196796425000002,23,56.52173913043478,1.0551495538132334,2000.5192485563998,0.06571418573913967,0.5,0.382,2.0,300,MANAUSDT
1.5114262720002125,0.025962427819990808,0.9196796425000002,23,56.52173913043478,1.0551495538132334,2000.5192485563998,0.06571418573913967,0.5,0.382,2.0,600,MANAUSDT
1.4573543145001275,0.009472392964971732,0.6805275324563913,29,51.724137931034484,1.0391921294980302,2000.1894478592994,0.050253597051728535,0.5,0.382,2.0,900,MANAUSDT
0.8787431680002353,-0.03271712471999991,0.8750318353604042,28,53.57142857142857,1.0202760500999923,1999.3456575056,0.031383684571436976,0.618,0.5,1.5,900,MANAUSDT
0.7461552765001684,-0.0033845834149474285,0.7667155724749932,23,56.52173913043478,1.032823192956342,1999.932308331701,0.03244153376087689,0.5,0.382,2.5,300,MANAUSDT
0.7461552765001684,-0.0033845834149474285,0.7667155724749932,23,56.52173913043478,1.032823192956342,1999.932308331701,0.03244153376087689,0.5,0.382,2.5,600,MANAUSDT
0.6884555020001579,-0.025228609900023,0.6807873043196211,28,53.57142857142857,1.0203421068798442,1999.4954278019995,0.02458769650000564,0.618,0.5,2.0,900,MANAUSDT
0.6272920465000986,-0.020521057654934796,0.5576917307853169,29,51.724137931034484,1.0204383967978645,1999.5895788469013,0.021630760224141333,0.5,0.382,2.5,900,MANAUSDT
0.6110091235001178,-0.018350606764943222,0.5576962447157975,28,53.57142857142857,1.021985299158188,1999.6329878647011,0.021821754410718493,0.618,0.5,2.5,900,MANAUSDT
-0.8384426509998697,-0.09023266180994369,0.55809835279866,28,53.57142857142857,0.9698311992403289,1998.1953467638011,-0.02994438039285249,0.786,0.5,2.5,900,MANAUSDT
-1.068645225499827,-0.11236777067501862,0.6813816845185436,28,53.57142857142857,0.9684242549727671,1997.7526445864996,-0.03816590091070811,0.786,0.5,2.0,900,MANAUSDT
-1.2985610074997485,-0.14069525917500414,0.8759767720268546,28,53.57142857142857,0.9700371063983576,1997.1860948165,-0.04637717883927673,0.786,0.5,1.5,900,MANAUSDT
-3.1808267524998497,-0.20639753592494114,0.6213573766389459,27,51.85185185185185,0.8855476538165585,1995.8720492815012,-0.11780839824073518,0.5,0.618,2.5,900,MANAUSDT
-3.1808267524998497,-0.20639753592494114,0.6213573766389459,27,51.85185185185185,0.8855476538165585,1995.8720492815012,-0.11780839824073518,0.618,0.618,2.5,900,MANAUSDT
-3.1808267524998497,-0.20639753592494114,0.6213573766389459,27,51.85185185185185,0.8855476538165585,1995.8720492815012,-0.11780839824073518,0.786,0.618,2.5,900,MANAUSDT
-3.586947833999807,-0.23725689766001778,0.752125507367014,27,51.85185185185185,0.8940148259405839,1995.2548620467996,-0.13284991977777064,0.5,0.618,2.0,900,MANAUSDT
-3.586947833999807,-0.23725689766001778,0.752125507367014,27,51.85185185185185,0.8940148259405839,1995.2548620467996,-0.13284991977777064,0.618,0.618,2.0,900,MANAUSDT
-3.586947833999807,-0.23725689766001778,0.752125507367014,27,51.85185185185185,0.8940148259405839,1995.2548620467996,-0.13284991977777064,0.786,0.618,2.0,900,MANAUSDT
-4.021129180999725,-0.2757144428099991,0.9541297584741055,27,51.85185185185185,0.9072167844922926,1994.4857111438,-0.14893071040739722,0.5,0.618,1.5,900,MANAUSDT
-4.021129180999725,-0.2757144428099991,0.9541297584741055,27,51.85185185185185,0.9072167844922926,1994.4857111438,-0.14893071040739722,0.618,0.618,1.5,900,MANAUSDT
-4.021129180999725,-0.2757144428099991,0.9541297584741055,27,51.85185185185185,0.9072167844922926,1994.4857111438,-0.14893071040739722,0.786,0.618,1.5,900,MANAUSDT
-4.481336751499848,-0.27222859707494534,0.6863460874968697,28,50.0,0.8459610062069327,1994.555428058501,-0.16004774112499456,0.786,0.382,2.5,900,MANAUSDT
-4.969405532999804,-0.3072361038100212,0.8212021270915045,28,50.0,0.8589291963924253,1993.8552779237996,-0.1774787690357073,0.786,0.382,2.0,900,MANAUSDT
-5.104685589499847,-0.3037821533749366,0.7174958959778069,28,50.0,0.8282151316247336,1993.9243569325013,-0.18231019962499453,0.618,0.382,2.5,900,MANAUSDT
-5.496460939999722,-0.35039487996000385,1.0278359082292048,28,50.0,0.8773502994298426,1992.9921024008,-0.19630217642856151,0.786,0.382,1.5,900,MANAUSDT
-5.695462154999804,-0.3439886685100191,0.8574806600351297,28,50.0,0.8415831609646605,1993.1202266297996,-0.20340936267856444,0.618,0.382,2.0,900,MANAUSDT
-6.3533607229997235,-0.3937706495099974,1.07064579376554,28,50.0,0.8608891330377,1992.1245870098,-0.226905740107133,0.618,0.382,1.5,900,MANAUSDT
18.339808889115883,0.8736895154358422,1.9621300465774993,37,37.83783783783784,1.3366373025226514,2017.4737903087168,0.49567051051664546,0.5,0.5,2.5,300,GALAUSDT
18.339808889115883,0.8736895154358422,1.9621300465774993,37,37.83783783783784,1.3366373025226514,2017.4737903087168,0.49567051051664546,0.5,0.5,2.5,600,GALAUSDT
17.688236429115882,0.839926215235846,1.9621300465774993,38,36.84210526315789,1.3208400923948478,2016.798524304717,0.46547990602936534,0.5,0.382,2.5,600,GALAUSDT
17.688236429115882,0.839926215235846,1.9621300465774993,38,36.84210526315789,1.3208400923948478,2016.798524304717,0.46547990602936534,0.5,0.382,2.5,300,GALAUSDT
13.171095317057706,0.6053581346529086,2.884627089597825,37,37.83783783783784,1.1725720442035665,2012.1071626930582,0.3559755491096677,0.5,0.5,2.0,300,GALAUSDT
13.171095317057706,0.6053581346529086,2.884627089597825,37,37.83783783783784,1.1725720442035665,2012.1071626930582,0.3559755491096677,0.5,0.5,2.0,600,GALAUSDT
12.439429382057703,0.5674445362029132,2.884627089597825,38,36.84210526315789,1.1614378863252843,2011.3488907240583,0.3273534047909922,0.5,0.382,2.0,300,GALAUSDT
12.439429382057703,0.5674445362029132,2.884627089597825,38,36.84210526315789,1.1614378863252843,2011.3488907240583,0.3273534047909922,0.5,0.382,2.0,600,GALAUSDT
12.432114397516047,0.5751571423358314,1.9621300465774993,39,35.8974358974359,1.227286336458595,2011.5031428467166,0.318772164038873,0.5,0.5,2.5,900,GALAUSDT
11.780541937516048,0.5413938421358353,1.9621300465774993,40,35.0,1.212838789039916,2010.8278768427167,0.29451354843790123,0.5,0.382,2.5,900,GALAUSDT
6.164694697757908,0.25104703122790395,2.884627089597825,39,35.8974358974359,1.080487689285911,2005.020940624558,0.15806909481430534,0.5,0.5,2.0,900,GALAUSDT
5.433028762757908,0.21313343277790864,2.884627089597825,40,35.0,1.070263673608992,2004.2626686555582,0.1358257190689477,0.5,0.382,2.0,900,GALAUSDT
-2.6563284810698566,-0.1744677202734465,1.9621300465774993,36,36.11111111111111,0.951241626350199,1996.510645594531,-0.07378690225194046,0.618,0.5,2.5,300,GALAUSDT
-2.6563284810698566,-0.1744677202734465,1.9621300465774993,36,36.11111111111111,0.951241626350199,1996.510645594531,-0.07378690225194046,0.618,0.5,2.5,600,GALAUSDT
-3.1048658010698564,-0.19771010867344782,1.9621300465774993,37,35.13513513513514,0.9434738647103305,1996.045797826531,-0.08391529192080693,0.618,0.382,2.5,300,GALAUSDT
-3.1048658010698564,-0.19771010867344782,1.9621300465774993,37,35.13513513513514,0.9434738647103305,1996.045797826531,-0.08391529192080693,0.618,0.382,2.5,600,GALAUSDT
-6.466595813819875,-0.3658642047909552,1.9621300465774993,37,37.83783783783784,0.881096551554905,1992.682715904181,-0.1747728598329696,0.786,0.5,2.5,300,GALAUSDT
-6.466595813819875,-0.3658642047909552,1.9621300465774993,37,37.83783783783784,0.881096551554905,1992.682715904181,-0.1747728598329696,0.786,0.5,2.5,600,GALAUSDT
-6.486420421426159,-0.3933444358313295,4.934617779862253,37,37.83783783783784,0.947130284783802,1992.1331112833734,-0.17530866003854484,0.5,0.5,1.5,300,GALAUSDT
-6.486420421426159,-0.3933444358313295,4.934617779862253,37,37.83783783783784,0.947130284783802,1992.1331112833734,-0.17530866003854484,0.5,0.5,1.5,600,GALAUSDT
-6.777291968819878,-0.3819639146409486,1.9621300465774993,38,36.84210526315789,0.8760915512953495,1992.360721707181,-0.17834978865315468,0.786,0.382,2.5,300,GALAUSDT
-6.777291968819878,-0.3819639146409486,1.9621300465774993,38,36.84210526315789,0.8760915512953495,1992.360721707181,-0.17834978865315468,0.786,0.382,2.5,600,GALAUSDT
-7.32062956642616,-0.43657163698132995,4.934617779862253,38,36.84210526315789,0.9407337678107103,1991.2685672603734,-0.19264814648489895,0.5,0.382,1.5,300,GALAUSDT
-7.32062956642616,-0.43657163698132995,4.934617779862253,38,36.84210526315789,0.9407337678107103,1991.2685672603734,-0.19264814648489895,0.5,0.382,1.5,600,GALAUSDT
-8.56402297266969,-0.4730000933734573,1.9621300465774993,38,34.21052631578947,0.8434308642466918,1990.5399981325309,-0.2253690255965708,0.618,0.5,2.5,900,GALAUSDT
-9.012560292669692,-0.49624248177345864,1.9621300465774993,39,33.33333333333333,0.8365707775449664,1990.0751503645308,-0.23109128955563313,0.618,0.382,2.5,900,GALAUSDT
-13.14852210696804,-0.7085548464683711,2.884627089597825,36,36.11111111111111,0.8277237174560103,1985.8289030706326,-0.36523672519355666,0.618,0.5,2.0,300,GALAUSDT
-13.14852210696804,-0.7085548464683711,2.884627089597825,36,36.11111111111111,0.8277237174560103,1985.8289030706326,-0.36523672519355666,0.618,0.5,2.0,600,GALAUSDT
-13.633615176968037,-0.7336914873683668,2.884627089597825,37,35.13513513513514,0.8224960561133318,1985.3261702526327,-0.368476085864001,0.618,0.382,2.0,600,GALAUSDT
-13.633615176968037,-0.7336914873683668,2.884627089597825,37,35.13513513513514,0.8224960561133318,1985.3261702526327,-0.368476085864001,0.618,0.382,2.0,300,GALAUSDT
-15.057255891225896,-0.8273226306213246,4.934617779862253,39,35.8974358974359,0.8776215092601443,1983.4535473875735,-0.38608348439040757,0.5,0.5,1.5,900,GALAUSDT
-15.097123888669788,-0.7975664086134769,1.9621300465774993,37,35.13513513513514,0.7228789973282721,1984.0486718277305,-0.40803037536945375,0.786,0.5,2.5,900,GALAUSDT
-15.40782004366979,-0.8136661184634704,1.9621300465774993,38,34.21052631578947,0.7187797236034353,1983.7266776307306,-0.40546894851762605,0.786,0.382,2.5,900,GALAUSDT
-15.891465036225892,-0.8705498317713251,4.934617779862253,40,35.0,0.871711245579881,1982.5890033645735,-0.3972866259056473,0.5,0.382,1.5,900,GALAUSDT
-17.100868886099892,-0.8967423406449484,1.9621300465774993,36,36.11111111111111,0.6855606349140931,1982.065153187101,-0.475024135724997,0.786,0.618,2.5,300,GALAUSDT
-17.100868886099892,-0.8967423406449484,1.9621300465774993,36,36.11111111111111,0.6855606349140931,1982.065153187101,-0.475024135724997,0.786,0.618,2.5,600,GALAUSDT
-18.433938710836635,-0.9739056243218102,2.884627089597825,37,37.83783783783784,0.7580373462959462,1980.5218875135638,-0.49821455975234147,0.786,0.5,2.0,300,GALAUSDT
-18.433938710836635,-0.9739056243218102,2.884627089597825,37,37.83783783783784,0.7580373462959462,1980.5218875135638,-0.49821455975234147,0.786,0.5,2.0,600,GALAUSDT
-18.76174850083664,-0.9908921316218084,2.884627089597825,38,36.84210526315789,0.7547896303004552,1980.1821573675638,-0.4937302237062273,0.786,0.382,2.0,300,GALAUSDT
-18.76174850083664,-0.9908921316218084,2.884627089597825,38,36.84210526315789,0.7547896303004552,1980.1821573675638,-0.4937302237062273,0.786,0.382,2.0,600,GALAUSDT
-20.04327614499988,-1.0424490389099448,1.9621300465774993,35,34.285714285714285,0.6320946169088109,1979.151019221801,-0.5726650327142823,0.5,0.618,2.5,300,GALAUSDT
-20.04327614499988,-1.0424490389099448,1.9621300465774993,35,34.285714285714285,0.6320946169088109,1979.151019221801,-0.5726650327142823,0.5,0.618,2.5,600,GALAUSDT
-20.04327614499988,-1.0424490389099448,1.9621300465774993,35,34.285714285714285,0.6320946169088109,1979.151019221801,-0.5726650327142823,0.618,0.618,2.5,300,GALAUSDT
-20.04327614499988,-1.0424490389099448,1.9621300465774993,35,34.285714285714285,0.6320946169088109,1979.151019221801,-0.5726650327142823,0.618,0.618,2.5,600,GALAUSDT
-20.154922726267834,-1.0628659498933757,2.884627089597825,38,34.21052631578947,0.7368526362605783,1978.7426810021325,-0.5303927033228377,0.618,0.5,2.0,900,GALAUSDT
-20.640015796267832,-1.0880025907933715,2.884627089597825,39,33.33333333333333,0.7322151602818864,1978.2399481841326,-0.5292311742632777,0.618,0.382,2.0,900,GALAUSDT
-25.73139696094981,-1.3284445444674702,1.9621300465774993,36,33.33333333333333,0.5276775511318305,1973.4311091106506,-0.7147610266930502,0.786,0.618,2.5,900,GALAUSDT
-25.950970636599713,-1.3409814120099555,1.9621300465774993,37,32.432432432432435,0.5255593011020052,1973.180371759801,-0.7013775847729652,0.5,0.618,2.5,900,GALAUSDT
-25.950970636599713,-1.3409814120099555,1.9621300465774993,37,32.432432432432435,0.5255593011020052,1973.180371759801,-0.7013775847729652,0.618,0.618,2.5,900,GALAUSDT
-28.91444476228653,-1.4981487665343252,2.884627089597825,37,35.13513513513514,0.6210228581824886,1970.0370246693135,-0.7814714800617981,0.786,0.5,2.0,900,GALAUSDT
-29.242254552286532,-1.5151352738343236,2.884627089597825,38,34.21052631578947,0.6183660163994641,1969.6972945233135,-0.7695330145338561,0.786,0.382,2.0,900,GALAUSDT
-30.290607643906647,-1.5658075115353085,2.884627089597825,36,36.11111111111111,0.602407498321594,1968.6838497692938,-0.8414057678862957,0.786,0.618,2.0,300,GALAUSDT
-30.290607643906647,-1.5658075115353085,2.884627089597825,36,36.11111111111111,0.602407498321594,1968.6838497692938,-0.8414057678862957,0.786,0.618,2.0,600,GALAUSDT
-34.06047193510665,-1.752509319555304,2.884627089597825,35,34.285714285714285,0.5537284389122005,1964.949813608894,-0.973156341003047,0.5,0.618,2.0,300,GALAUSDT
-34.06047193510665,-1.752509319555304,2.884627089597825,35,34.285714285714285,0.5537284389122005,1964.949813608894,-0.973156341003047,0.5,0.618,2.0,600,GALAUSDT
-34.06047193510665,-1.752509319555304,2.884627089597825,35,34.285714285714285,0.5537284389122005,1964.949813608894,-0.973156341003047,0.618,0.618,2.0,300,GALAUSDT
-34.06047193510665,-1.752509319555304,2.884627089597825,35,34.285714285714285,0.5537284389122005,1964.949813608894,-0.973156341003047,0.618,0.618,2.0,600,GALAUSDT
-40.77111369535656,-2.0900506537478236,2.884627089597825,36,33.33333333333333,0.46561933787722726,1958.1989869250435,-1.1325309359821267,0.786,0.618,2.0,900,GALAUSDT
-41.066872554406444,-2.1068204229803085,2.884627089597825,37,32.432432432432435,0.4638213504222165,1957.8635915403938,-1.1099154744434174,0.5,0.618,2.0,900,GALAUSDT
-41.066872554406444,-2.1068204229803085,2.884627089597825,37,32.432432432432435,0.4638213504222165,1957.8635915403938,-1.1099154744434174,0.618,0.618,2.0,900,GALAUSDT
-41.71251793961479,-2.15188165382076,4.934617779862253,36,36.11111111111111,0.6600083249101044,1956.9623669235848,-1.1586810538781886,0.618,0.5,1.5,600,GALAUSDT
-41.71251793961479,-2.15188165382076,4.934617779862253,36,36.11111111111111,0.6600083249101044,1956.9623669235848,-1.1586810538781886,0.618,0.5,1.5,300,GALAUSDT
-42.240653239614794,-2.1792486648207614,4.934617779862253,37,35.13513513513514,0.6571793377690142,1956.4150267035848,-1.1416392767463457,0.618,0.382,1.5,300,GALAUSDT
-42.240653239614794,-2.1792486648207614,4.934617779862253,37,35.13513513513514,0.6571793377690142,1956.4150267035848,-1.1416392767463457,0.618,0.382,1.5,600,GALAUSDT
-49.33609711595911,-2.534493580438004,4.934617779862253,37,37.83783783783784,0.5971526447677021,1949.31012839124,-1.3334080301610571,0.786,0.5,1.5,300,GALAUSDT
-49.33609711595911,-2.534493580438004,4.934617779862253,37,37.83783783783784,0.5971526447677021,1949.31012839124,-1.3334080301610571,0.786,0.5,1.5,600,GALAUSDT
-49.68301291595912,-2.552470126438004,4.934617779862253,38,36.84210526315789,0.5954658716079626,1948.95059747124,-1.3074477083147136,0.786,0.382,1.5,300,GALAUSDT
-49.68301291595912,-2.552470126438004,4.934617779862253,38,36.84210526315789,0.5954658716079626,1948.95059747124,-1.3074477083147136,0.786,0.382,1.5,600,GALAUSDT
-50.283353409414524,-2.585859848610755,4.934617779862253,38,34.21052631578947,0.5913198962655117,1948.282803027785,-1.3232461423530137,0.618,0.5,1.5,900,GALAUSDT
-50.811488709414526,-2.613226859610757,4.934617779862253,39,33.33333333333333,0.5887925383146191,1947.7354628077849,-1.3028586848567827,0.618,0.382,1.5,900,GALAUSDT
-62.683703806659,-3.202165958312992,4.934617779862253,37,35.13513513513514,0.48873685892151253,1935.9566808337402,-1.6941541569367295,0.786,0.5,1.5,900,GALAUSDT
-62.73270028154485,-3.2032711891172876,4.934617779862253,36,36.11111111111111,0.4877644590409657,1935.9345762176542,-1.7425750078206903,0.786,0.618,1.5,300,GALAUSDT
-62.73270028154485,-3.2032711891172876,4.934617779862253,36,36.11111111111111,0.4877644590409657,1935.9345762176542,-1.7425750078206903,0.786,0.618,1.5,600,GALAUSDT
-63.030619606659,-3.2201425043129914,4.934617779862253,38,34.21052631578947,0.48735786645256557,1935.5971499137402,-1.6587005159647106,0.786,0.382,1.5,900,GALAUSDT
-67.94232927734481,-3.461311386547265,4.934617779862253,35,34.285714285714285,0.44621357133236994,1930.7737722690547,-1.9412094079241375,0.5,0.618,1.5,300,GALAUSDT
-67.94232927734481,-3.461311386547265,4.934617779862253,35,34.285714285714285,0.44621357133236994,1930.7737722690547,-1.9412094079241375,0.5,0.618,1.5,600,GALAUSDT
-67.94232927734481,-3.461311386547265,4.934617779862253,35,34.285714285714285,0.44621357133236994,1930.7737722690547,-1.9412094079241375,0.618,0.618,1.5,300,GALAUSDT
-67.94232927734481,-3.461311386547265,4.934617779862253,35,34.285714285714285,0.44621357133236994,1930.7737722690547,-1.9412094079241375,0.618,0.618,1.5,600,GALAUSDT
-76.0803069722447,-3.870943566992276,4.934617779862253,36,33.33333333333333,0.37947098919331423,1922.5811286601545,-2.1133418603401304,0.786,0.618,1.5,900,GALAUSDT
-76.51316474714454,-3.8952895813372606,4.934617779862253,37,32.432432432432435,0.37813598366606804,1922.0942083732548,-2.067923371544447,0.5,0.618,1.5,900,GALAUSDT
-76.51316474714454,-3.8952895813372606,4.934617779862253,37,32.432432432432435,0.37813598366606804,1922.0942083732548,-2.067923371544447,0.618,0.618,1.5,900,GALAUSDT
-27.670608801999556,-1.4063165140599723,2.0143890266644586,23,47.82608695652174,0.4389621856899542,1971.8736697188006,-1.2030699479130242,0.5,0.618,2.5,900,XLMUSDT
-27.670608801999556,-1.4063165140599723,2.0143890266644586,23,47.82608695652174,0.4389621856899542,1971.8736697188006,-1.2030699479130242,0.618,0.618,2.5,900,XLMUSDT
-29.578501645499514,-1.4997961241949611,2.035365895663052,22,45.45454545454545,0.39529620447852004,1970.0040775161008,-1.3444773475227052,0.786,0.618,2.5,900,XLMUSDT
-29.690373617999565,-1.505233960419969,2.072443745052521,22,45.45454545454545,0.3980102700347016,1969.8953207916006,-1.3495624371817985,0.5,0.618,2.5,300,XLMUSDT
-29.690373617999565,-1.505233960419969,2.072443745052521,22,45.45454545454545,0.3980102700347016,1969.8953207916006,-1.3495624371817985,0.5,0.618,2.5,600,XLMUSDT
-29.690373617999565,-1.505233960419969,2.072443745052521,22,45.45454545454545,0.3980102700347016,1969.8953207916006,-1.3495624371817985,0.618,0.618,2.5,300,XLMUSDT
-29.690373617999565,-1.505233960419969,2.072443745052521,22,45.45454545454545,0.3980102700347016,1969.8953207916006,-1.3495624371817985,0.618,0.618,2.5,600,XLMUSDT
-31.209223898499506,-1.5799114907649598,2.093379418874963,21,42.857142857142854,0.3619576686848898,1968.4017701847008,-1.486153518976167,0.786,0.618,2.5,600,XLMUSDT
-31.209223898499506,-1.5799114907649598,2.093379418874963,21,42.857142857142854,0.3619576686848898,1968.4017701847008,-1.486153518976167,0.786,0.618,2.5,300,XLMUSDT
-32.32061981199956,-1.640964373659972,2.1489492145499756,24,41.66666666666667,0.3855034368070519,1967.1807125268006,-1.3466924921666485,0.618,0.5,2.5,900,XLMUSDT
-33.029022560499556,-1.6720513367049648,2.184369351974965,22,36.36363636363637,0.3539702896057001,1966.5589732659007,-1.5013192072954344,0.786,0.5,2.5,900,XLMUSDT
-33.13772171599958,-1.6817481109599839,2.1898043097499795,24,41.66666666666667,0.3796061902436134,1966.3650377808003,-1.380738404833316,0.618,0.382,2.5,900,XLMUSDT
-33.36878169249949,-1.6877697121449615,2.2013573085749614,21,38.095238095238095,0.34041105467002153,1966.2446057571008,-1.5889896044047376,0.786,0.5,2.5,300,XLMUSDT
-33.36878169249949,-1.6877697121449615,2.2013573085749614,21,38.095238095238095,0.34041105467002153,1966.2446057571008,-1.5889896044047376,0.786,0.5,2.5,600,XLMUSDT
-33.68084529599957,-1.7046061142799658,2.2169604887499648,22,36.36363636363637,0.34951422853216313,1965.9078777144007,-1.5309475134545258,0.786,0.382,2.5,900,XLMUSDT
-33.70329706899953,-1.7056945110699644,2.2180830773999674,22,40.909090909090914,0.3479630579057216,1965.8861097786007,-1.5319680485908878,0.618,0.5,2.5,300,XLMUSDT
-33.70329706899953,-1.7056945110699644,2.2180830773999674,22,40.909090909090914,0.3479630579057216,1965.8861097786007,-1.5319680485908878,0.618,0.5,2.5,600,XLMUSDT
-34.0206044279995,-1.7203244897199623,2.2339484453499607,21,38.095238095238095,0.3360808710164412,1965.5935102056008,-1.6200287822856905,0.786,0.382,2.5,300,XLMUSDT
-34.0206044279995,-1.7203244897199623,2.2339484453499607,21,38.095238095238095,0.3360808710164412,1965.5935102056008,-1.6200287822856905,0.786,0.382,2.5,600,XLMUSDT
-34.52039897299955,-1.7464782483699766,2.2589381725999713,22,40.909090909090914,0.34254806913968133,1965.0704350326005,-1.5691090442272524,0.618,0.382,2.5,300,XLMUSDT
-34.52039897299955,-1.7464782483699766,2.2589381725999713,22,40.909090909090914,0.34254806913968133,1965.0704350326005,-1.5691090442272524,0.618,0.382,2.5,600,XLMUSDT
-36.376665157499595,-1.8440020884549768,2.351751481824965,24,37.5,0.3463158932775189,1963.1199582309005,-1.515694381562483,0.5,0.5,2.5,900,XLMUSDT
-37.502941343999545,-1.8958772966799757,2.408065291149967,22,36.36363636363637,0.31469468447521076,1962.0824540664005,-1.7046791519999793,0.5,0.5,2.5,300,XLMUSDT
-37.502941343999545,-1.8958772966799757,2.408065291149967,22,36.36363636363637,0.31469468447521076,1962.0824540664005,-1.7046791519999793,0.5,0.5,2.5,600,XLMUSDT
-38.608785972999556,-1.955558264229978,2.463357522599972,24,37.5,0.332960536226824,1960.8888347154004,-1.608699415541648,0.5,0.382,2.5,900,XLMUSDT
-39.699329391394926,-2.021188202049757,3.0337618502584194,23,47.82608695652174,0.4706601863631528,1959.5762359590049,-1.7260577996258664,0.5,0.618,1.5,900,XLMUSDT
-39.699329391394926,-2.021188202049757,3.0337618502584194,23,47.82608695652174,0.4706601863631528,1959.5762359590049,-1.7260577996258664,0.618,0.618,1.5,900,XLMUSDT
-39.735062159499506,-2.007433472454977,2.519671331924974,22,36.36363636363637,0.3023618347623237,1959.8513305509005,-1.8061391890681593,0.5,0.382,2.5,600,XLMUSDT
-39.735062159499506,-2.007433472454977,2.519671331924974,22,36.36363636363637,0.3023618347623237,1959.8513305509005,-1.8061391890681593,0.5,0.382,2.5,300,XLMUSDT
-39.92564187521153,-2.024240825340564,2.7839665364198964,23,47.82608695652174,0.40195581161271543,1959.5151834931887,-1.735897472835284,0.5,0.618,2.0,900,XLMUSDT
-39.92564187521153,-2.024240825340564,2.7839665364198964,23,47.82608695652174,0.40195581161271543,1959.5151834931887,-1.735897472835284,0.618,0.618,2.0,900,XLMUSDT
-42.364321425211486,-2.1436755991805625,2.812614575572972,22,45.45454545454545,0.3604472602571679,1957.1264880163887,-1.9256509738732495,0.786,0.618,2.0,900,XLMUSDT
-42.44312581421154,-2.1475919186105674,2.8537673434906643,22,45.45454545454545,0.36424654587860494,1957.0481616277887,-1.92923299155507,0.5,0.618,2.0,300,XLMUSDT
-42.44312581421154,-2.1475919186105674,2.8537673434906643,22,45.45454545454545,0.36424654587860494,1957.0481616277887,-1.92923299155507,0.5,0.618,2.0,600,XLMUSDT
-42.44312581421154,-2.1475919186105674,2.8537673434906643,22,45.45454545454545,0.36424654587860494,1957.0481616277887,-1.92923299155507,0.618,0.618,2.0,300,XLMUSDT
-42.44312581421154,-2.1475919186105674,2.8537673434906643,22,45.45454545454545,0.36424654587860494,1957.0481616277887,-1.92923299155507,0.618,0.618,2.0,600,XLMUSDT
-43.020470417894856,-2.1837675283747218,3.074245190293328,22,45.45454545454545,0.4208617465664576,1956.3246494325056,-1.9554759280861298,0.786,0.618,1.5,900,XLMUSDT
-43.04761993739492,-2.1853629360697595,3.1207633980060283,22,45.45454545454545,0.4260150117268822,1956.2927412786048,-1.9567099971543145,0.5,0.618,1.5,600,XLMUSDT
-43.04761993739492,-2.1853629360697595,3.1207633980060283,22,45.45454545454545,0.4260150117268822,1956.2927412786048,-1.9567099971543145,0.5,0.618,1.5,300,XLMUSDT
-43.04761993739492,-2.1853629360697595,3.1207633980060283,22,45.45454545454545,0.4260150117268822,1956.2927412786048,-1.9567099971543145,0.618,0.618,1.5,300,XLMUSDT
-43.04761993739492,-2.1853629360697595,3.1207633980060283,22,45.45454545454545,0.4260150117268822,1956.2927412786048,-1.9567099971543145,0.618,0.618,1.5,600,XLMUSDT
-44.36207849921147,-2.2419087570005556,2.8804296624855628,21,42.857142857142854,0.3302881318435836,1955.1618248599889,-2.1124799285338796,0.786,0.618,2.0,300,XLMUSDT
-44.36207849921147,-2.2419087570005556,2.8804296624855628,21,42.857142857142854,0.3302881318435836,1955.1618248599889,-2.1124799285338796,0.786,0.618,2.0,600,XLMUSDT
-45.39770185271154,-2.3004865540355808,2.9322108301605794,24,41.66666666666667,0.35696643927982136,1953.9902689192884,-1.8915709105296477,0.618,0.5,2.0,900,XLMUSDT
-45.637247614894825,-2.3125888752247423,3.156040402944734,21,42.857142857142854,0.38563489384322697,1953.7482224955052,-2.173202267375944,0.786,0.618,1.5,300,XLMUSDT
-45.637247614894825,-2.3125888752247423,3.156040402944734,21,42.857142857142854,0.38563489384322697,1953.7482224955052,-2.173202267375944,0.786,0.618,1.5,600,XLMUSDT
-46.21765090121153,-2.336002241760559,2.9732082825855626,22,36.36363636363637,0.3272096081487278,1953.2799551647888,-2.100802313691433,0.786,0.5,2.0,900,XLMUSDT
-46.28683768071156,-2.3448481344155767,2.97666762156058,24,41.66666666666667,0.35252667546220157,1953.1030373116885,-1.928618236696315,0.618,0.382,2.0,900,XLMUSDT
-46.34797049239492,-2.357075191959734,3.1915765468197375,24,41.66666666666667,0.41800328302678563,1952.8584961608053,-1.9311654371831217,0.618,0.5,1.5,900,XLMUSDT
-46.778933104211454,-2.3625986706305526,3.001272392735564,21,38.095238095238095,0.3131269571780809,1952.748026587389,-2.2275682430576884,0.786,0.5,2.0,600,XLMUSDT
-46.778933104211454,-2.3625986706305526,3.001272392735564,21,38.095238095238095,0.3131269571780809,1952.748026587389,-2.2275682430576884,0.786,0.5,2.0,300,XLMUSDT
-46.918902092211546,-2.3710198752905627,3.008270842135562,22,36.36363636363637,0.32390316758833587,1952.5796024941887,-2.1326773678277977,0.786,0.382,2.0,900,XLMUSDT
-47.2396203737115,-2.3871496009655746,3.024306756210581,22,40.909090909090914,0.3204919176953268,1952.2570079806885,-2.147255471532341,0.618,0.5,2.0,300,XLMUSDT
-47.2396203737115,-2.3871496009655746,3.024306756210581,22,40.909090909090914,0.3204919176953268,1952.2570079806885,-2.147255471532341,0.618,0.5,2.0,600,XLMUSDT
-47.30813273289495,-2.4049489063447256,3.2395846588447283,24,41.66666666666667,0.4130235138464736,1951.9010218731055,-1.9711721972039562,0.618,0.382,1.5,900,XLMUSDT
-47.384402616394915,-2.4015246777397468,3.2433981530197458,22,36.36363636363637,0.3849436401808743,1951.969506445205,-2.1538364825634053,0.786,0.5,1.5,900,XLMUSDT
-47.480184295211465,-2.397616304160556,3.036334952285563,21,38.095238095238095,0.30993563039171884,1952.0476739167889,-2.260961156914832,0.786,0.382,2.0,300,XLMUSDT
-47.480184295211465,-2.397616304160556,3.036334952285563,21,38.095238095238095,0.30993563039171884,1952.0476739167889,-2.260961156914832,0.786,0.382,2.0,600,XLMUSDT
-48.128756201711525,-2.43151118134557,3.0687635476105815,22,40.909090909090914,0.3164447220877689,1951.3697763730886,-2.187670736441433,0.618,0.382,2.0,300,XLMUSDT
-48.128756201711525,-2.43151118134557,3.0687635476105815,22,40.909090909090914,0.3164447220877689,1951.3697763730886,-2.187670736441433,0.618,0.382,2.0,600,XLMUSDT
-48.14466023089493,-2.4394814184247364,3.281411033744746,22,36.36363636363637,0.3811820393164905,1951.2103716315053,-2.1883936468588603,0.786,0.382,1.5,900,XLMUSDT
-48.38170048139481,-2.449609362789738,3.293263046269738,21,38.095238095238095,0.3665759238111826,1951.0078127442052,-2.3038904991140385,0.786,0.5,1.5,300,XLMUSDT
-48.38170048139481,-2.449609362789738,3.293263046269738,21,38.095238095238095,0.3665759238111826,1951.0078127442052,-2.3038904991140385,0.786,0.5,1.5,600,XLMUSDT
-49.032345621394875,-2.484184901169738,3.32579530326974,22,40.909090909090914,0.37383707697264523,1950.3163019766052,-2.228742982790676,0.618,0.5,1.5,600,XLMUSDT
-49.032345621394875,-2.484184901169738,3.32579530326974,22,40.909090909090914,0.37383707697264523,1950.3163019766052,-2.228742982790676,0.618,0.5,1.5,300,XLMUSDT
-49.14195809589482,-2.4875661034747507,3.331275926994738,21,38.095238095238095,0.36296318311136105,1950.248677930505,-2.3400932426616583,0.786,0.382,1.5,600,XLMUSDT
-49.14195809589482,-2.4875661034747507,3.331275926994738,21,38.095238095238095,0.36296318311136105,1950.248677930505,-2.3400932426616583,0.786,0.382,1.5,300,XLMUSDT
-49.9925078618949,-2.5320586155547518,3.373803415294754,22,40.909090909090914,0.36930873845467743,1949.358827688905,-2.2723867209952227,0.618,0.382,1.5,300,XLMUSDT
-49.9925078618949,-2.5320586155547518,3.373803415294754,22,40.909090909090914,0.36930873845467743,1949.358827688905,-2.2723867209952227,0.618,0.382,1.5,600,XLMUSDT
-50.59011294271158,-2.560441703475578,3.191831384660577,24,37.5,0.32127057915325297,1948.7911659304884,-2.1079213726129824,0.5,0.5,2.0,900,XLMUSDT
-52.10881878671152,-2.6308948881155745,3.267766676860583,22,36.36363636363637,0.2904000304630703,1947.3821022376885,-2.368582672123251,0.5,0.5,2.0,600,XLMUSDT
-52.10881878671152,-2.6308948881155745,3.267766676860583,22,36.36363636363637,0.2904000304630703,1947.3821022376885,-2.368582672123251,0.5,0.5,2.0,300,XLMUSDT
-53.27196141471153,-2.694458830875578,3.3259238082605744,24,37.5,0.3101126216145138,1946.1108233824884,-2.2196650589463136,0.5,0.382,2.0,900,XLMUSDT
-53.47748763189497,-2.7140646036547307,3.5480524037947476,24,37.5,0.3715320103451621,1945.7187079269054,-2.228228651328957,0.5,0.5,1.5,900,XLMUSDT
-54.790667258711466,-2.764912015515574,3.401859100460581,22,36.36363636363637,0.28016815226728387,1944.7017596896885,-2.4904848753959756,0.5,0.382,2.0,300,XLMUSDT
-54.790667258711466,-2.764912015515574,3.401859100460581,22,36.36363636363637,0.28016815226728387,1944.7017596896885,-2.4904848753959756,0.5,0.382,2.0,600,XLMUSDT
-55.726305732894886,-2.8193212361047473,3.6604933088447407,22,36.36363636363637,0.33441911184481554,1943.613575277905,-2.5330138969497678,0.5,0.5,1.5,600,XLMUSDT
-55.726305732894886,-2.8193212361047473,3.6604933088447407,22,36.36363636363637,0.33441911184481554,1943.613575277905,-2.5330138969497678,0.5,0.5,1.5,300,XLMUSDT
-66.3047210882876,-3.3553020204943893,4.189414076614377,24,37.5,0.3228619357768001,1932.8939595901122,-2.762696712011983,0.5,0.382,1.5,900,XLMUSDT
-68.5535391892875,-3.460558652944383,4.301854981664395,22,36.36363636363637,0.2899909776744412,1930.7888269411123,-3.116069963149432,0.5,0.382,1.5,300,XLMUSDT
-68.5535391892875,-3.460558652944383,4.301854981664395,22,36.36363636363637,0.2899909776744412,1930.7888269411123,-3.116069963149432,0.5,0.382,1.5,600,XLMUSDT
-26.609985102000316,-1.3878891033600211,1.5484178183250266,47,42.5531914893617,0.6105866327628194,1972.2422179327996,-0.5661698957872408,0.5,0.382,2.5,300,IOTAUSDT
-26.609985102000316,-1.3878891033600211,1.5484178183250266,47,42.5531914893617,0.6105866327628194,1972.2422179327996,-0.5661698957872408,0.5,0.382,2.5,600,IOTAUSDT
-26.609985102000316,-1.3878891033600211,1.5484178183250266,47,42.5531914893617,0.6105866327628194,1972.2422179327996,-0.5661698957872408,0.5,0.5,2.5,300,IOTAUSDT
-26.609985102000316,-1.3878891033600211,1.5484178183250266,47,42.5531914893617,0.6105866327628194,1972.2422179327996,-0.5661698957872408,0.5,0.5,2.5,600,IOTAUSDT
-26.609985102000316,-1.3878891033600211,1.5484178183250266,47,42.5531914893617,0.6105866327628194,1972.2422179327996,-0.5661698957872408,0.5,0.618,2.5,300,IOTAUSDT
-26.609985102000316,-1.3878891033600211,1.5484178183250266,47,42.5531914893617,0.6105866327628194,1972.2422179327996,-0.5661698957872408,0.5,0.618,2.5,600,IOTAUSDT
-26.609985102000316,-1.3878891033600211,1.5484178183250266,47,42.5531914893617,0.6105866327628194,1972.2422179327996,-0.5661698957872408,0.618,0.382,2.5,300,IOTAUSDT
-26.609985102000316,-1.3878891033600211,1.5484178183250266,47,42.5531914893617,0.6105866327628194,1972.2422179327996,-0.5661698957872408,0.618,0.382,2.5,600,IOTAUSDT
-26.609985102000316,-1.3878891033600211,1.5484178183250266,47,42.5531914893617,0.6105866327628194,1972.2422179327996,-0.5661698957872408,0.618,0.5,2.5,300,IOTAUSDT
-26.609985102000316,-1.3878891033600211,1.5484178183250266,47,42.5531914893617,0.6105866327628194,1972.2422179327996,-0.5661698957872408,0.618,0.5,2.5,600,IOTAUSDT
-26.609985102000316,-1.3878891033600211,1.5484178183250266,47,42.5531914893617,0.6105866327628194,1972.2422179327996,-0.5661698957872408,0.618,0.618,2.5,300,IOTAUSDT
-26.609985102000316,-1.3878891033600211,1.5484178183250266,47,42.5531914893617,0.6105866327628194,1972.2422179327996,-0.5661698957872408,0.618,0.618,2.5,600,IOTAUSDT
-26.609985102000316,-1.3878891033600211,1.5484178183250266,47,42.5531914893617,0.6105866327628194,1972.2422179327996,-0.5661698957872408,0.786,0.382,2.5,300,IOTAUSDT
-26.609985102000316,-1.3878891033600211,1.5484178183250266,47,42.5531914893617,0.6105866327628194,1972.2422179327996,-0.5661698957872408,0.786,0.382,2.5,600,IOTAUSDT
-26.609985102000316,-1.3878891033600211,1.5484178183250266,47,42.5531914893617,0.6105866327628194,1972.2422179327996,-0.5661698957872408,0.786,0.5,2.5,300,IOTAUSDT
-26.609985102000316,-1.3878891033600211,1.5484178183250266,47,42.5531914893617,0.6105866327628194,1972.2422179327996,-0.5661698957872408,0.786,0.5,2.5,600,IOTAUSDT
-26.609985102000316,-1.3878891033600211,1.5484178183250266,47,42.5531914893617,0.6105866327628194,1972.2422179327996,-0.5661698957872408,0.786,0.618,2.5,300,IOTAUSDT
-26.609985102000316,-1.3878891033600211,1.5484178183250266,47,42.5531914893617,0.6105866327628194,1972.2422179327996,-0.5661698957872408,0.786,0.618,2.5,600,IOTAUSDT
-32.73574327144845,-1.7072524199724284,1.905236429622437,47,42.5531914893617,0.6102511731370192,1965.8549516005514,-0.6965051759882649,0.5,0.382,2.0,300,IOTAUSDT
-32.73574327144845,-1.7072524199724284,1.905236429622437,47,42.5531914893617,0.6102511731370192,1965.8549516005514,-0.6965051759882649,0.5,0.382,2.0,600,IOTAUSDT
-32.73574327144845,-1.7072524199724284,1.905236429622437,47,42.5531914893617,0.6102511731370192,1965.8549516005514,-0.6965051759882649,0.5,0.5,2.0,600,IOTAUSDT
-32.73574327144845,-1.7072524199724284,1.905236429622437,47,42.5531914893617,0.6102511731370192,1965.8549516005514,-0.6965051759882649,0.5,0.5,2.0,300,IOTAUSDT
-32.73574327144845,-1.7072524199724284,1.905236429622437,47,42.5531914893617,0.6102511731370192,1965.8549516005514,-0.6965051759882649,0.5,0.618,2.0,600,IOTAUSDT
-32.73574327144845,-1.7072524199724284,1.905236429622437,47,42.5531914893617,0.6102511731370192,1965.8549516005514,-0.6965051759882649,0.5,0.618,2.0,300,IOTAUSDT
-32.73574327144845,-1.7072524199724284,1.905236429622437,47,42.5531914893617,0.6102511731370192,1965.8549516005514,-0.6965051759882649,0.618,0.382,2.0,300,IOTAUSDT
-32.73574327144845,-1.7072524199724284,1.905236429622437,47,42.5531914893617,0.6102511731370192,1965.8549516005514,-0.6965051759882649,0.618,0.382,2.0,600,IOTAUSDT
-32.73574327144845,-1.7072524199724284,1.905236429622437,47,42.5531914893617,0.6102511731370192,1965.8549516005514,-0.6965051759882649,0.618,0.5,2.0,300,IOTAUSDT
-32.73574327144845,-1.7072524199724284,1.905236429622437,47,42.5531914893617,0.6102511731370192,1965.8549516005514,-0.6965051759882649,0.618,0.5,2.0,600,IOTAUSDT
-32.73574327144845,-1.7072524199724284,1.905236429622437,47,42.5531914893617,0.6102511731370192,1965.8549516005514,-0.6965051759882649,0.618,0.618,2.0,300,IOTAUSDT
-32.73574327144845,-1.7072524199724284,1.905236429622437,47,42.5531914893617,0.6102511731370192,1965.8549516005514,-0.6965051759882649,0.618,0.618,2.0,600,IOTAUSDT
-32.73574327144845,-1.7072524199724284,1.905236429622437,47,42.5531914893617,0.6102511731370192,1965.8549516005514,-0.6965051759882649,0.786,0.382,2.0,600,IOTAUSDT
-32.73574327144845,-1.7072524199724284,1.905236429622437,47,42.5531914893617,0.6102511731370192,1965.8549516005514,-0.6965051759882649,0.786,0.382,2.0,300,IOTAUSDT
-32.73574327144845,-1.7072524199724284,1.905236429622437,47,42.5531914893617,0.6102511731370192,1965.8549516005514,-0.6965051759882649,0.786,0.5,2.0,300,IOTAUSDT
-32.73574327144845,-1.7072524199724284,1.905236429622437,47,42.5531914893617,0.6102511731370192,1965.8549516005514,-0.6965051759882649,0.786,0.5,2.0,600,IOTAUSDT
-32.73574327144845,-1.7072524199724284,1.905236429622437,47,42.5531914893617,0.6102511731370192,1965.8549516005514,-0.6965051759882649,0.786,0.618,2.0,300,IOTAUSDT
-32.73574327144845,-1.7072524199724284,1.905236429622437,47,42.5531914893617,0.6102511731370192,1965.8549516005514,-0.6965051759882649,0.786,0.618,2.0,600,IOTAUSDT
-36.49719459694177,-1.916234625847096,2.174303613072095,47,42.5531914893617,0.6455573044487523,1961.675307483058,-0.7765360552540802,0.5,0.382,1.5,300,IOTAUSDT
-36.49719459694177,-1.916234625847096,2.174303613072095,47,42.5531914893617,0.6455573044487523,1961.675307483058,-0.7765360552540802,0.5,0.382,1.5,600,IOTAUSDT
-36.49719459694177,-1.916234625847096,2.174303613072095,47,42.5531914893617,0.6455573044487523,1961.675307483058,-0.7765360552540802,0.5,0.5,1.5,300,IOTAUSDT
-36.49719459694177,-1.916234625847096,2.174303613072095,47,42.5531914893617,0.6455573044487523,1961.675307483058,-0.7765360552540802,0.5,0.5,1.5,600,IOTAUSDT
-36.49719459694177,-1.916234625847096,2.174303613072095,47,42.5531914893617,0.6455573044487523,1961.675307483058,-0.7765360552540802,0.5,0.618,1.5,600,IOTAUSDT
-36.49719459694177,-1.916234625847096,2.174303613072095,47,42.5531914893617,0.6455573044487523,1961.675307483058,-0.7765360552540802,0.5,0.618,1.5,300,IOTAUSDT
-36.49719459694177,-1.916234625847096,2.174303613072095,47,42.5531914893617,0.6455573044487523,1961.675307483058,-0.7765360552540802,0.618,0.382,1.5,300,IOTAUSDT
-36.49719459694177,-1.916234625847096,2.174303613072095,47,42.5531914893617,0.6455573044487523,1961.675307483058,-0.7765360552540802,0.618,0.382,1.5,600,IOTAUSDT
-36.49719459694177,-1.916234625847096,2.174303613072095,47,42.5531914893617,0.6455573044487523,1961.675307483058,-0.7765360552540802,0.618,0.5,1.5,300,IOTAUSDT
-36.49719459694177,-1.916234625847096,2.174303613072095,47,42.5531914893617,0.6455573044487523,1961.675307483058,-0.7765360552540802,0.618,0.5,1.5,600,IOTAUSDT
-36.49719459694177,-1.916234625847096,2.174303613072095,47,42.5531914893617,0.6455573044487523,1961.675307483058,-0.7765360552540802,0.618,0.618,1.5,300,IOTAUSDT
-36.49719459694177,-1.916234625847096,2.174303613072095,47,42.5531914893617,0.6455573044487523,1961.675307483058,-0.7765360552540802,0.618,0.618,1.5,600,IOTAUSDT
-36.49719459694177,-1.916234625847096,2.174303613072095,47,42.5531914893617,0.6455573044487523,1961.675307483058,-0.7765360552540802,0.786,0.382,1.5,300,IOTAUSDT
-36.49719459694177,-1.916234625847096,2.174303613072095,47,42.5531914893617,0.6455573044487523,1961.675307483058,-0.7765360552540802,0.786,0.382,1.5,600,IOTAUSDT
-36.49719459694177,-1.916234625847096,2.174303613072095,47,42.5531914893617,0.6455573044487523,1961.675307483058,-0.7765360552540802,0.786,0.5,1.5,300,IOTAUSDT
-36.49719459694177,-1.916234625847096,2.174303613072095,47,42.5531914893617,0.6455573044487523,1961.675307483058,-0.7765360552540802,0.786,0.5,1.5,600,IOTAUSDT
-36.49719459694177,-1.916234625847096,2.174303613072095,47,42.5531914893617,0.6455573044487523,1961.675307483058,-0.7765360552540802,0.786,0.618,1.5,300,IOTAUSDT
-36.49719459694177,-1.916234625847096,2.174303613072095,47,42.5531914893617,0.6455573044487523,1961.675307483058,-0.7765360552540802,0.786,0.618,1.5,600,IOTAUSDT
-45.520479715000214,-2.3455057633500016,2.4624319176500196,56,39.285714285714285,0.4902957419984612,1953.089884733,-0.8128657091964324,0.5,0.382,2.5,900,IOTAUSDT
-45.520479715000214,-2.3455057633500016,2.4624319176500196,56,39.285714285714285,0.4902957419984612,1953.089884733,-0.8128657091964324,0.5,0.5,2.5,900,IOTAUSDT
-45.520479715000214,-2.3455057633500016,2.4624319176500196,56,39.285714285714285,0.4902957419984612,1953.089884733,-0.8128657091964324,0.5,0.618,2.5,900,IOTAUSDT
-45.520479715000214,-2.3455057633500016,2.4624319176500196,56,39.285714285714285,0.4902957419984612,1953.089884733,-0.8128657091964324,0.618,0.382,2.5,900,IOTAUSDT
-45.520479715000214,-2.3455057633500016,2.4624319176500196,56,39.285714285714285,0.4902957419984612,1953.089884733,-0.8128657091964324,0.618,0.5,2.5,900,IOTAUSDT
-45.520479715000214,-2.3455057633500016,2.4624319176500196,56,39.285714285714285,0.4902957419984612,1953.089884733,-0.8128657091964324,0.618,0.618,2.5,900,IOTAUSDT
-45.520479715000214,-2.3455057633500016,2.4624319176500196,56,39.285714285714285,0.4902957419984612,1953.089884733,-0.8128657091964324,0.786,0.382,2.5,900,IOTAUSDT
-45.520479715000214,-2.3455057633500016,2.4624319176500196,56,39.285714285714285,0.4902957419984612,1953.089884733,-0.8128657091964324,0.786,0.5,2.5,900,IOTAUSDT
-45.520479715000214,-2.3455057633500016,2.4624319176500196,56,39.285714285714285,0.4902957419984612,1953.089884733,-0.8128657091964324,0.786,0.618,2.5,900,IOTAUSDT
-60.331176101781445,-3.10192267550907,3.246948774989084,56,39.285714285714285,0.4713857875371505,1937.9615464898186,-1.0773424303889543,0.5,0.382,2.0,900,IOTAUSDT
-60.331176101781445,-3.10192267550907,3.246948774989084,56,39.285714285714285,0.4713857875371505,1937.9615464898186,-1.0773424303889543,0.5,0.5,2.0,900,IOTAUSDT
-60.331176101781445,-3.10192267550907,3.246948774989084,56,39.285714285714285,0.4713857875371505,1937.9615464898186,-1.0773424303889543,0.5,0.618,2.0,900,IOTAUSDT
-60.331176101781445,-3.10192267550907,3.246948774989084,56,39.285714285714285,0.4713857875371505,1937.9615464898186,-1.0773424303889543,0.618,0.382,2.0,900,IOTAUSDT
-60.331176101781445,-3.10192267550907,3.246948774989084,56,39.285714285714285,0.4713857875371505,1937.9615464898186,-1.0773424303889543,0.618,0.5,2.0,900,IOTAUSDT
-60.331176101781445,-3.10192267550907,3.246948774989084,56,39.285714285714285,0.4713857875371505,1937.9615464898186,-1.0773424303889543,0.618,0.618,2.0,900,IOTAUSDT
-60.331176101781445,-3.10192267550907,3.246948774989084,56,39.285714285714285,0.4713857875371505,1937.9615464898186,-1.0773424303889543,0.786,0.382,2.0,900,IOTAUSDT
-60.331176101781445,-3.10192267550907,3.246948774989084,56,39.285714285714285,0.4713857875371505,1937.9615464898186,-1.0773424303889543,0.786,0.5,2.0,900,IOTAUSDT
-60.331176101781445,-3.10192267550907,3.246948774989084,56,39.285714285714285,0.4713857875371505,1937.9615464898186,-1.0773424303889543,0.786,0.618,2.0,900,IOTAUSDT
-69.21724467848921,-3.5716698807644667,3.7623851045994567,56,39.285714285714285,0.5020603438455638,1928.5666023847107,-1.236022226401593,0.5,0.382,1.5,900,IOTAUSDT
-69.21724467848921,-3.5716698807644667,3.7623851045994567,56,39.285714285714285,0.5020603438455638,1928.5666023847107,-1.236022226401593,0.5,0.5,1.5,900,IOTAUSDT
-69.21724467848921,-3.5716698807644667,3.7623851045994567,56,39.285714285714285,0.5020603438455638,1928.5666023847107,-1.236022226401593,0.5,0.618,1.5,900,IOTAUSDT
-69.21724467848921,-3.5716698807644667,3.7623851045994567,56,39.285714285714285,0.5020603438455638,1928.5666023847107,-1.236022226401593,0.618,0.382,1.5,900,IOTAUSDT
-69.21724467848921,-3.5716698807644667,3.7623851045994567,56,39.285714285714285,0.5020603438455638,1928.5666023847107,-1.236022226401593,0.618,0.5,1.5,900,IOTAUSDT
-69.21724467848921,-3.5716698807644667,3.7623851045994567,56,39.285714285714285,0.5020603438455638,1928.5666023847107,-1.236022226401593,0.618,0.618,1.5,900,IOTAUSDT
-69.21724467848921,-3.5716698807644667,3.7623851045994567,56,39.285714285714285,0.5020603438455638,1928.5666023847107,-1.236022226401593,0.786,0.382,1.5,900,IOTAUSDT
-69.21724467848921,-3.5716698807644667,3.7623851045994567,56,39.285714285714285,0.5020603438455638,1928.5666023847107,-1.236022226401593,0.786,0.5,1.5,900,IOTAUSDT
-69.21724467848921,-3.5716698807644667,3.7623851045994567,56,39.285714285714285,0.5020603438455638,1928.5666023847107,-1.236022226401593,0.786,0.618,1.5,900,IOTAUSDT
41.33380985988933,2.0396155286744713,1.0700517446973428,23,47.82608695652174,1.6745854527658879,2040.7923105734894,1.7971221678212752,0.5,0.5,1.5,300,BRUSDT
41.33380985988933,2.0396155286744713,1.0700517446973428,23,47.82608695652174,1.6745854527658879,2040.7923105734894,1.7971221678212752,0.5,0.5,1.5,600,BRUSDT
41.33380985988933,2.0396155286744713,1.0700517446973428,23,47.82608695652174,1.6745854527658879,2040.7923105734894,1.7971221678212752,0.5,0.618,1.5,600,BRUSDT
41.33380985988933,2.0396155286744713,1.0700517446973428,23,47.82608695652174,1.6745854527658879,2040.7923105734894,1.7971221678212752,0.5,0.618,1.5,300,BRUSDT
41.33380985988933,2.0396155286744713,1.0700517446973428,23,47.82608695652174,1.6745854527658879,2040.7923105734894,1.7971221678212752,0.618,0.5,1.5,300,BRUSDT
41.33380985988933,2.0396155286744713,1.0700517446973428,23,47.82608695652174,1.6745854527658879,2040.7923105734894,1.7971221678212752,0.618,0.5,1.5,600,BRUSDT
41.33380985988933,2.0396155286744713,1.0700517446973428,23,47.82608695652174,1.6745854527658879,2040.7923105734894,1.7971221678212752,0.618,0.618,1.5,300,BRUSDT
41.33380985988933,2.0396155286744713,1.0700517446973428,23,47.82608695652174,1.6745854527658879,2040.7923105734894,1.7971221678212752,0.618,0.618,1.5,600,BRUSDT
41.33380985988933,2.0396155286744713,1.0700517446973428,23,47.82608695652174,1.6745854527658879,2040.7923105734894,1.7971221678212752,0.786,0.5,1.5,300,BRUSDT
41.33380985988933,2.0396155286744713,1.0700517446973428,23,47.82608695652174,1.6745854527658879,2040.7923105734894,1.7971221678212752,0.786,0.5,1.5,600,BRUSDT
41.33380985988933,2.0396155286744713,1.0700517446973428,23,47.82608695652174,1.6745854527658879,2040.7923105734894,1.7971221678212752,0.786,0.618,1.5,300,BRUSDT
41.33380985988933,2.0396155286744713,1.0700517446973428,23,47.82608695652174,1.6745854527658879,2040.7923105734894,1.7971221678212752,0.786,0.618,1.5,600,BRUSDT
41.03395458738932,2.0244209078294717,1.0700517446973428,24,45.83333333333333,1.6664303322043295,2040.4884181565894,1.7097481078078882,0.786,0.382,1.5,600,BRUSDT
41.03395458738932,2.0244209078294717,1.0700517446973428,24,45.83333333333333,1.6664303322043295,2040.4884181565894,1.7097481078078882,0.786,0.382,1.5,300,BRUSDT
40.87223006988931,2.0162258118944694,1.0700517446973428,24,45.83333333333333,1.6620648200341486,2040.3245162378894,1.703009586245388,0.618,0.382,1.5,300,BRUSDT
40.87223006988931,2.0162258118944694,1.0700517446973428,24,45.83333333333333,1.6620648200341486,2040.3245162378894,1.703009586245388,0.618,0.382,1.5,600,BRUSDT
40.5903918523893,2.0019441725594787,1.0707915059203121,24,45.83333333333333,1.6545114313592004,2040.0388834511896,1.6912663271828876,0.5,0.382,1.5,600,BRUSDT
40.5903918523893,2.0019441725594787,1.0707915059203121,24,45.83333333333333,1.6545114313592004,2040.0388834511896,1.6912663271828876,0.5,0.382,1.5,300,BRUSDT
39.680698128389174,1.9558176890394523,1.0700517446973428,24,45.83333333333333,1.6333832749363653,2039.116353780789,1.6533624220162155,0.5,0.618,1.5,900,BRUSDT
39.680698128389174,1.9558176890394523,1.0700517446973428,24,45.83333333333333,1.6333832749363653,2039.116353780789,1.6533624220162155,0.618,0.618,1.5,900,BRUSDT
39.639596128389165,1.953716933039459,1.0700517446973428,24,45.83333333333333,1.6323123636099026,2039.0743386607892,1.651649838682882,0.786,0.618,1.5,900,BRUSDT
29.195185664286196,1.430672135394309,1.5469763623492196,25,44.0,1.399199598562362,2028.6134427078862,1.1678074265714478,0.786,0.5,1.5,900,BRUSDT
28.956726166826112,1.4182667614812885,1.5606989739404225,25,44.0,1.394652237834122,2028.3653352296258,1.1582690466730445,0.618,0.5,1.5,900,BRUSDT
28.895330391786185,1.415477514549309,1.56169511824184,26,42.30769230769231,1.3934862170970324,2028.3095502909862,1.1113588612225456,0.786,0.382,1.5,900,BRUSDT
28.49514637682609,1.3948770447012862,1.5833561718523816,26,42.30769230769231,1.3859334866476356,2027.8975408940257,1.095967168339465,0.618,0.382,1.5,900,BRUSDT
27.317278605445956,1.3452024980723307,1.0538392578826095,23,47.82608695652174,1.5416893299030605,2026.9040499614466,1.1877077654541721,0.5,0.5,2.0,600,BRUSDT
27.317278605445956,1.3452024980723307,1.0538392578826095,23,47.82608695652174,1.5416893299030605,2026.9040499614466,1.1877077654541721,0.5,0.5,2.0,300,BRUSDT
27.317278605445956,1.3452024980723307,1.0538392578826095,23,47.82608695652174,1.5416893299030605,2026.9040499614466,1.1877077654541721,0.5,0.618,2.0,300,BRUSDT
27.317278605445956,1.3452024980723307,1.0538392578826095,23,47.82608695652174,1.5416893299030605,2026.9040499614466,1.1877077654541721,0.5,0.618,2.0,600,BRUSDT
27.317278605445956,1.3452024980723307,1.0538392578826095,23,47.82608695652174,1.5416893299030605,2026.9040499614466,1.1877077654541721,0.618,0.5,2.0,300,BRUSDT
27.317278605445956,1.3452024980723307,1.0538392578826095,23,47.82608695652174,1.5416893299030605,2026.9040499614466,1.1877077654541721,0.618,0.5,2.0,600,BRUSDT
27.317278605445956,1.3452024980723307,1.0538392578826095,23,47.82608695652174,1.5416893299030605,2026.9040499614466,1.1877077654541721,0.618,0.618,2.0,600,BRUSDT
27.317278605445956,1.3452024980723307,1.0538392578826095,23,47.82608695652174,1.5416893299030605,2026.9040499614466,1.1877077654541721,0.618,0.618,2.0,300,BRUSDT
27.317278605445956,1.3452024980723307,1.0538392578826095,23,47.82608695652174,1.5416893299030605,2026.9040499614466,1.1877077654541721,0.786,0.5,2.0,300,BRUSDT
27.317278605445956,1.3452024980723307,1.0538392578826095,23,47.82608695652174,1.5416893299030605,2026.9040499614466,1.1877077654541721,0.786,0.5,2.0,600,BRUSDT
27.317278605445956,1.3452024980723307,1.0538392578826095,23,47.82608695652174,1.5416893299030605,2026.9040499614466,1.1877077654541721,0.786,0.618,2.0,300,BRUSDT
27.317278605445956,1.3452024980723307,1.0538392578826095,23,47.82608695652174,1.5416893299030605,2026.9040499614466,1.1877077654541721,0.786,0.618,2.0,600,BRUSDT
27.03372447794594,1.3308339081173244,1.0538392578826095,24,45.83333333333333,1.5330692637441583,2026.6166781623465,1.1264051865810807,0.786,0.382,2.0,300,BRUSDT
27.03372447794594,1.3308339081173244,1.0538392578826095,24,45.83333333333333,1.5330692637441583,2026.6166781623465,1.1264051865810807,0.786,0.382,2.0,600,BRUSDT
26.893448835445938,1.3237256949323297,1.0538392578826095,24,45.83333333333333,1.528840414722001,2026.4745138986466,1.1205603681435807,0.618,0.382,2.0,600,BRUSDT
26.893448835445938,1.3237256949323297,1.0538392578826095,24,45.83333333333333,1.528840414722001,2026.4745138986466,1.1205603681435807,0.618,0.382,2.0,300,BRUSDT
26.667377692945927,1.3122699507473272,1.0538392578826095,24,45.83333333333333,1.5220739934709642,2026.2453990149465,1.1111407372060802,0.5,0.382,2.0,300,BRUSDT
26.667377692945927,1.3122699507473272,1.0538392578826095,24,45.83333333333333,1.5220739934709642,2026.2453990149465,1.1111407372060802,0.5,0.382,2.0,600,BRUSDT
25.983231530945833,1.2776195537273338,1.0538392578826095,24,45.83333333333333,1.5045017625370387,2025.5523910745467,1.082634647122743,0.5,0.618,2.0,900,BRUSDT
25.983231530945833,1.2776195537273338,1.0538392578826095,24,45.83333333333333,1.5045017625370387,2025.5523910745467,1.082634647122743,0.618,0.618,2.0,900,BRUSDT
25.958364820945828,1.2763485963473387,1.0538392578826095,24,45.83333333333333,1.5037757052002698,2025.5269719269468,1.081598534206076,0.786,0.618,2.0,900,BRUSDT
17.980597671752495,0.8823213095876213,1.043506261029046,23,47.82608695652174,1.403030762453622,2017.6464261917524,0.7817651161631519,0.5,0.5,2.5,300,BRUSDT
17.980597671752495,0.8823213095876213,1.043506261029046,23,47.82608695652174,1.403030762453622,2017.6464261917524,0.7817651161631519,0.5,0.5,2.5,600,BRUSDT
17.980597671752495,0.8823213095876213,1.043506261029046,23,47.82608695652174,1.403030762453622,2017.6464261917524,0.7817651161631519,0.5,0.618,2.5,300,BRUSDT
17.980597671752495,0.8823213095876213,1.043506261029046,23,47.82608695652174,1.403030762453622,2017.6464261917524,0.7817651161631519,0.5,0.618,2.5,600,BRUSDT
17.980597671752495,0.8823213095876213,1.043506261029046,23,47.82608695652174,1.403030762453622,2017.6464261917524,0.7817651161631519,0.618,0.5,2.5,300,BRUSDT
17.980597671752495,0.8823213095876213,1.043506261029046,23,47.82608695652174,1.403030762453622,2017.6464261917524,0.7817651161631519,0.618,0.5,2.5,600,BRUSDT
17.980597671752495,0.8823213095876213,1.043506261029046,23,47.82608695652174,1.403030762453622,2017.6464261917524,0.7817651161631519,0.618,0.618,2.5,300,BRUSDT
17.980597671752495,0.8823213095876213,1.043506261029046,23,47.82608695652174,1.403030762453622,2017.6464261917524,0.7817651161631519,0.618,0.618,2.5,600,BRUSDT
17.980597671752495,0.8823213095876213,1.043506261029046,23,47.82608695652174,1.403030762453622,2017.6464261917524,0.7817651161631519,0.786,0.5,2.5,600,BRUSDT
17.980597671752495,0.8823213095876213,1.043506261029046,23,47.82608695652174,1.403030762453622,2017.6464261917524,0.7817651161631519,0.786,0.5,2.5,300,BRUSDT
17.980597671752495,0.8823213095876213,1.043506261029046,23,47.82608695652174,1.403030762453622,2017.6464261917524,0.7817651161631519,0.786,0.618,2.5,300,BRUSDT
17.980597671752495,0.8823213095876213,1.043506261029046,23,47.82608695652174,1.403030762453622,2017.6464261917524,0.7817651161631519,0.786,0.618,2.5,600,BRUSDT
17.71205775675248,0.868713537557619,1.043506261029046,24,45.83333333333333,1.394636088770696,2017.3742707511524,0.7380024065313533,0.786,0.382,2.5,300,BRUSDT
17.71205775675248,0.868713537557619,1.043506261029046,24,45.83333333333333,1.394636088770696,2017.3742707511524,0.7380024065313533,0.786,0.382,2.5,600,BRUSDT
17.588941214252475,0.8624748305726256,1.043506261029046,24,45.83333333333333,1.3908209055525762,2017.2494966114525,0.7328725505938531,0.618,0.382,2.5,300,BRUSDT
17.588941214252475,0.8624748305726256,1.043506261029046,24,45.83333333333333,1.3908209055525762,2017.2494966114525,0.7328725505938531,0.618,0.382,2.5,600,BRUSDT
17.403193956752467,0.8530624259576257,1.043506261029046,24,45.83333333333333,1.3851042377292517,2017.0612485191525,0.7251330815313528,0.5,0.382,2.5,600,BRUSDT
17.403193956752467,0.8530624259576257,1.043506261029046,24,45.83333333333333,1.3851042377292517,2017.0612485191525,0.7251330815313528,0.5,0.382,2.5,300,BRUSDT
17.32315617810977,0.8335389651054811,2.1317467177268634,26,42.30769230769231,1.203786647716858,2016.6707793021096,0.6662752376196065,0.5,0.5,1.5,900,BRUSDT
16.8645223607524,0.8258009695576105,1.043506261029046,24,45.83333333333333,1.3707071829999347,2016.5160193911522,0.7026884316980166,0.5,0.618,2.5,900,BRUSDT
16.8645223607524,0.8258009695576105,1.043506261029046,24,45.83333333333333,1.3707071829999347,2016.5160193911522,0.7026884316980166,0.618,0.618,2.5,900,BRUSDT
16.847876050752397,0.8249501633776163,1.043506261029046,24,45.83333333333333,1.37020581023546,2016.4990032675523,0.7019948354480166,0.786,0.618,2.5,900,BRUSDT
16.579738170609733,0.7958676089904884,2.1682382827653526,27,40.74074074074074,1.1933502717173585,2015.9173521798098,0.6140643766892494,0.5,0.382,1.5,900,BRUSDT
15.55951762458383,0.7556655527692328,1.322826133960079,25,44.0,1.2512579430426332,2015.1133110553847,0.6223807049833532,0.786,0.5,2.0,900,BRUSDT
15.37064528374274,0.745848917487183,1.3333830666838888,25,44.0,1.2474532789212867,2014.9169783497437,0.6148258113497096,0.618,0.5,2.0,900,BRUSDT
15.275963497083815,0.7412969628142264,1.3368313512369343,26,42.30769230769231,1.245554692548334,2014.8259392562845,0.5875370575801467,0.786,0.382,2.0,900,BRUSDT
14.94681551374272,0.7243721143471816,1.354316734867748,26,42.30769230769231,1.2389992522158637,2014.4874422869436,0.5748775197593354,0.618,0.382,2.0,900,BRUSDT
6.48579188453844,0.3061734423469261,1.3609623718432082,25,44.0,1.116083938443304,2006.1234688469385,0.2594316753815376,0.786,0.5,2.5,900,BRUSDT
6.334856896139385,0.29833056884695,1.3692594593730794,25,44.0,1.1130770019176113,2005.966611376939,0.2533942758455754,0.618,0.5,2.5,900,BRUSDT
6.217251969538427,0.2925656703169239,1.3742580032847986,26,42.30769230769231,1.1107452761787042,2005.8513134063385,0.23912507575147798,0.786,0.382,2.5,900,BRUSDT
5.943200438639366,0.2784840898319544,1.3886506918110502,26,42.30769230769231,1.1053494422967665,2005.569681796639,0.22858463225536022,0.618,0.382,2.5,900,BRUSDT
4.171275198645053,0.18364470393228202,1.8865388707927342,26,42.30769230769231,1.0568954719467532,2003.6728940786456,0.1604336614863482,0.5,0.5,2.0,900,BRUSDT
3.521374286145022,0.1507121566072783,1.918638574536195,27,40.74074074074074,1.0476089051008448,2003.0142431321456,0.13042126985722305,0.5,0.382,2.0,900,BRUSDT
-4.60686380829968,-0.25050919051499254,1.9109930255843781,26,42.30769230769231,0.931204105394795,1994.9898161897002,-0.1771870695499877,0.5,0.5,2.5,900,BRUSDT
-5.184267523299708,-0.2797680741449881,1.9395807570865793,27,40.74074074074074,0.9232433748772485,1994.4046385171002,-0.19200990827035955,0.5,0.382,2.5,900,BRUSDT
10.979182539999952,0.48715580323997754,0.7758609394867346,28,50.0,1.3308778413108815,2009.7431160647996,0.3921136621428554,0.786,0.618,1.5,900,COMPUSDT
9.458439965999888,0.4114739850799765,0.8155233422361914,28,50.0,1.2725561208980205,2008.2294797015995,0.33780142735713886,0.786,0.382,1.5,900,COMPUSDT
9.458439965999888,0.4114739850799765,0.8155233422361914,28,50.0,1.2725561208980205,2008.2294797015995,0.33780142735713886,0.786,0.5,1.5,900,COMPUSDT
8.040437587999937,0.353862703100026,0.6187197738406266,28,50.0,1.3100874521234396,2007.0772540620005,0.28715848528571203,0.786,0.618,2.0,900,COMPUSDT
6.694766151999881,0.28684212728002195,0.6544030878817716,28,50.0,1.245452036121006,2005.7368425456004,0.23909879114285287,0.786,0.382,2.0,900,COMPUSDT
6.694766151999881,0.28684212728002195,0.6544030878817716,28,50.0,1.245452036121006,2005.7368425456004,0.23909879114285287,0.786,0.5,2.0,900,COMPUSDT
6.302910506499933,0.27563014474496866,0.5152411872180722,28,50.0,1.2957872583653929,2005.5126028948994,0.2251039466607119,0.786,0.618,2.5,900,COMPUSDT
5.311309898999742,0.1992237545699709,1.0149845395969552,29,44.827586206896555,1.138083154904716,2003.9844750913994,0.18314861720688766,0.5,0.618,1.5,900,COMPUSDT
5.311309898999742,0.1992237545699709,1.0149845395969552,29,44.827586206896555,1.138083154904716,2003.9844750913994,0.18314861720688766,0.618,0.618,1.5,900,COMPUSDT
5.097582471999884,0.21556662641997945,0.5475617517396146,28,50.0,1.2264157257046733,2004.3113325283996,0.1820565168571387,0.786,0.382,2.5,900,COMPUSDT
5.097582471999884,0.21556662641997945,0.5475617517396146,28,50.0,1.2264157257046733,2004.3113325283996,0.1820565168571387,0.786,0.5,2.5,900,COMPUSDT
4.775233094499589,0.18663567030495187,1.0351887183092183,24,41.66666666666667,1.1439104243242058,2003.732713406099,0.19896804560414952,0.786,0.618,1.5,600,COMPUSDT
4.775233094499589,0.18663567030495187,1.0351887183092183,24,41.66666666666667,1.1439104243242058,2003.732713406099,0.19896804560414952,0.786,0.618,1.5,300,COMPUSDT
4.027126792999593,0.14764569310995057,1.0657041094504884,24,41.66666666666667,1.1186889574120118,2002.952913862199,0.16779694970831638,0.5,0.618,1.5,300,COMPUSDT
4.027126792999593,0.14764569310995057,1.0657041094504884,24,41.66666666666667,1.1186889574120118,2002.952913862199,0.16779694970831638,0.5,0.618,1.5,600,COMPUSDT
4.027126792999593,0.14764569310995057,1.0657041094504884,24,41.66666666666667,1.1186889574120118,2002.952913862199,0.16779694970831638,0.618,0.618,1.5,300,COMPUSDT
4.027126792999593,0.14764569310995057,1.0657041094504884,24,41.66666666666667,1.1186889574120118,2002.952913862199,0.16779694970831638,0.618,0.618,1.5,600,COMPUSDT
3.8324159519997774,0.14015455160000556,0.7967788594000338,29,44.827586206896555,1.1283949415070638,2002.803091032,0.13215227420688888,0.5,0.618,2.0,900,COMPUSDT
3.8324159519997774,0.14015455160000556,0.7967788594000338,29,44.827586206896555,1.1283949415070638,2002.803091032,0.13215227420688888,0.618,0.618,2.0,900,COMPUSDT
3.3418349999996635,0.12622792980000666,0.815882346306848,24,41.66666666666667,1.128881182053252,2002.5245585960001,0.13924312499998598,0.786,0.618,2.0,300,COMPUSDT
3.3418349999996635,0.12622792980000666,0.815882346306848,24,41.66666666666667,1.128881182053252,2002.5245585960001,0.13924312499998598,0.786,0.618,2.0,600,COMPUSDT
3.254490520499524,0.11095385214495081,1.074862678492393,24,41.66666666666667,1.0937819888856226,2002.219077042899,0.13560377168748017,0.786,0.382,1.5,600,COMPUSDT
3.254490520499524,0.11095385214495081,1.074862678492393,24,41.66666666666667,1.0937819888856226,2002.219077042899,0.13560377168748017,0.786,0.382,1.5,300,COMPUSDT
3.254490520499524,0.11095385214495081,1.074862678492393,24,41.66666666666667,1.0937819888856226,2002.219077042899,0.13560377168748017,0.786,0.5,1.5,300,COMPUSDT
3.254490520499524,0.11095385214495081,1.074862678492393,24,41.66666666666667,1.0937819888856226,2002.219077042899,0.13560377168748017,0.786,0.5,1.5,600,COMPUSDT
2.970549642499806,0.10644132644497405,0.6565190979761018,29,44.827586206896555,1.121693377411521,2002.1288265288995,0.10243274629309676,0.5,0.618,2.5,900,COMPUSDT
2.970549642499806,0.10644132644497405,0.6565190979761018,29,44.827586206896555,1.121693377411521,2002.1288265288995,0.10243274629309676,0.618,0.618,2.5,900,COMPUSDT
2.8235256804996665,0.09922071022500632,0.8371316404236058,24,41.66666666666667,1.1067580698245547,2001.9844142045001,0.11764690335415277,0.5,0.618,2.0,300,COMPUSDT
2.8235256804996665,0.09922071022500632,0.8371316404236058,24,41.66666666666667,1.1067580698245547,2001.9844142045001,0.11764690335415277,0.5,0.618,2.0,600,COMPUSDT
2.8235256804996665,0.09922071022500632,0.8371316404236058,24,41.66666666666667,1.1067580698245547,2001.9844142045001,0.11764690335415277,0.618,0.618,2.0,300,COMPUSDT
2.8235256804996665,0.09922071022500632,0.8371316404236058,24,41.66666666666667,1.1067580698245547,2001.9844142045001,0.11764690335415277,0.618,0.618,2.0,600,COMPUSDT
2.5215676349997156,0.09241830294996589,0.6742822214617787,24,41.66666666666667,1.118333835895387,2001.8483660589993,0.10506531812498815,0.786,0.618,2.5,300,COMPUSDT
2.5215676349997156,0.09241830294996589,0.6742822214617787,24,41.66666666666667,1.118333835895387,2001.8483660589993,0.10506531812498815,0.786,0.618,2.5,600,COMPUSDT
2.1411649004997173,0.07259972072497475,0.689926885216773,24,41.66666666666667,1.0987197140697667,2001.4519944144995,0.08921520418748823,0.5,0.618,2.5,300,COMPUSDT
2.1411649004997173,0.07259972072497475,0.689926885216773,24,41.66666666666667,1.0987197140697667,2001.4519944144995,0.08921520418748823,0.5,0.618,2.5,600,COMPUSDT
2.1411649004997173,0.07259972072497475,0.689926885216773,24,41.66666666666667,1.0987197140697667,2001.4519944144995,0.08921520418748823,0.618,0.618,2.5,300,COMPUSDT
2.1411649004997173,0.07259972072497475,0.689926885216773,24,41.66666666666667,1.0987197140697667,2001.4519944144995,0.08921520418748823,0.618,0.618,2.5,600,COMPUSDT
1.9961635639996074,0.05920735398000261,0.8515734740629437,24,41.66666666666667,1.0731858888107548,2001.1841470796,0.08317348183331698,0.786,0.382,2.0,300,COMPUSDT
1.9961635639996074,0.05920735398000261,0.8515734740629437,24,41.66666666666667,1.0731858888107548,2001.1841470796,0.08317348183331698,0.786,0.382,2.0,600,COMPUSDT
1.9961635639996074,0.05920735398000261,0.8515734740629437,24,41.66666666666667,1.0731858888107548,2001.1841470796,0.08317348183331698,0.786,0.5,2.0,600,COMPUSDT
1.9961635639996074,0.05920735398000261,0.8515734740629437,24,41.66666666666667,1.0731858888107548,2001.1841470796,0.08317348183331698,0.786,0.5,2.0,300,COMPUSDT
1.8456020694994777,0.025035771054967883,1.108028054220713,29,44.827586206896555,1.0440159697263336,2000.5007154210994,0.06364145067239578,0.618,0.382,1.5,900,COMPUSDT
1.8456020694994777,0.025035771054967883,1.108028054220713,29,44.827586206896555,1.0440159697263336,2000.5007154210994,0.06364145067239578,0.618,0.5,1.5,900,COMPUSDT
1.3179111919994906,0.012188649019958574,1.1381983911135454,24,41.66666666666667,1.0359698753902473,2000.2437729803992,0.05491296633331211,0.5,0.382,1.5,600,COMPUSDT
1.3179111919994906,0.012188649019958574,1.1381983911135454,24,41.66666666666667,1.0359698753902473,2000.2437729803992,0.05491296633331211,0.5,0.382,1.5,300,COMPUSDT
1.3179111919994906,0.012188649019958574,1.1381983911135454,24,41.66666666666667,1.0359698753902473,2000.2437729803992,0.05491296633331211,0.5,0.5,1.5,300,COMPUSDT
1.3179111919994906,0.012188649019958574,1.1381983911135454,24,41.66666666666667,1.0359698753902473,2000.2437729803992,0.05491296633331211,0.5,0.5,1.5,600,COMPUSDT
1.3162396004996653,0.03235478462497667,0.7066084560530466,24,41.66666666666667,1.05846248608734,2000.6470956924995,0.05484331668748605,0.786,0.382,2.5,300,COMPUSDT
1.3162396004996653,0.03235478462497667,0.7066084560530466,24,41.66666666666667,1.05846248608734,2000.6470956924995,0.05484331668748605,0.786,0.382,2.5,600,COMPUSDT
1.3162396004996653,0.03235478462497667,0.7066084560530466,24,41.66666666666667,1.05846248608734,2000.6470956924995,0.05484331668748605,0.786,0.5,2.5,300,COMPUSDT
1.3162396004996653,0.03235478462497667,0.7066084560530466,24,41.66666666666667,1.05846248608734,2000.6470956924995,0.05484331668748605,0.786,0.5,2.5,600,COMPUSDT
1.1987533869995775,0.007902574569993702,0.8668747780790017,29,44.827586206896555,1.0369048017680156,2000.1580514913999,0.0413363236896406,0.618,0.382,2.0,900,COMPUSDT
1.1987533869995775,0.007902574569993702,0.8668747780790017,29,44.827586206896555,1.0369048017680156,2000.1580514913999,0.0413363236896406,0.618,0.5,2.0,900,COMPUSDT
0.8518395769996432,0.0001152167899590495,0.7124850542200987,29,44.827586206896555,1.032109959426424,2000.0023043357992,0.029373778517229075,0.618,0.382,2.5,900,COMPUSDT
0.8518395769996432,0.0001152167899590495,0.7124850542200987,29,44.827586206896555,1.032109959426424,2000.0023043357992,0.029373778517229075,0.618,0.5,2.5,900,COMPUSDT
0.6407136429995841,-0.00991636635000077,0.8963152011092299,24,41.66666666666667,1.0223785516538368,1999.801672673,0.026696401791649338,0.5,0.382,2.0,300,COMPUSDT
0.6407136429995841,-0.00991636635000077,0.8963152011092299,24,41.66666666666667,1.0223785516538368,1999.801672673,0.026696401791649338,0.5,0.382,2.0,600,COMPUSDT
0.6407136429995841,-0.00991636635000077,0.8963152011092299,24,41.66666666666667,1.0223785516538368,1999.801672673,0.026696401791649338,0.5,0.5,2.0,600,COMPUSDT
0.6407136429995841,-0.00991636635000077,0.8963152011092299,24,41.66666666666667,1.0223785516538368,1999.801672673,0.026696401791649338,0.5,0.5,2.0,300,COMPUSDT
0.3129092529996483,-0.018809861090039705,0.739935834076153,24,41.66666666666667,1.0133053280968498,1999.6238027781992,0.013037885541652012,0.5,0.382,2.5,600,COMPUSDT
0.3129092529996483,-0.018809861090039705,0.739935834076153,24,41.66666666666667,1.0133053280968498,1999.6238027781992,0.013037885541652012,0.5,0.382,2.5,300,COMPUSDT
0.3129092529996483,-0.018809861090039705,0.739935834076153,24,41.66666666666667,1.0133053280968498,1999.6238027781992,0.013037885541652012,0.5,0.5,2.5,300,COMPUSDT
0.3129092529996483,-0.018809861090039705,0.739935834076153,24,41.66666666666667,1.0133053280968498,1999.6238027781992,0.013037885541652012,0.5,0.5,2.5,600,COMPUSDT
-1.1285363610001498,-0.09850522901002706,0.7735589803037624,29,44.827586206896555,0.9604150161345367,1998.0298954197995,-0.03891504693103965,0.5,0.382,2.5,900,COMPUSDT
-1.1285363610001498,-0.09850522901002706,0.7735589803037624,29,44.827586206896555,0.9604150161345367,1998.0298954197995,-0.03891504693103965,0.5,0.5,2.5,900,COMPUSDT
-1.1824830390001717,-0.12545458305003196,1.1987763516434509,29,44.827586206896555,0.9736982660327153,1997.4909083389994,-0.04077527720690247,0.5,0.382,1.5,900,COMPUSDT
-1.1824830390001717,-0.12545458305003196,1.1987763516434509,29,44.827586206896555,0.9736982660327153,1997.4909083389994,-0.04077527720690247,0.5,0.5,1.5,900,COMPUSDT
-1.188774118500163,-0.11089574674498408,0.9396260750020973,29,44.827586206896555,0.9659082450210341,1997.7820850651003,-0.04099221098276424,0.5,0.382,2.0,900,COMPUSDT
-1.188774118500163,-0.11089574674498408,0.9396260750020973,29,44.827586206896555,0.9659082450210341,1997.7820850651003,-0.04099221098276424,0.5,0.5,2.0,900,COMPUSDT
-2.6983281695003627,-0.17435362011503913,0.8715606914014499,26,38.46153846153847,0.8982869423054874,1996.5129275976992,-0.10378185267309087,0.618,0.382,2.5,600,COMPUSDT
-2.6983281695003627,-0.17435362011503913,0.8715606914014499,26,38.46153846153847,0.8982869423054874,1996.5129275976992,-0.10378185267309087,0.618,0.382,2.5,300,COMPUSDT
-2.6983281695003627,-0.17435362011503913,0.8715606914014499,26,38.46153846153847,0.8982869423054874,1996.5129275976992,-0.10378185267309087,0.618,0.5,2.5,300,COMPUSDT
-2.6983281695003627,-0.17435362011503913,0.8715606914014499,26,38.46153846153847,0.8982869423054874,1996.5129275976992,-0.10378185267309087,0.618,0.5,2.5,600,COMPUSDT
-3.2108991385004297,-0.20880415528500862,1.0640916900178534,26,38.46153846153847,0.9011493127038882,1995.8239168942998,-0.123496120711555,0.618,0.382,2.0,300,COMPUSDT
-3.2108991385004297,-0.20880415528500862,1.0640916900178534,26,38.46153846153847,0.9011493127038882,1995.8239168942998,-0.123496120711555,0.618,0.382,2.0,600,COMPUSDT
-3.2108991385004297,-0.20880415528500862,1.0640916900178534,26,38.46153846153847,0.9011493127038882,1995.8239168942998,-0.123496120711555,0.618,0.5,2.0,300,COMPUSDT
-3.2108991385004297,-0.20880415528500862,1.0640916900178534,26,38.46153846153847,0.9011493127038882,1995.8239168942998,-0.123496120711555,0.618,0.5,2.0,600,COMPUSDT
-3.9730680635005315,-0.26091316217504074,1.367452624945492,26,38.46153846153847,0.905245856355629,1994.7817367564992,-0.15281031013463584,0.618,0.382,1.5,300,COMPUSDT
-3.9730680635005315,-0.26091316217504074,1.367452624945492,26,38.46153846153847,0.905245856355629,1994.7817367564992,-0.15281031013463584,0.618,0.382,1.5,600,COMPUSDT
-3.9730680635005315,-0.26091316217504074,1.367452624945492,26,38.46153846153847,0.905245856355629,1994.7817367564992,-0.15281031013463584,0.618,0.5,1.5,300,COMPUSDT
-3.9730680635005315,-0.26091316217504074,1.367452624945492,26,38.46153846153847,0.905245856355629,1994.7817367564992,-0.15281031013463584,0.618,0.5,1.5,600,COMPUSDT
